  0
SECTION
  2
HEADER
  9
$ACADVER
  1
AC1032
  9
$ACADMAINTVER
 90
4
  9
$DWGCODEPAGE
  3
ANSI_1252
  9
$LASTSAVEDBY
  1
ezdxf
  9
$REQUIREDVERSIONS
160
0
  9
$INSBASE
 10
0.0
 20
0.0
 30
0.0
  9
$EXTMIN
 10
1e+20
 20
1e+20
 30
1e+20
  9
$EXTMAX
 10
-1e+20
 20
-1e+20
 30
-1e+20
  9
$LIMMIN
 10
0.0
 20
0.0
  9
$LIMMAX
 10
420.0
 20
297.0
  9
$ORTHOMODE
 70
0
  9
$REGENMODE
 70
1
  9
$FILLMODE
 70
1
  9
$QTEXTMODE
 70
0
  9
$MIRRTEXT
 70
1
  9
$LTSCALE
 40
1.0
  9
$ATTMODE
 70
1
  9
$TEXTSIZE
 40
2.5
  9
$TRACEWID
 40
1.0
  9
$TEXTSTYLE
  7
Standard
  9
$CLAYER
  8
0
  9
$CELTYPE
  6
ByLayer
  9
$CECOLOR
 62
256
  9
$CELTSCALE
 40
1.0
  9
$DISPSILH
 70
0
  9
$DIMSCALE
 40
1.0
  9
$DIMASZ
 40
2.5
  9
$DIMEXO
 40
0.625
  9
$DIMDLI
 40
3.75
  9
$DIMRND
 40
0.0
  9
$DIMDLE
 40
0.0
  9
$DIMEXE
 40
1.25
  9
$DIMTP
 40
0.0
  9
$DIMTM
 40
0.0
  9
$DIMTXT
 40
2.5
  9
$DIMCEN
 40
2.5
  9
$DIMTSZ
 40
0.0
  9
$DIMTOL
 70
0
  9
$DIMLIM
 70
0
  9
$DIMTIH
 70
0
  9
$DIMTOH
 70
0
  9
$DIMSE1
 70
0
  9
$DIMSE2
 70
0
  9
$DIMTAD
 70
1
  9
$DIMZIN
 70
8
  9
$DIMBLK
  1

  9
$DIMASO
 70
1
  9
$DIMSHO
 70
1
  9
$DIMPOST
  1

  9
$DIMAPOST
  1

  9
$DIMALT
 70
0
  9
$DIMALTD
 70
3
  9
$DIMALTF
 40
0.03937007874
  9
$DIMLFAC
 40
1.0
  9
$DIMTOFL
 70
1
  9
$DIMTVP
 40
0.0
  9
$DIMTIX
 70
0
  9
$DIMSOXD
 70
0
  9
$DIMSAH
 70
0
  9
$DIMBLK1
  1

  9
$DIMBLK2
  1

  9
$DIMSTYLE
  2
ISO-25
  9
$DIMCLRD
 70
0
  9
$DIMCLRE
 70
0
  9
$DIMCLRT
 70
0
  9
$DIMTFAC
 40
1.0
  9
$DIMGAP
 40
0.625
  9
$DIMJUST
 70
0
  9
$DIMSD1
 70
0
  9
$DIMSD2
 70
0
  9
$DIMTOLJ
 70
0
  9
$DIMTZIN
 70
8
  9
$DIMALTZ
 70
0
  9
$DIMALTTZ
 70
0
  9
$DIMUPT
 70
0
  9
$DIMDEC
 70
2
  9
$DIMTDEC
 70
2
  9
$DIMALTU
 70
2
  9
$DIMALTTD
 70
3
  9
$DIMTXSTY
  7
Standard
  9
$DIMAUNIT
 70
0
  9
$DIMADEC
 70
0
  9
$DIMALTRND
 40
0.0
  9
$DIMAZIN
 70
0
  9
$DIMDSEP
 70
44
  9
$DIMATFIT
 70
3
  9
$DIMFRAC
 70
0
  9
$DIMLDRBLK
  1

  9
$DIMLUNIT
 70
2
  9
$DIMLWD
 70
-2
  9
$DIMLWE
 70
-2
  9
$DIMTMOVE
 70
0
  9
$DIMFXL
 40
1.0
  9
$DIMFXLON
 70
0
  9
$DIMJOGANG
 40
0.785398163397
  9
$DIMTFILL
 70
0
  9
$DIMTFILLCLR
 70
0
  9
$DIMARCSYM
 70
0
  9
$DIMLTYPE
  6

  9
$DIMLTEX1
  6

  9
$DIMLTEX2
  6

  9
$DIMTXTDIRECTION
 70
0
  9
$LUNITS
 70
2
  9
$LUPREC
 70
4
  9
$SKETCHINC
 40
1.0
  9
$FILLETRAD
 40
10.0
  9
$AUNITS
 70
0
  9
$AUPREC
 70
2
  9
$MENU
  1
.
  9
$ELEVATION
 40
0.0
  9
$PELEVATION
 40
0.0
  9
$THICKNESS
 40
0.0
  9
$LIMCHECK
 70
0
  9
$CHAMFERA
 40
0.0
  9
$CHAMFERB
 40
0.0
  9
$CHAMFERC
 40
0.0
  9
$CHAMFERD
 40
0.0
  9
$SKPOLY
 70
0
  9
$TDCREATE
 40
2461321.129398148
  9
$TDUCREATE
 40
2458532.153996898
  9
$TDUPDATE
 40
2461321.129421296
  9
$TDUUPDATE
 40
2458532.1544311
  9
$TDINDWG
 40
0.0
  9
$TDUSRTIMER
 40
0.0
  9
$USRTIMER
 70
1
  9
$ANGBASE
 50
0.0
  9
$ANGDIR
 70
0
  9
$PDMODE
 70
0
  9
$PDSIZE
 40
0.0
  9
$PLINEWID
 40
0.0
  9
$SPLFRAME
 70
0
  9
$SPLINETYPE
 70
6
  9
$SPLINESEGS
 70
8
  9
$HANDSEED
  5
829
  9
$SURFTAB1
 70
6
  9
$SURFTAB2
 70
6
  9
$SURFTYPE
 70
6
  9
$SURFU
 70
6
  9
$SURFV
 70
6
  9
$UCSBASE
  2

  9
$UCSNAME
  2

  9
$UCSORG
 10
0.0
 20
0.0
 30
0.0
  9
$UCSXDIR
 10
1.0
 20
0.0
 30
0.0
  9
$UCSYDIR
 10
0.0
 20
1.0
 30
0.0
  9
$UCSORTHOREF
  2

  9
$UCSORTHOVIEW
 70
0
  9
$UCSORGTOP
 10
0.0
 20
0.0
 30
0.0
  9
$UCSORGBOTTOM
 10
0.0
 20
0.0
 30
0.0
  9
$UCSORGLEFT
 10
0.0
 20
0.0
 30
0.0
  9
$UCSORGRIGHT
 10
0.0
 20
0.0
 30
0.0
  9
$UCSORGFRONT
 10
0.0
 20
0.0
 30
0.0
  9
$UCSORGBACK
 10
0.0
 20
0.0
 30
0.0
  9
$PUCSBASE
  2

  9
$PUCSNAME
  2

  9
$PUCSORG
 10
0.0
 20
0.0
 30
0.0
  9
$PUCSXDIR
 10
1.0
 20
0.0
 30
0.0
  9
$PUCSYDIR
 10
0.0
 20
1.0
 30
0.0
  9
$PUCSORTHOREF
  2

  9
$PUCSORTHOVIEW
 70
0
  9
$PUCSORGTOP
 10
0.0
 20
0.0
 30
0.0
  9
$PUCSORGBOTTOM
 10
0.0
 20
0.0
 30
0.0
  9
$PUCSORGLEFT
 10
0.0
 20
0.0
 30
0.0
  9
$PUCSORGRIGHT
 10
0.0
 20
0.0
 30
0.0
  9
$PUCSORGFRONT
 10
0.0
 20
0.0
 30
0.0
  9
$PUCSORGBACK
 10
0.0
 20
0.0
 30
0.0
  9
$USERI1
 70
0
  9
$USERI2
 70
0
  9
$USERI3
 70
0
  9
$USERI4
 70
0
  9
$USERI5
 70
0
  9
$USERR1
 40
0.0
  9
$USERR2
 40
0.0
  9
$USERR3
 40
0.0
  9
$USERR4
 40
0.0
  9
$USERR5
 40
0.0
  9
$WORLDVIEW
 70
1
  9
$SHADEDGE
 70
3
  9
$SHADEDIF
 70
70
  9
$TILEMODE
 70
1
  9
$MAXACTVP
 70
64
  9
$PINSBASE
 10
0.0
 20
0.0
 30
0.0
  9
$PLIMCHECK
 70
0
  9
$PEXTMIN
 10
1e+20
 20
1e+20
 30
1e+20
  9
$PEXTMAX
 10
-1e+20
 20
-1e+20
 30
-1e+20
  9
$PLIMMIN
 10
0.0
 20
0.0
  9
$PLIMMAX
 10
420.0
 20
297.0
  9
$UNITMODE
 70
0
  9
$VISRETAIN
 70
1
  9
$PLINEGEN
 70
0
  9
$PSLTSCALE
 70
1
  9
$TREEDEPTH
 70
3020
  9
$CMLSTYLE
  2
Standard
  9
$CMLJUST
 70
0
  9
$CMLSCALE
 40
20.0
  9
$PROXYGRAPHICS
 70
1
  9
$MEASUREMENT
 70
1
  9
$CELWEIGHT
370
-1
  9
$ENDCAPS
280
0
  9
$JOINSTYLE
280
0
  9
$LWDISPLAY
290
0
  9
$INSUNITS
 70
6
  9
$HYPERLINKBASE
  1

  9
$STYLESHEET
  1

  9
$XEDIT
290
1
  9
$CEPSNTYPE
380
0
  9
$PSTYLEMODE
290
1
  9
$FINGERPRINTGUID
  2
{FF8AB616-4048-4B15-AA7E-E914468964E1}
  9
$VERSIONGUID
  2
{80FF56E6-6874-4CB8-A5C3-F196C78F5A15}
  9
$EXTNAMES
290
1
  9
$PSVPSCALE
 40
0.0
  9
$OLESTARTUP
290
0
  9
$SORTENTS
280
127
  9
$INDEXCTL
280
0
  9
$HIDETEXT
280
1
  9
$XCLIPFRAME
280
1
  9
$HALOGAP
280
0
  9
$OBSCOLOR
 70
257
  9
$OBSLTYPE
280
0
  9
$INTERSECTIONDISPLAY
280
0
  9
$INTERSECTIONCOLOR
 70
257
  9
$DIMASSOC
280
2
  9
$PROJECTNAME
  1

  9
$CAMERADISPLAY
290
0
  9
$LENSLENGTH
 40
50.0
  9
$CAMERAHEIGHT
 40
0.0
  9
$STEPSPERSEC
 40
24.0
  9
$STEPSIZE
 40
100.0
  9
$3DDWFPREC
 40
2.0
  9
$PSOLWIDTH
 40
0.005
  9
$PSOLHEIGHT
 40
0.08
  9
$LOFTANG1
 40
1.570796326795
  9
$LOFTANG2
 40
1.570796326795
  9
$LOFTMAG1
 40
0.0
  9
$LOFTMAG2
 40
0.0
  9
$LOFTPARAM
 70
7
  9
$LOFTNORMALS
280
1
  9
$LATITUDE
 40
37.795
  9
$LONGITUDE
 40
-122.394
  9
$NORTHDIRECTION
 40
0.0
  9
$TIMEZONE
 70
-8000
  9
$LIGHTGLYPHDISPLAY
280
1
  9
$TILEMODELIGHTSYNCH
280
1
  9
$CMATERIAL
347
20
  9
$SOLIDHIST
280
0
  9
$SHOWHIST
280
1
  9
$DWFFRAME
280
2
  9
$DGNFRAME
280
2
  9
$REALWORLDSCALE
290
1
  9
$INTERFERECOLOR
 62
256
  9
$CSHADOW
280
0
  9
$SHADOWPLANELOCATION
 40
0.0
  0
ENDSEC
  0
SECTION
  2
CLASSES
  0
CLASS
  1
ACDBDICTIONARYWDFLT
  2
AcDbDictionaryWithDefault
  3
ObjectDBX Classes
 90
0
 91
0
280
0
281
0
  0
CLASS
  1
SUN
  2
AcDbSun
  3
SCENEOE
 90
1153
 91
0
280
0
281
0
  0
CLASS
  1
VISUALSTYLE
  2
AcDbVisualStyle
  3
ObjectDBX Classes
 90
4095
 91
0
280
0
281
0
  0
CLASS
  1
MATERIAL
  2
AcDbMaterial
  3
ObjectDBX Classes
 90
1153
 91
0
280
0
281
0
  0
CLASS
  1
SCALE
  2
AcDbScale
  3
ObjectDBX Classes
 90
1153
 91
0
280
0
281
0
  0
CLASS
  1
TABLESTYLE
  2
AcDbTableStyle
  3
ObjectDBX Classes
 90
4095
 91
0
280
0
281
0
  0
CLASS
  1
MLEADERSTYLE
  2
AcDbMLeaderStyle
  3
ACDB_MLEADERSTYLE_CLASS
 90
4095
 91
0
280
0
281
0
  0
CLASS
  1
DICTIONARYVAR
  2
AcDbDictionaryVar
  3
ObjectDBX Classes
 90
0
 91
0
280
0
281
0
  0
CLASS
  1
CELLSTYLEMAP
  2
AcDbCellStyleMap
  3
ObjectDBX Classes
 90
1152
 91
0
280
0
281
0
  0
CLASS
  1
MENTALRAYRENDERSETTINGS
  2
AcDbMentalRayRenderSettings
  3
SCENEOE
 90
1024
 91
0
280
0
281
0
  0
CLASS
  1
ACDBDETAILVIEWSTYLE
  2
AcDbDetailViewStyle
  3
ObjectDBX Classes
 90
1025
 91
0
280
0
281
0
  0
CLASS
  1
ACDBSECTIONVIEWSTYLE
  2
AcDbSectionViewStyle
  3
ObjectDBX Classes
 90
1025
 91
0
280
0
281
0
  0
CLASS
  1
RASTERVARIABLES
  2
AcDbRasterVariables
  3
ISM
 90
0
 91
0
280
0
281
0
  0
CLASS
  1
ACDBPLACEHOLDER
  2
AcDbPlaceHolder
  3
ObjectDBX Classes
 90
0
 91
0
280
0
281
0
  0
CLASS
  1
LAYOUT
  2
AcDbLayout
  3
ObjectDBX Classes
 90
0
 91
0
280
0
281
0
  0
ENDSEC
  0
SECTION
  2
TABLES
  0
TABLE
  2
VPORT
  5
8
330
0
100
AcDbSymbolTable
 70
1
  0
VPORT
  5
23
330
8
100
AcDbSymbolTableRecord
100
AcDbViewportTableRecord
  2
*Active
 70
0
 10
0.0
 20
0.0
 11
1.0
 21
1.0
 12
0.0
 22
0.0
 13
0.0
 23
0.0
 14
0.5
 24
0.5
 15
0.5
 25
0.5
 16
0.0
 26
0.0
 36
1.0
 17
0.0
 27
0.0
 37
0.0
 40
1000.0
 41
1.34
 42
50.0
 43
0.0
 44
0.0
 50
0.0
 51
0.0
 71
0
 72
1000
 73
1
 74
3
 75
0
 76
0
 77
0
 78
0
281
0
 65
0
146
0.0
  0
ENDTAB
  0
TABLE
  2
LTYPE
  5
2
330
0
100
AcDbSymbolTable
 70
3
  0
LTYPE
  5
24
330
2
100
AcDbSymbolTableRecord
100
AcDbLinetypeTableRecord
  2
ByBlock
 70
0
  3

 72
65
 73
0
 40
0.0
  0
LTYPE
  5
25
330
2
100
AcDbSymbolTableRecord
100
AcDbLinetypeTableRecord
  2
ByLayer
 70
0
  3

 72
65
 73
0
 40
0.0
  0
LTYPE
  5
26
330
2
100
AcDbSymbolTableRecord
100
AcDbLinetypeTableRecord
  2
Continuous
 70
0
  3

 72
65
 73
0
 40
0.0
  0
ENDTAB
  0
TABLE
  2
LAYER
  5
1
330
0
100
AcDbSymbolTable
 70
26
  0
LAYER
  5
27
330
1
100
AcDbSymbolTableRecord
100
AcDbLayerTableRecord
  2
0
 70
0
 62
7
  6
Continuous
370
-3
390
13
347
21
  0
LAYER
  5
28
330
1
100
AcDbSymbolTableRecord
100
AcDbLayerTableRecord
  2
Defpoints
 70
0
 62
7
  6
Continuous
290
0
370
-3
390
13
347
21
  0
LAYER
  5
2F
330
1
100
AcDbSymbolTableRecord
100
AcDbLayerTableRecord
  2
LUMINOTÉCNICO
 70
0
 62
5
  6
Continuous
370
-3
390
13
347
21
  0
LAYER
  5
30
330
1
100
AcDbSymbolTableRecord
100
AcDbLayerTableRecord
  2
ARQUITETÔNICO
 70
0
 62
6
  6
Continuous
370
-3
390
13
347
21
  0
LAYER
  5
31
330
1
100
AcDbSymbolTableRecord
100
AcDbLayerTableRecord
  2
TEXTO - PLANTA
 70
0
 62
7
  6
Continuous
370
-3
390
13
347
21
  0
LAYER
  5
32
330
1
100
AcDbSymbolTableRecord
100
AcDbLayerTableRecord
  2
MOTORES
 70
0
 62
3
  6
Continuous
370
-3
390
13
347
21
  0
LAYER
  5
33
330
1
100
AcDbSymbolTableRecord
100
AcDbLayerTableRecord
  2
RUA
 70
0
 62
252
  6
Continuous
370
-3
390
13
347
21
  0
LAYER
  5
34
330
1
100
AcDbSymbolTableRecord
100
AcDbLayerTableRecord
  2
QUADROS
 70
0
 62
7
  6
Continuous
370
-3
390
13
347
21
  0
LAYER
  5
35
330
1
100
AcDbSymbolTableRecord
100
AcDbLayerTableRecord
  2
INFR - LEITOS
 70
0
 62
7
  6
Continuous
370
-3
390
13
347
21
  0
LAYER
  5
36
330
1
100
AcDbSymbolTableRecord
100
AcDbLayerTableRecord
  2
INFR-ELETRODUTO_RÍGIDO
 70
0
 62
7
  6
Continuous
370
-3
390
13
347
21
  0
LAYER
  5
37
330
1
100
AcDbSymbolTableRecord
100
AcDbLayerTableRecord
  2
INFR-ELETROCALHA
 70
0
 62
7
  6
Continuous
370
-3
390
13
347
21
  0
LAYER
  5
38
330
1
100
AcDbSymbolTableRecord
100
AcDbLayerTableRecord
  2
CONDUTORES
 70
0
 62
1
  6
Continuous
370
-3
390
13
347
21
  0
LAYER
  5
39
330
1
100
AcDbSymbolTableRecord
100
AcDbLayerTableRecord
  2
LEGENDA - DESENHO
 70
0
 62
2
  6
Continuous
370
-3
390
13
347
21
  0
LAYER
  5
3A
330
1
100
AcDbSymbolTableRecord
100
AcDbLayerTableRecord
  2
UNIFILAR - TEXTO
 70
0
 62
4
  6
Continuous
370
-3
390
13
347
21
  0
LAYER
  5
3B
330
1
100
AcDbSymbolTableRecord
100
AcDbLayerTableRecord
  2
UNIFILAR - DESENHO
 70
0
 62
2
  6
Continuous
370
-3
390
13
347
21
  0
LAYER
  5
3C
330
1
100
AcDbSymbolTableRecord
100
AcDbLayerTableRecord
  2
LEGENDA - TEXTO
 70
0
 62
4
  6
Continuous
370
-3
390
13
347
21
  0
LAYER
  5
3D
330
1
100
AcDbSymbolTableRecord
100
AcDbLayerTableRecord
  2
SUBESTAÇÃO
 70
0
 62
7
  6
Continuous
370
-3
390
13
347
21
  0
LAYER
  5
3E
330
1
100
AcDbSymbolTableRecord
100
AcDbLayerTableRecord
  2
TUE - BANCADAS
 70
0
 62
20
  6
Continuous
370
-3
390
13
347
21
  0
LAYER
  5
3F
330
1
100
AcDbSymbolTableRecord
100
AcDbLayerTableRecord
  2
Texto
 70
0
 62
7
  6
Continuous
370
-3
390
13
347
21
  0
LAYER
  5
40
330
1
100
AcDbSymbolTableRecord
100
AcDbLayerTableRecord
  2
Diagrama unifilar
 70
0
 62
7
  6
Continuous
370
-3
390
13
347
21
  0
LAYER
  5
41
330
1
100
AcDbSymbolTableRecord
100
AcDbLayerTableRecord
  2
Grades
 70
0
 62
2
  6
Continuous
370
-3
390
13
347
21
  0
LAYER
  5
42
330
1
100
AcDbSymbolTableRecord
100
AcDbLayerTableRecord
  2
TOMADAS
 70
0
 62
2
  6
Continuous
370
-3
390
13
347
21
  0
LAYER
  5
43
330
1
100
AcDbSymbolTableRecord
100
AcDbLayerTableRecord
  2
INFR-PERFILADO
 70
0
 62
7
  6
Continuous
370
-3
390
13
347
21
  0
LAYER
  5
44
330
1
100
AcDbSymbolTableRecord
100
AcDbLayerTableRecord
  2
FIAÇÃO_FÁBRICA
 70
0
 62
1
  6
Continuous
370
-3
390
13
347
21
  0
LAYER
  5
45
330
1
100
AcDbSymbolTableRecord
100
AcDbLayerTableRecord
  2
INFR - ELETRODUTO_EMBUTIDO
 70
0
 62
4
  6
Continuous
370
-3
390
13
347
21
  0
LAYER
  5
46
330
1
100
AcDbSymbolTableRecord
100
AcDbLayerTableRecord
  2
FIAÇÃO_COMERCIAL
 70
0
 62
1
  6
Continuous
370
-3
390
13
347
21
  0
ENDTAB
  0
TABLE
  2
STYLE
  5
5
330
0
100
AcDbSymbolTable
 70
1
  0
STYLE
  5
29
330
5
100
AcDbSymbolTableRecord
100
AcDbTextStyleTableRecord
  2
Standard
 70
0
 40
0.0
 41
1.0
 50
0.0
 71
0
 42
2.5
  3
ISOCP
  4

  0
ENDTAB
  0
TABLE
  2
VIEW
  5
7
330
0
100
AcDbSymbolTable
 70
0
  0
ENDTAB
  0
TABLE
  2
UCS
  5
6
330
0
100
AcDbSymbolTable
 70
0
  0
ENDTAB
  0
TABLE
  2
APPID
  5
3
330
0
100
AcDbSymbolTable
 70
3
  0
APPID
  5
2A
330
3
100
AcDbSymbolTableRecord
100
AcDbRegAppTableRecord
  2
ACAD
 70
0
  0
APPID
  5
826
330
3
100
AcDbSymbolTableRecord
100
AcDbRegAppTableRecord
  2
HATCHBACKGROUNDCOLOR
 70
0
  0
APPID
  5
827
330
3
100
AcDbSymbolTableRecord
100
AcDbRegAppTableRecord
  2
EZDXF
 70
0
  0
ENDTAB
  0
TABLE
  2
DIMSTYLE
  5
4
330
0
100
AcDbSymbolTable
 70
2
100
AcDbDimStyleTable
  0
DIMSTYLE
105
2B
330
4
100
AcDbSymbolTableRecord
100
AcDbDimStyleTableRecord
  2
Standard
 70
0
 40
1.0
 41
2.5
 42
0.625
 43
3.75
 44
1.25
 45
0.0
 46
0.0
 47
0.0
 48
0.0
 49
2.5
140
2.5
141
2.5
142
0.0
143
0.03937007874
144
1.0
145
0.0
146
1.0
147
0.625
148
0.0
 69
0
 70
0
 71
0
 72
0
 73
0
 74
0
 75
0
 76
0
 77
1
 78
8
 79
3
170
0
171
3
172
1
173
0
174
0
175
0
176
0
177
0
178
0
179
2
271
2
272
2
273
2
274
3
275
0
276
0
277
2
278
44
279
0
280
0
281
0
282
0
283
0
284
8
285
0
286
0
288
0
289
3
290
0
371
-2
372
-2
  0
DIMSTYLE
105
24E
330
4
100
AcDbSymbolTableRecord
100
AcDbDimStyleTableRecord
  2
ISO-25
 70
0
 40
1.0
 41
1.0
 42
0.625
 43
1.0
 44
1.25
 45
0.0
 46
0.0
 47
0.0
 48
0.0
 49
2.5
140
1.0
141
2.5
142
0.0
143
0.0394
144
1.0
145
0.0
146
1.0
147
0.5
148
0.0
 69
0
 70
0
 71
0
 72
0
 73
0
 74
0
 75
0
 76
0
 77
1
 78
8
 79
3
170
0
171
4
172
1
173
0
174
0
175
0
176
0
177
0
178
0
179
2
271
2
272
2
273
8
274
4
275
0
276
0
277
6
278
44
279
0
280
0
281
0
282
0
283
0
284
8
285
0
286
0
288
1
289
0
290
0
340
29
371
-2
372
-2
  0
ENDTAB
  0
TABLE
  2
BLOCK_RECORD
  5
9
330
0
100
AcDbSymbolTable
 70
8
  0
BLOCK_RECORD
  5
17
330
9
100
AcDbSymbolTableRecord
100
AcDbBlockTableRecord
  2
*Model_Space
340
1A
 70
0
280
1
281
0
  0
BLOCK_RECORD
  5
1B
330
9
100
AcDbSymbolTableRecord
100
AcDbBlockTableRecord
  2
*Paper_Space
340
1E
 70
0
280
1
281
0
  0
BLOCK_RECORD
  5
250
330
9
100
AcDbSymbolTableRecord
100
AcDbBlockTableRecord
  2
*D1
340
0
 70
0
280
1
281
0
  0
BLOCK_RECORD
  5
255
330
9
100
AcDbSymbolTableRecord
100
AcDbBlockTableRecord
  2
_CLOSEDFILLED
340
0
 70
0
280
1
281
0
  0
BLOCK_RECORD
  5
263
330
9
100
AcDbSymbolTableRecord
100
AcDbBlockTableRecord
  2
*D2
340
0
 70
0
280
1
281
0
  0
BLOCK_RECORD
  5
272
330
9
100
AcDbSymbolTableRecord
100
AcDbBlockTableRecord
  2
*D3
340
0
 70
0
280
1
281
0
  0
BLOCK_RECORD
  5
281
330
9
100
AcDbSymbolTableRecord
100
AcDbBlockTableRecord
  2
*D4
340
0
 70
0
280
1
281
0
  0
BLOCK_RECORD
  5
290
330
9
100
AcDbSymbolTableRecord
100
AcDbBlockTableRecord
  2
*D5
340
0
 70
0
280
1
281
0
  0
ENDTAB
  0
ENDSEC
  0
SECTION
  2
BLOCKS
  0
BLOCK
  5
18
330
17
100
AcDbEntity
  8
0
100
AcDbBlockBegin
  2
*Model_Space
 70
0
 10
0.0
 20
0.0
 30
0.0
  3
*Model_Space
  1

  0
ENDBLK
  5
19
330
17
100
AcDbEntity
  8
0
100
AcDbBlockEnd
  0
BLOCK
  5
1C
330
1B
100
AcDbEntity
  8
0
100
AcDbBlockBegin
  2
*Paper_Space
 70
0
 10
0.0
 20
0.0
 30
0.0
  3
*Paper_Space
  1

  0
ENDBLK
  5
1D
330
1B
100
AcDbEntity
  8
0
100
AcDbBlockEnd
  0
BLOCK
  5
251
330
250
100
AcDbEntity
  8
0
100
AcDbBlockBegin
  2
*D1
 70
1
 10
0.0
 20
0.0
 30
0.0
  3
*D1
  1

  0
LINE
  5
253
330
250
100
AcDbEntity
  8
0
100
AcDbLine
 10
-45222.978
 20
56417.93
 30
0.0
 11
-45223.83
 21
56417.93
 31
0.0
  0
LINE
  5
254
330
250
100
AcDbEntity
  8
0
100
AcDbLine
 10
-45222.978
 20
56418.8953
 30
0.0
 11
-45223.83
 21
56418.8953
 31
0.0
  0
INSERT
  5
259
330
250
100
AcDbEntity
  8
SUBESTAÇÃO
100
AcDbBlockReference
  2
_CLOSEDFILLED
 10
-45223.33
 20
56417.93
 30
0.0
 41
0.3
 42
0.3
 50
270.0
  0
INSERT
  5
25B
330
250
100
AcDbEntity
  8
SUBESTAÇÃO
100
AcDbBlockReference
  2
_CLOSEDFILLED
 10
-45223.33
 20
56418.8953
 30
0.0
 41
0.3
 42
0.3
 50
90.0
  0
LINE
  5
25D
330
250
100
AcDbEntity
  8
0
100
AcDbLine
 10
-45223.33
 20
56418.23
 30
0.0
 11
-45223.33
 21
56418.59529999999
 31
0.0
  0
MTEXT
  5
25E
330
250
100
AcDbEntity
  8
SUBESTAÇÃO
100
AcDbMText
 10
-45224.18
 20
56418.41265
 30
0.0
 40
0.3
 71
5
  1
0,97m
  7
STANDARD
 50
90.0
  0
POINT
  5
25F
330
250
100
AcDbEntity
  8
Defpoints
100
AcDbPoint
 10
-45223.33
 20
56417.93
 30
0.0
  0
POINT
  5
260
330
250
100
AcDbEntity
  8
Defpoints
100
AcDbPoint
 10
-45222.978
 20
56417.93
 30
0.0
  0
POINT
  5
261
330
250
100
AcDbEntity
  8
Defpoints
100
AcDbPoint
 10
-45222.978
 20
56418.8953
 30
0.0
  0
ENDBLK
  5
252
330
250
100
AcDbEntity
  8
0
100
AcDbBlockEnd
  0
BLOCK
  5
256
330
255
100
AcDbEntity
  8
0
100
AcDbBlockBegin
  2
_CLOSEDFILLED
 70
0
 10
0.0
 20
0.0
 30
0.0
  3
_CLOSEDFILLED
  1

  0
SOLID
  5
258
330
255
100
AcDbEntity
  8
0
  6
BYBLOCK
 62
0
100
AcDbTrace
 10
-1.0
 20
0.16439898372402537
 30
0.0
 11
0.0
 21
0.0
 31
0.0
 12
-1.0
 22
-0.16439898372402537
 32
0.0
 13
-1.0
 23
-0.16439898372402537
 33
0.0
  0
ENDBLK
  5
257
330
255
100
AcDbEntity
  8
0
100
AcDbBlockEnd
  0
BLOCK
  5
264
330
263
100
AcDbEntity
  8
0
100
AcDbBlockBegin
  2
*D2
 70
1
 10
0.0
 20
0.0
 30
0.0
  3
*D2
  1

  0
LINE
  5
266
330
263
100
AcDbEntity
  8
0
100
AcDbLine
 10
-45222.978
 20
56418.8953
 30
0.0
 11
-45223.83
 21
56418.8953
 31
0.0
  0
LINE
  5
267
330
263
100
AcDbEntity
  8
0
100
AcDbLine
 10
-45222.978
 20
56420.8258
 30
0.0
 11
-45223.83
 21
56420.8258
 31
0.0
  0
INSERT
  5
268
330
263
100
AcDbEntity
  8
SUBESTAÇÃO
100
AcDbBlockReference
  2
_CLOSEDFILLED
 10
-45223.33
 20
56418.8953
 30
0.0
 41
0.3
 42
0.3
 50
270.0
  0
INSERT
  5
26A
330
263
100
AcDbEntity
  8
SUBESTAÇÃO
100
AcDbBlockReference
  2
_CLOSEDFILLED
 10
-45223.33
 20
56420.8258
 30
0.0
 41
0.3
 42
0.3
 50
90.0
  0
LINE
  5
26C
330
263
100
AcDbEntity
  8
0
100
AcDbLine
 10
-45223.33
 20
56419.1953
 30
0.0
 11
-45223.33
 21
56420.525799999996
 31
0.0
  0
MTEXT
  5
26D
330
263
100
AcDbEntity
  8
SUBESTAÇÃO
100
AcDbMText
 10
-45223.68
 20
56419.86055
 30
0.0
 40
0.3
 71
5
  1
1,93m
  7
STANDARD
 50
90.0
  0
POINT
  5
26E
330
263
100
AcDbEntity
  8
Defpoints
100
AcDbPoint
 10
-45223.33
 20
56418.8953
 30
0.0
  0
POINT
  5
26F
330
263
100
AcDbEntity
  8
Defpoints
100
AcDbPoint
 10
-45222.978
 20
56418.8953
 30
0.0
  0
POINT
  5
270
330
263
100
AcDbEntity
  8
Defpoints
100
AcDbPoint
 10
-45222.978
 20
56420.8258
 30
0.0
  0
ENDBLK
  5
265
330
263
100
AcDbEntity
  8
0
100
AcDbBlockEnd
  0
BLOCK
  5
273
330
272
100
AcDbEntity
  8
0
100
AcDbBlockBegin
  2
*D3
 70
1
 10
0.0
 20
0.0
 30
0.0
  3
*D3
  1

  0
LINE
  5
275
330
272
100
AcDbEntity
  8
0
100
AcDbLine
 10
-45222.978
 20
56420.8258
 30
0.0
 11
-45223.83
 21
56420.8258
 31
0.0
  0
LINE
  5
276
330
272
100
AcDbEntity
  8
0
100
AcDbLine
 10
-45222.978
 20
56422.7563
 30
0.0
 11
-45223.83
 21
56422.7563
 31
0.0
  0
INSERT
  5
277
330
272
100
AcDbEntity
  8
SUBESTAÇÃO
100
AcDbBlockReference
  2
_CLOSEDFILLED
 10
-45223.33
 20
56420.8258
 30
0.0
 41
0.3
 42
0.3
 50
270.0
  0
INSERT
  5
279
330
272
100
AcDbEntity
  8
SUBESTAÇÃO
100
AcDbBlockReference
  2
_CLOSEDFILLED
 10
-45223.33
 20
56422.7563
 30
0.0
 41
0.3
 42
0.3
 50
90.0
  0
LINE
  5
27B
330
272
100
AcDbEntity
  8
0
100
AcDbLine
 10
-45223.33
 20
56421.1258
 30
0.0
 11
-45223.33
 21
56422.4563
 31
0.0
  0
MTEXT
  5
27C
330
272
100
AcDbEntity
  8
SUBESTAÇÃO
100
AcDbMText
 10
-45223.68
 20
56421.79105
 30
0.0
 40
0.3
 71
5
  1
1,93m
  7
STANDARD
 50
90.0
  0
POINT
  5
27D
330
272
100
AcDbEntity
  8
Defpoints
100
AcDbPoint
 10
-45223.33
 20
56420.8258
 30
0.0
  0
POINT
  5
27E
330
272
100
AcDbEntity
  8
Defpoints
100
AcDbPoint
 10
-45222.978
 20
56420.8258
 30
0.0
  0
POINT
  5
27F
330
272
100
AcDbEntity
  8
Defpoints
100
AcDbPoint
 10
-45222.978
 20
56422.7563
 30
0.0
  0
ENDBLK
  5
274
330
272
100
AcDbEntity
  8
0
100
AcDbBlockEnd
  0
BLOCK
  5
282
330
281
100
AcDbEntity
  8
0
100
AcDbBlockBegin
  2
*D4
 70
1
 10
0.0
 20
0.0
 30
0.0
  3
*D4
  1

  0
LINE
  5
284
330
281
100
AcDbEntity
  8
0
100
AcDbLine
 10
-45222.978
 20
56422.7563
 30
0.0
 11
-45223.83
 21
56422.7563
 31
0.0
  0
LINE
  5
285
330
281
100
AcDbEntity
  8
0
100
AcDbLine
 10
-45222.978
 20
56424.6868
 30
0.0
 11
-45223.83
 21
56424.6868
 31
0.0
  0
INSERT
  5
286
330
281
100
AcDbEntity
  8
SUBESTAÇÃO
100
AcDbBlockReference
  2
_CLOSEDFILLED
 10
-45223.33
 20
56422.7563
 30
0.0
 41
0.3
 42
0.3
 50
270.0
  0
INSERT
  5
288
330
281
100
AcDbEntity
  8
SUBESTAÇÃO
100
AcDbBlockReference
  2
_CLOSEDFILLED
 10
-45223.33
 20
56424.6868
 30
0.0
 41
0.3
 42
0.3
 50
90.0
  0
LINE
  5
28A
330
281
100
AcDbEntity
  8
0
100
AcDbLine
 10
-45223.33
 20
56423.056300000004
 30
0.0
 11
-45223.33
 21
56424.3868
 31
0.0
  0
MTEXT
  5
28B
330
281
100
AcDbEntity
  8
SUBESTAÇÃO
100
AcDbMText
 10
-45223.68
 20
56423.72155
 30
0.0
 40
0.3
 71
5
  1
1,93m
  7
STANDARD
 50
90.0
  0
POINT
  5
28C
330
281
100
AcDbEntity
  8
Defpoints
100
AcDbPoint
 10
-45223.33
 20
56422.7563
 30
0.0
  0
POINT
  5
28D
330
281
100
AcDbEntity
  8
Defpoints
100
AcDbPoint
 10
-45222.978
 20
56422.7563
 30
0.0
  0
POINT
  5
28E
330
281
100
AcDbEntity
  8
Defpoints
100
AcDbPoint
 10
-45222.978
 20
56424.6868
 30
0.0
  0
ENDBLK
  5
283
330
281
100
AcDbEntity
  8
0
100
AcDbBlockEnd
  0
BLOCK
  5
291
330
290
100
AcDbEntity
  8
0
100
AcDbBlockBegin
  2
*D5
 70
1
 10
0.0
 20
0.0
 30
0.0
  3
*D5
  1

  0
LINE
  5
293
330
290
100
AcDbEntity
  8
0
100
AcDbLine
 10
-45222.978
 20
56424.6868
 30
0.0
 11
-45223.83
 21
56424.6868
 31
0.0
  0
LINE
  5
294
330
290
100
AcDbEntity
  8
0
100
AcDbLine
 10
-45222.978
 20
56425.652
 30
0.0
 11
-45223.83
 21
56425.652
 31
0.0
  0
INSERT
  5
295
330
290
100
AcDbEntity
  8
SUBESTAÇÃO
100
AcDbBlockReference
  2
_CLOSEDFILLED
 10
-45223.33
 20
56424.6868
 30
0.0
 41
0.3
 42
0.3
 50
270.0
  0
INSERT
  5
297
330
290
100
AcDbEntity
  8
SUBESTAÇÃO
100
AcDbBlockReference
  2
_CLOSEDFILLED
 10
-45223.33
 20
56425.652
 30
0.0
 41
0.3
 42
0.3
 50
90.0
  0
LINE
  5
299
330
290
100
AcDbEntity
  8
0
100
AcDbLine
 10
-45223.33
 20
56424.986800000006
 30
0.0
 11
-45223.33
 21
56425.352
 31
0.0
  0
MTEXT
  5
29A
330
290
100
AcDbEntity
  8
SUBESTAÇÃO
100
AcDbMText
 10
-45224.18
 20
56425.1694
 30
0.0
 40
0.3
 71
5
  1
0,97m
  7
STANDARD
 50
90.0
  0
POINT
  5
29B
330
290
100
AcDbEntity
  8
Defpoints
100
AcDbPoint
 10
-45223.33
 20
56424.6868
 30
0.0
  0
POINT
  5
29C
330
290
100
AcDbEntity
  8
Defpoints
100
AcDbPoint
 10
-45222.978
 20
56424.6868
 30
0.0
  0
POINT
  5
29D
330
290
100
AcDbEntity
  8
Defpoints
100
AcDbPoint
 10
-45222.978
 20
56425.652
 30
0.0
  0
ENDBLK
  5
292
330
290
100
AcDbEntity
  8
0
100
AcDbBlockEnd
  0
ENDSEC
  0
SECTION
  2
ENTITIES
  0
MTEXT
  5
47
330
17
100
AcDbEntity
  8
UNIFILAR - TEXTO
100
AcDbMText
 10
-45148.03
 20
56443.87928023316
 30
0.0
 40
0.1021482570786623
 41
0.559059924596067
 46
0.0
 71
1
 72
5
  1
#2,5mm²
 11
1.0
 21
-2e-16
 31
0.0
101
Embedded Object
 70
1
 10
1.0
 20
-2e-16
 30
0.0
 11
-45148.03
 21
56443.87928023316
 31
0.0
 40
0.559059924596067
 41
0.0
 42
0.4896179105781276
 43
0.1467174720028463
 71
2
 72
1
 44
0.559059924596067
 45
0.0182407601926183
 73
0
 74
0
 46
0.0
  0
MTEXT
  5
48
330
17
100
AcDbEntity
  8
UNIFILAR - TEXTO
100
AcDbMText
 10
-45150.69
 20
56444.05710103856
 30
0.0
 40
0.1021482570786623
 41
0.559059924596067
 46
0.0
 71
1
 72
5
  1
#2,5mm²
 11
1.0
 21
-2e-16
 31
0.0
101
Embedded Object
 70
1
 10
1.0
 20
-2e-16
 30
0.0
 11
-45150.69
 21
56444.05710103856
 31
0.0
 40
0.559059924596067
 41
0.0
 42
0.4896179105781276
 43
0.1467174720028463
 71
2
 72
1
 44
0.559059924596067
 45
0.0182407601926183
 73
0
 74
0
 46
0.0
  0
MTEXT
  5
49
330
17
100
AcDbEntity
  8
UNIFILAR - TEXTO
100
AcDbMText
 10
-45148.03
 20
56443.08856594745
 30
0.0
 40
0.1021482570786623
 41
0.559059924596067
 46
0.0
 71
1
 72
5
  1
#2,5mm²
 11
1.0
 21
-2e-16
 31
0.0
101
Embedded Object
 70
1
 10
1.0
 20
-2e-16
 30
0.0
 11
-45148.03
 21
56443.08856594745
 31
0.0
 40
0.559059924596067
 41
0.0
 42
0.4896179105781276
 43
0.1467174720028463
 71
2
 72
1
 44
0.559059924596067
 45
0.0182407601926183
 73
0
 74
0
 46
0.0
  0
MTEXT
  5
4A
330
17
100
AcDbEntity
  8
UNIFILAR - TEXTO
100
AcDbMText
 10
-45150.69
 20
56443.26638675285
 30
0.0
 40
0.1021482570786623
 41
0.559059924596067
 46
0.0
 71
1
 72
5
  1
#2,5mm²
 11
1.0
 21
-2e-16
 31
0.0
101
Embedded Object
 70
1
 10
1.0
 20
-2e-16
 30
0.0
 11
-45150.69
 21
56443.26638675285
 31
0.0
 40
0.559059924596067
 41
0.0
 42
0.4896179105781276
 43
0.1467174720028463
 71
2
 72
1
 44
0.559059924596067
 45
0.0182407601926183
 73
0
 74
0
 46
0.0
  0
MTEXT
  5
4B
330
17
100
AcDbEntity
  8
UNIFILAR - TEXTO
100
AcDbMText
 10
-45148.03
 20
56442.29785166175
 30
0.0
 40
0.1021482570786623
 41
0.559059924596067
 46
0.0
 71
1
 72
5
  1
#2,5mm²
 11
1.0
 21
-2e-16
 31
0.0
101
Embedded Object
 70
1
 10
1.0
 20
-2e-16
 30
0.0
 11
-45148.03
 21
56442.29785166175
 31
0.0
 40
0.559059924596067
 41
0.0
 42
0.4896179105781276
 43
0.1467174720028463
 71
2
 72
1
 44
0.559059924596067
 45
0.0182407601926183
 73
0
 74
0
 46
0.0
  0
MTEXT
  5
4C
330
17
100
AcDbEntity
  8
UNIFILAR - TEXTO
100
AcDbMText
 10
-45150.69
 20
56442.47567246714
 30
0.0
 40
0.1021482570786623
 41
0.559059924596067
 46
0.0
 71
1
 72
5
  1
#2,5mm²
 11
1.0
 21
-2e-16
 31
0.0
101
Embedded Object
 70
1
 10
1.0
 20
-2e-16
 30
0.0
 11
-45150.69
 21
56442.47567246714
 31
0.0
 40
0.559059924596067
 41
0.0
 42
0.4896179105781276
 43
0.1467174720028463
 71
2
 72
1
 44
0.559059924596067
 45
0.0182407601926183
 73
0
 74
0
 46
0.0
  0
MTEXT
  5
4D
330
17
100
AcDbEntity
  8
UNIFILAR - TEXTO
100
AcDbMText
 10
-45148.03
 20
56441.50713737602
 30
0.0
 40
0.1021482570786623
 41
0.559059924596067
 46
0.0
 71
1
 72
5
  1
#4mm²
 11
1.0
 21
-2e-16
 31
0.0
101
Embedded Object
 70
1
 10
1.0
 20
-2e-16
 30
0.0
 11
-45148.03
 21
56441.50713737602
 31
0.0
 40
0.559059924596067
 41
0.0
 42
0.3925770663533984
 43
0.131395233441047
 71
2
 72
1
 44
0.559059924596067
 45
0.0182407601926183
 73
0
 74
0
 46
0.0
  0
MTEXT
  5
4E
330
17
100
AcDbEntity
  8
UNIFILAR - TEXTO
100
AcDbMText
 10
-45150.69
 20
56441.68495818142
 30
0.0
 40
0.1021482570786623
 41
0.559059924596067
 46
0.0
 71
1
 72
5
  1
#4mm²
 11
1.0
 21
-2e-16
 31
0.0
101
Embedded Object
 70
1
 10
1.0
 20
-2e-16
 30
0.0
 11
-45150.69
 21
56441.68495818142
 31
0.0
 40
0.559059924596067
 41
0.0
 42
0.3925770663533984
 43
0.131395233441047
 71
2
 72
1
 44
0.559059924596067
 45
0.0182407601926183
 73
0
 74
0
 46
0.0
  0
MTEXT
  5
4F
330
17
100
AcDbEntity
  8
UNIFILAR - TEXTO
100
AcDbMText
 10
-45148.03
 20
56420.13499451889
 30
0.0
 40
0.1021482570786623
 41
0.559059924596067
 46
0.0
 71
1
 72
5
  1
#2,5mm²
 11
1.0
 21
-2e-16
 31
0.0
101
Embedded Object
 70
1
 10
1.0
 20
-2e-16
 30
0.0
 11
-45148.03
 21
56420.13499451889
 31
0.0
 40
0.559059924596067
 41
0.0
 42
0.4896179105781276
 43
0.1467174720028463
 71
2
 72
1
 44
0.559059924596067
 45
0.0182407601926183
 73
0
 74
0
 46
0.0
  0
MTEXT
  5
50
330
17
100
AcDbEntity
  8
UNIFILAR - TEXTO
100
AcDbMText
 10
-45150.69
 20
56420.31281532427
 30
0.0
 40
0.1021482570786623
 41
0.559059924596067
 46
0.0
 71
1
 72
5
  1
#2,5mm²
 11
1.0
 21
-2e-16
 31
0.0
101
Embedded Object
 70
1
 10
1.0
 20
-2e-16
 30
0.0
 11
-45150.69
 21
56420.31281532427
 31
0.0
 40
0.559059924596067
 41
0.0
 42
0.4896179105781276
 43
0.1467174720028463
 71
2
 72
1
 44
0.559059924596067
 45
0.0182407601926183
 73
0
 74
0
 46
0.0
  0
MTEXT
  5
51
330
17
100
AcDbEntity
  8
UNIFILAR - TEXTO
100
AcDbMText
 10
-45148.03
 20
56419.34428023318
 30
0.0
 40
0.1021482570786623
 41
0.559059924596067
 46
0.0
 71
1
 72
5
  1
#2,5mm²
 11
1.0
 21
-2e-16
 31
0.0
101
Embedded Object
 70
1
 10
1.0
 20
-2e-16
 30
0.0
 11
-45148.03
 21
56419.34428023318
 31
0.0
 40
0.559059924596067
 41
0.0
 42
0.4896179105781276
 43
0.1467174720028463
 71
2
 72
1
 44
0.559059924596067
 45
0.0182407601926183
 73
0
 74
0
 46
0.0
  0
MTEXT
  5
52
330
17
100
AcDbEntity
  8
UNIFILAR - TEXTO
100
AcDbMText
 10
-45150.69
 20
56419.52210103856
 30
0.0
 40
0.1021482570786623
 41
0.559059924596067
 46
0.0
 71
1
 72
5
  1
#2,5mm²
 11
1.0
 21
-2e-16
 31
0.0
101
Embedded Object
 70
1
 10
1.0
 20
-2e-16
 30
0.0
 11
-45150.69
 21
56419.52210103856
 31
0.0
 40
0.559059924596067
 41
0.0
 42
0.4896179105781276
 43
0.1467174720028463
 71
2
 72
1
 44
0.559059924596067
 45
0.0182407601926183
 73
0
 74
0
 46
0.0
  0
MTEXT
  5
53
330
17
100
AcDbEntity
  8
UNIFILAR - TEXTO
100
AcDbMText
 10
-45148.03
 20
56418.55356594745
 30
0.0
 40
0.1021482570786623
 41
0.559059924596067
 46
0.0
 71
1
 72
5
  1
#4mm²
 11
1.0
 21
-2e-16
 31
0.0
101
Embedded Object
 70
1
 10
1.0
 20
-2e-16
 30
0.0
 11
-45148.03
 21
56418.55356594745
 31
0.0
 40
0.559059924596067
 41
0.0
 42
0.3925770663533984
 43
0.131395233441047
 71
2
 72
1
 44
0.559059924596067
 45
0.0182407601926183
 73
0
 74
0
 46
0.0
  0
MTEXT
  5
54
330
17
100
AcDbEntity
  8
UNIFILAR - TEXTO
100
AcDbMText
 10
-45150.69
 20
56418.73138675284
 30
0.0
 40
0.1021482570786623
 41
0.559059924596067
 46
0.0
 71
1
 72
5
  1
#4mm²
 11
1.0
 21
-2e-16
 31
0.0
101
Embedded Object
 70
1
 10
1.0
 20
-2e-16
 30
0.0
 11
-45150.69
 21
56418.73138675284
 31
0.0
 40
0.559059924596067
 41
0.0
 42
0.3925770663533984
 43
0.131395233441047
 71
2
 72
1
 44
0.559059924596067
 45
0.0182407601926183
 73
0
 74
0
 46
0.0
  0
MTEXT
  5
55
330
17
100
AcDbEntity
  8
UNIFILAR - TEXTO
100
AcDbMText
 10
-45148.03
 20
56417.76285166174
 30
0.0
 40
0.1021482570786623
 41
0.559059924596067
 46
0.0
 71
1
 72
5
  1
#6mm²
 11
1.0
 21
-2e-16
 31
0.0
101
Embedded Object
 70
1
 10
1.0
 20
-2e-16
 30
0.0
 11
-45148.03
 21
56417.76285166174
 31
0.0
 40
0.559059924596067
 41
0.0
 42
0.382362240645532
 43
0.131395233441047
 71
2
 72
1
 44
0.559059924596067
 45
0.0182407601926183
 73
0
 74
0
 46
0.0
  0
MTEXT
  5
56
330
17
100
AcDbEntity
  8
UNIFILAR - TEXTO
100
AcDbMText
 10
-45150.69
 20
56417.94067246713
 30
0.0
 40
0.1021482570786623
 41
0.559059924596067
 46
0.0
 71
1
 72
5
  1
#6mm²
 11
1.0
 21
-2e-16
 31
0.0
101
Embedded Object
 70
1
 10
1.0
 20
-2e-16
 30
0.0
 11
-45150.69
 21
56417.94067246713
 31
0.0
 40
0.559059924596067
 41
0.0
 42
0.382362240645532
 43
0.131395233441047
 71
2
 72
1
 44
0.559059924596067
 45
0.0182407601926183
 73
0
 74
0
 46
0.0
  0
MTEXT
  5
57
330
17
100
AcDbEntity
  8
UNIFILAR - TEXTO
100
AcDbMText
 10
-45148.03
 20
56416.18142309031
 30
0.0
 40
0.1021482570786623
 41
0.559059924596067
 46
0.0
 71
1
 72
5
  1
#2,5mm²
 11
1.0
 21
-2e-16
 31
0.0
101
Embedded Object
 70
1
 10
1.0
 20
-2e-16
 30
0.0
 11
-45148.03
 21
56416.18142309031
 31
0.0
 40
0.559059924596067
 41
0.0
 42
0.4896179105781276
 43
0.1467174720028463
 71
2
 72
1
 44
0.559059924596067
 45
0.0182407601926183
 73
0
 74
0
 46
0.0
  0
MTEXT
  5
58
330
17
100
AcDbEntity
  8
UNIFILAR - TEXTO
100
AcDbMText
 10
-45150.69
 20
56416.35924389571
 30
0.0
 40
0.1021482570786623
 41
0.559059924596067
 46
0.0
 71
1
 72
5
  1
#2,5mm²
 11
1.0
 21
-2e-16
 31
0.0
101
Embedded Object
 70
1
 10
1.0
 20
-2e-16
 30
0.0
 11
-45150.69
 21
56416.35924389571
 31
0.0
 40
0.559059924596067
 41
0.0
 42
0.4896179105781276
 43
0.1467174720028463
 71
2
 72
1
 44
0.559059924596067
 45
0.0182407601926183
 73
0
 74
0
 46
0.0
  0
MTEXT
  5
59
330
17
100
AcDbEntity
  8
UNIFILAR - TEXTO
100
AcDbMText
 10
-45148.03
 20
56414.59999451887
 30
0.0
 40
0.1021482570786623
 41
0.559059924596067
 46
0.0
 71
1
 72
5
  1
#2,5mm²
 11
1.0
 21
-2e-16
 31
0.0
101
Embedded Object
 70
1
 10
1.0
 20
-2e-16
 30
0.0
 11
-45148.03
 21
56414.59999451887
 31
0.0
 40
0.559059924596067
 41
0.0
 42
0.4896179105781276
 43
0.1467174720028463
 71
2
 72
1
 44
0.559059924596067
 45
0.0182407601926183
 73
0
 74
0
 46
0.0
  0
MTEXT
  5
5A
330
17
100
AcDbEntity
  8
UNIFILAR - TEXTO
100
AcDbMText
 10
-45150.69
 20
56414.77781532428
 30
0.0
 40
0.1021482570786623
 41
0.559059924596067
 46
0.0
 71
1
 72
5
  1
#2,5mm²
 11
1.0
 21
-2e-16
 31
0.0
101
Embedded Object
 70
1
 10
1.0
 20
-2e-16
 30
0.0
 11
-45150.69
 21
56414.77781532428
 31
0.0
 40
0.559059924596067
 41
0.0
 42
0.4896179105781276
 43
0.1467174720028463
 71
2
 72
1
 44
0.559059924596067
 45
0.0182407601926183
 73
0
 74
0
 46
0.0
  0
CIRCLE
  5
5B
330
17
100
AcDbEntity
  8
LUMINOTÉCNICO
100
AcDbCircle
 10
-45221.85750163203
 20
56418.89496553566
 30
0.0
 40
0.15
  0
LINE
  5
5C
330
17
100
AcDbEntity
  8
LUMINOTÉCNICO
100
AcDbLine
 10
-45222.00750163202
 20
56418.89496553566
 30
0.0
 11
-45221.70750163202
 21
56418.89496553566
 31
0.0
  0
LINE
  5
5D
330
17
100
AcDbEntity
  8
LUMINOTÉCNICO
100
AcDbLine
 10
-45221.85750163203
 20
56418.89496553566
 30
0.0
 11
-45221.85750163203
 21
56419.04496553567
 31
0.0
  0
TEXT
  5
5E
330
17
100
AcDbEntity
  8
LUMINOTÉCNICO
100
AcDbText
 10
-45221.98250163202
 20
56418.929965535666
 30
0.0
 40
0.055
  1
04
100
AcDbText
  0
TEXT
  5
5F
330
17
100
AcDbEntity
  8
LUMINOTÉCNICO
100
AcDbText
 10
-45221.82750163202
 20
56418.92096553564
 30
0.0
 40
0.08
  1
d
100
AcDbText
  0
TEXT
  5
60
330
17
100
AcDbEntity
  8
LUMINOTÉCNICO
100
AcDbText
 10
-45221.90750163202
 20
56418.79996553565
 30
0.0
 40
0.055
  1
65
100
AcDbText
  0
CIRCLE
  5
61
330
17
100
AcDbEntity
  8
LUMINOTÉCNICO
100
AcDbCircle
 10
-45221.85750163203
 20
56422.75629886898
 30
0.0
 40
0.15
  0
LINE
  5
62
330
17
100
AcDbEntity
  8
LUMINOTÉCNICO
100
AcDbLine
 10
-45222.00750163202
 20
56422.75629886898
 30
0.0
 11
-45221.70750163202
 21
56422.75629886898
 31
0.0
  0
LINE
  5
63
330
17
100
AcDbEntity
  8
LUMINOTÉCNICO
100
AcDbLine
 10
-45221.85750163203
 20
56422.75629886898
 30
0.0
 11
-45221.85750163203
 21
56422.90629886899
 31
0.0
  0
TEXT
  5
64
330
17
100
AcDbEntity
  8
LUMINOTÉCNICO
100
AcDbText
 10
-45221.98250163202
 20
56422.79129886899
 30
0.0
 40
0.055
  1
04
100
AcDbText
  0
TEXT
  5
65
330
17
100
AcDbEntity
  8
LUMINOTÉCNICO
100
AcDbText
 10
-45221.82750163202
 20
56422.78229886899
 30
0.0
 40
0.08
  1
d
100
AcDbText
  0
TEXT
  5
66
330
17
100
AcDbEntity
  8
LUMINOTÉCNICO
100
AcDbText
 10
-45221.90750163202
 20
56422.66129886898
 30
0.0
 40
0.055
  1
65
100
AcDbText
  0
CIRCLE
  5
67
330
17
100
AcDbEntity
  8
LUMINOTÉCNICO
100
AcDbCircle
 10
-45221.85750163203
 20
56424.687132202336
 30
0.0
 40
0.15
  0
LINE
  5
68
330
17
100
AcDbEntity
  8
LUMINOTÉCNICO
100
AcDbLine
 10
-45222.00750163202
 20
56424.687132202336
 30
0.0
 11
-45221.70750163202
 21
56424.687132202336
 31
0.0
  0
LINE
  5
69
330
17
100
AcDbEntity
  8
LUMINOTÉCNICO
100
AcDbLine
 10
-45221.85750163203
 20
56424.687132202336
 30
0.0
 11
-45221.85750163203
 21
56424.83713220234
 31
0.0
  0
TEXT
  5
6A
330
17
100
AcDbEntity
  8
LUMINOTÉCNICO
100
AcDbText
 10
-45221.98250163202
 20
56424.722132202325
 30
0.0
 40
0.055
  1
04
100
AcDbText
  0
TEXT
  5
6B
330
17
100
AcDbEntity
  8
LUMINOTÉCNICO
100
AcDbText
 10
-45221.82750163202
 20
56424.71313220231
 30
0.0
 40
0.08
  1
d
100
AcDbText
  0
TEXT
  5
6C
330
17
100
AcDbEntity
  8
LUMINOTÉCNICO
100
AcDbText
 10
-45221.90750163202
 20
56424.592132202306
 30
0.0
 40
0.055
  1
65
100
AcDbText
  0
CIRCLE
  5
6D
330
17
100
AcDbEntity
  8
LUMINOTÉCNICO
100
AcDbCircle
 10
-45219.61250163203
 20
56418.89496553566
 30
0.0
 40
0.15
  0
LINE
  5
6E
330
17
100
AcDbEntity
  8
LUMINOTÉCNICO
100
AcDbLine
 10
-45219.76250163202
 20
56418.89496553566
 30
0.0
 11
-45219.46250163202
 21
56418.89496553566
 31
0.0
  0
LINE
  5
6F
330
17
100
AcDbEntity
  8
LUMINOTÉCNICO
100
AcDbLine
 10
-45219.61250163203
 20
56418.89496553566
 30
0.0
 11
-45219.61250163203
 21
56419.04496553567
 31
0.0
  0
TEXT
  5
70
330
17
100
AcDbEntity
  8
LUMINOTÉCNICO
100
AcDbText
 10
-45219.73750163203
 20
56418.929965535666
 30
0.0
 40
0.055
  1
04
100
AcDbText
  0
TEXT
  5
71
330
17
100
AcDbEntity
  8
LUMINOTÉCNICO
100
AcDbText
 10
-45219.58250163202
 20
56418.92096553564
 30
0.0
 40
0.08
  1
d
100
AcDbText
  0
TEXT
  5
72
330
17
100
AcDbEntity
  8
LUMINOTÉCNICO
100
AcDbText
 10
-45219.66250163203
 20
56418.79996553565
 30
0.0
 40
0.055
  1
65
100
AcDbText
  0
CIRCLE
  5
73
330
17
100
AcDbEntity
  8
LUMINOTÉCNICO
100
AcDbCircle
 10
-45219.61250163203
 20
56422.75629886898
 30
0.0
 40
0.15
  0
LINE
  5
74
330
17
100
AcDbEntity
  8
LUMINOTÉCNICO
100
AcDbLine
 10
-45219.76250163202
 20
56422.75629886898
 30
0.0
 11
-45219.46250163202
 21
56422.75629886898
 31
0.0
  0
LINE
  5
75
330
17
100
AcDbEntity
  8
LUMINOTÉCNICO
100
AcDbLine
 10
-45219.61250163203
 20
56422.75629886898
 30
0.0
 11
-45219.61250163203
 21
56422.90629886899
 31
0.0
  0
TEXT
  5
76
330
17
100
AcDbEntity
  8
LUMINOTÉCNICO
100
AcDbText
 10
-45219.73750163203
 20
56422.79129886899
 30
0.0
 40
0.055
  1
04
100
AcDbText
  0
TEXT
  5
77
330
17
100
AcDbEntity
  8
LUMINOTÉCNICO
100
AcDbText
 10
-45219.58250163202
 20
56422.78229886899
 30
0.0
 40
0.08
  1
d
100
AcDbText
  0
TEXT
  5
78
330
17
100
AcDbEntity
  8
LUMINOTÉCNICO
100
AcDbText
 10
-45219.66250163203
 20
56422.66129886898
 30
0.0
 40
0.055
  1
65
100
AcDbText
  0
CIRCLE
  5
79
330
17
100
AcDbEntity
  8
LUMINOTÉCNICO
100
AcDbCircle
 10
-45219.61250163203
 20
56424.687132202336
 30
0.0
 40
0.15
  0
LINE
  5
7A
330
17
100
AcDbEntity
  8
LUMINOTÉCNICO
100
AcDbLine
 10
-45219.76250163202
 20
56424.687132202336
 30
0.0
 11
-45219.46250163202
 21
56424.687132202336
 31
0.0
  0
LINE
  5
7B
330
17
100
AcDbEntity
  8
LUMINOTÉCNICO
100
AcDbLine
 10
-45219.61250163203
 20
56424.687132202336
 30
0.0
 11
-45219.61250163203
 21
56424.83713220234
 31
0.0
  0
TEXT
  5
7C
330
17
100
AcDbEntity
  8
LUMINOTÉCNICO
100
AcDbText
 10
-45219.73750163203
 20
56424.722132202325
 30
0.0
 40
0.055
  1
04
100
AcDbText
  0
TEXT
  5
7D
330
17
100
AcDbEntity
  8
LUMINOTÉCNICO
100
AcDbText
 10
-45219.58250163202
 20
56424.71313220231
 30
0.0
 40
0.08
  1
d
100
AcDbText
  0
TEXT
  5
7E
330
17
100
AcDbEntity
  8
LUMINOTÉCNICO
100
AcDbText
 10
-45219.66250163203
 20
56424.592132202306
 30
0.0
 40
0.055
  1
65
100
AcDbText
  0
CIRCLE
  5
7F
330
17
100
AcDbEntity
  8
LUMINOTÉCNICO
100
AcDbCircle
 10
-45221.85750163203
 20
56420.825465535665
 30
0.0
 40
0.15
  0
LINE
  5
80
330
17
100
AcDbEntity
  8
LUMINOTÉCNICO
100
AcDbLine
 10
-45222.00750163202
 20
56420.825465535665
 30
0.0
 11
-45221.70750163202
 21
56420.825465535665
 31
0.0
  0
LINE
  5
81
330
17
100
AcDbEntity
  8
LUMINOTÉCNICO
100
AcDbLine
 10
-45221.85750163203
 20
56420.825465535665
 30
0.0
 11
-45221.85750163203
 21
56420.975465535674
 31
0.0
  0
TEXT
  5
82
330
17
100
AcDbEntity
  8
LUMINOTÉCNICO
100
AcDbText
 10
-45221.98250163202
 20
56420.86046553567
 30
0.0
 40
0.055
  1
04
100
AcDbText
  0
TEXT
  5
83
330
17
100
AcDbEntity
  8
LUMINOTÉCNICO
100
AcDbText
 10
-45221.82750163202
 20
56420.85146553564
 30
0.0
 40
0.08
  1
d
100
AcDbText
  0
TEXT
  5
84
330
17
100
AcDbEntity
  8
LUMINOTÉCNICO
100
AcDbText
 10
-45221.90750163202
 20
56420.73046553565
 30
0.0
 40
0.055
  1
65
100
AcDbText
  0
CIRCLE
  5
85
330
17
100
AcDbEntity
  8
LUMINOTÉCNICO
100
AcDbCircle
 10
-45219.61250163203
 20
56420.825465535665
 30
0.0
 40
0.15
  0
LINE
  5
86
330
17
100
AcDbEntity
  8
LUMINOTÉCNICO
100
AcDbLine
 10
-45219.76250163202
 20
56420.825465535665
 30
0.0
 11
-45219.46250163202
 21
56420.825465535665
 31
0.0
  0
LINE
  5
87
330
17
100
AcDbEntity
  8
LUMINOTÉCNICO
100
AcDbLine
 10
-45219.61250163203
 20
56420.825465535665
 30
0.0
 11
-45219.61250163203
 21
56420.975465535674
 31
0.0
  0
TEXT
  5
88
330
17
100
AcDbEntity
  8
LUMINOTÉCNICO
100
AcDbText
 10
-45219.73750163203
 20
56420.86046553567
 30
0.0
 40
0.055
  1
04
100
AcDbText
  0
TEXT
  5
89
330
17
100
AcDbEntity
  8
LUMINOTÉCNICO
100
AcDbText
 10
-45219.58250163202
 20
56420.85146553564
 30
0.0
 40
0.08
  1
d
100
AcDbText
  0
TEXT
  5
8A
330
17
100
AcDbEntity
  8
LUMINOTÉCNICO
100
AcDbText
 10
-45219.66250163203
 20
56420.73046553565
 30
0.0
 40
0.055
  1
65
100
AcDbText
  0
LWPOLYLINE
  5
8B
330
17
100
AcDbEntity
  8
INFR - ELETRODUTO_EMBUTIDO
100
AcDbPolyline
 90
2
 70
0
 10
-45234.03
 20
56425.8
 42
-0.556748995049027
 10
-45236.983
 20
56424.363
  0
LWPOLYLINE
  5
8C
330
17
100
AcDbEntity
  8
INFR - ELETRODUTO_EMBUTIDO
100
AcDbPolyline
 90
2
 70
0
 10
-45234.03
 20
56425.8
 42
-0.10000000000000009
 10
-45236.983
 20
56424.363
  0
LWPOLYLINE
  5
8D
330
17
100
AcDbEntity
  8
INFR - ELETRODUTO_EMBUTIDO
100
AcDbPolyline
 90
2
 70
0
 10
-45234.03
 20
56425.8
 42
0.35674899504902685
 10
-45236.983
 20
56424.363
  0
LINE
  5
8E
330
17
100
AcDbEntity
  8
FIAÇÃO_COMERCIAL
100
AcDbLine
 10
-45234.599534087974
 20
56424.731358891615
 30
0.0
 11
-45234.482731495475
 21
56424.62201011757
 31
0.0
  0
LINE
  5
8F
330
17
100
AcDbEntity
  8
FIAÇÃO_COMERCIAL
100
AcDbLine
 10
-45234.63947176043
 20
56424.68997885908
 30
0.0
 11
-45234.526126148005
 21
56424.57705068658
 31
0.0
  0
LINE
  5
90
330
17
100
AcDbEntity
  8
FIAÇÃO_COMERCIAL
100
AcDbLine
 10
-45234.526126148005
 20
56424.57705068658
 30
0.0
 11
-45234.497894104876
 21
56424.60538708969
 31
0.0
  0
LINE
  5
91
330
17
100
AcDbEntity
  8
FIAÇÃO_COMERCIAL
100
AcDbLine
 10
-45234.67005138132
 20
56424.55115992081
 30
0.0
 11
-45234.61699828857
 21
56424.49128196703
 31
0.0
  0
LINE
  5
92
330
17
100
AcDbEntity
  8
FIAÇÃO_COMERCIAL
100
AcDbLine
 10
-45234.762248045576
 20
56424.47438047135
 30
0.0
 11
-45234.71301988907
 21
56424.411320273066
 31
0.0
  0
LINE
  5
93
330
17
100
AcDbEntity
  8
FIAÇÃO_COMERCIAL
100
AcDbLine
 10
-45234.90424608831
 20
56424.469471114746
 30
0.0
 11
-45234.81382050166
 21
56424.33747409478
 31
0.0
  0
LINE
  5
94
330
17
100
AcDbEntity
  8
FIAÇÃO_COMERCIAL
100
AcDbLine
 10
-45234.95216914729
 20
56424.4376795086
 30
0.0
 11
-45234.865892090544
 21
56424.30293430654
 31
0.0
  0
LINE
  5
95
330
17
100
AcDbEntity
  8
FIAÇÃO_COMERCIAL
100
AcDbLine
 10
-45234.865892090544
 20
56424.30293430654
 30
0.0
 11
-45234.83220579003
 21
56424.32450357073
 31
0.0
  0
LINE
  5
96
330
17
100
AcDbEntity
  8
FIAÇÃO_COMERCIAL
100
AcDbLine
 10
-45235.05086043245
 20
56424.378635925146
 30
0.0
 11
-45234.973126708595
 21
56424.23878790701
 31
0.0
  0
LINE
  5
97
330
17
100
AcDbEntity
  8
FIAÇÃO_COMERCIAL
100
AcDbLine
 10
-45234.94690520519
 20
56424.25336298023
 30
0.0
 11
-45234.999348212
 21
56424.22421283379
 31
0.0
  0
TEXT
  5
98
330
17
100
AcDbEntity
  8
FIAÇÃO_COMERCIAL
100
AcDbText
 10
-45234.44881336149
 20
56424.54916801385
 30
0.0
 40
0.06
  1
2#1.5
 72
1
 11
-45234.44881336149
 21
56424.54916801385
 31
0.0
100
AcDbText
 73
2
  0
TEXT
  5
99
330
17
100
AcDbEntity
  8
FIAÇÃO_COMERCIAL
100
AcDbText
 10
-45234.67511838445
 20
56424.761031263566
 30
0.0
 40
0.06
  1
03
 72
1
 11
-45234.67511838445
 21
56424.761031263566
 31
0.0
100
AcDbText
 73
2
  0
TEXT
  5
9A
330
17
100
AcDbEntity
  8
FIAÇÃO_COMERCIAL
100
AcDbText
 10
-45234.56726101412
 20
56424.43514638535
 30
0.0
 40
0.06
  1
1#1.5
 72
1
 11
-45234.56726101412
 21
56424.43514638535
 31
0.0
100
AcDbText
 73
2
  0
TEXT
  5
9B
330
17
100
AcDbEntity
  8
FIAÇÃO_COMERCIAL
100
AcDbText
 10
-45234.77284174852
 20
56424.66717345627
 30
0.0
 40
0.06
  1
03a
 72
1
 11
-45234.77284174852
 21
56424.66717345627
 31
0.0
100
AcDbText
 73
2
  0
TEXT
  5
9C
330
17
100
AcDbEntity
  8
FIAÇÃO_COMERCIAL
100
AcDbText
 10
-45234.66686849235
 20
56424.35220133718
 30
0.0
 40
0.06
  1
1#1.5
 72
1
 11
-45234.66686849235
 21
56424.35220133718
 31
0.0
100
AcDbText
 73
2
  0
TEXT
  5
9D
330
17
100
AcDbEntity
  8
FIAÇÃO_COMERCIAL
100
AcDbText
 10
-45234.8576275988
 20
56424.596559605525
 30
0.0
 40
0.06
  1
03b
 72
1
 11
-45234.8576275988
 21
56424.596559605525
 31
0.0
100
AcDbText
 73
2
  0
TEXT
  5
9E
330
17
100
AcDbEntity
  8
FIAÇÃO_COMERCIAL
100
AcDbText
 10
-45234.79643216988
 20
56424.259017643075
 30
0.0
 40
0.06
  1
2#2.5
 72
1
 11
-45234.79643216988
 21
56424.259017643075
 31
0.0
100
AcDbText
 73
2
  0
TEXT
  5
9F
330
17
100
AcDbEntity
  8
FIAÇÃO_COMERCIAL
100
AcDbText
 10
-45234.97163174402
 20
56424.51476186925
 30
0.0
 40
0.06
  1
08
 72
1
 11
-45234.97163174402
 21
56424.51476186925
 31
0.0
100
AcDbText
 73
2
  0
TEXT
  5
A0
330
17
100
AcDbEntity
  8
FIAÇÃO_COMERCIAL
100
AcDbText
 10
-45234.93668902554
 20
56424.17323414851
 30
0.0
 40
0.06
  1
1#2.5
 72
1
 11
-45234.93668902554
 21
56424.17323414851
 31
0.0
100
AcDbText
 73
2
  0
LINE
  5
A1
330
17
100
AcDbEntity
  8
FIAÇÃO_COMERCIAL
100
AcDbLine
 10
-45235.71498804737
 20
56424.71647251809
 30
0.0
 11
-45235.77894302721
 21
56424.86313458052
 31
0.0
  0
LINE
  5
A2
330
17
100
AcDbEntity
  8
FIAÇÃO_COMERCIAL
100
AcDbLine
 10
-45235.77060021068
 20
56424.69244766301
 30
0.0
 11
-45235.83349042075
 21
56424.839569454314
 31
0.0
  0
LINE
  5
A3
330
17
100
AcDbEntity
  8
FIAÇÃO_COMERCIAL
100
AcDbLine
 10
-45235.83349042075
 20
56424.839569454314
 30
0.0
 11
-45235.79670997292
 21
56424.85529200683
 31
0.0
  0
LINE
  5
A4
330
17
100
AcDbEntity
  8
FIAÇÃO_COMERCIAL
100
AcDbLine
 10
-45235.88233875725
 20
56424.645608249266
 30
0.0
 11
-45235.94308957065
 21
56424.79362628421
 31
0.0
  0
LINE
  5
A5
330
17
100
AcDbEntity
  8
FIAÇÃO_COMERCIAL
100
AcDbLine
 10
-45235.93845929039
 20
56424.62279614292
 30
0.0
 11
-45235.99813558932
 21
56424.771250645535
 31
0.0
  0
LINE
  5
A6
330
17
100
AcDbEntity
  8
FIAÇÃO_COMERCIAL
100
AcDbLine
 10
-45235.99813558932
 20
56424.771250645535
 30
0.0
 11
-45235.96102196367
 21
56424.78616972027
 31
0.0
  0
LINE
  5
A7
330
17
100
AcDbEntity
  8
FIAÇÃO_COMERCIAL
100
AcDbLine
 10
-45236.051188185425
 20
56424.57839310293
 30
0.0
 11
-45236.10870610549
 21
56424.72769711785
 31
0.0
  0
LINE
  5
A8
330
17
100
AcDbEntity
  8
FIAÇÃO_COMERCIAL
100
AcDbLine
 10
-45236.10779064541
 20
56424.556804494016
 30
0.0
 11
-45236.16422481441
 21
56424.70652150897
 31
0.0
  0
LINE
  5
A9
330
17
100
AcDbEntity
  8
FIAÇÃO_COMERCIAL
100
AcDbLine
 10
-45236.16422481441
 20
56424.70652150897
 30
0.0
 11
-45236.126795560675
 21
56424.72063005122
 31
0.0
  0
LINE
  5
AA
330
17
100
AcDbEntity
  8
FIAÇÃO_COMERCIAL
100
AcDbLine
 10
-45236.22145677317
 20
56424.514858749724
 30
0.0
 11
-45236.27571460164
 21
56424.66537814398
 31
0.0
  0
LINE
  5
AB
330
17
100
AcDbEntity
  8
FIAÇÃO_COMERCIAL
100
AcDbLine
 10
-45236.24749221521
 20
56424.67555148682
 30
0.0
 11
-45236.303936988064
 21
56424.65520480114
 31
0.0
  0
TEXT
  5
AC
330
17
100
AcDbEntity
  8
FIAÇÃO_COMERCIAL
100
AcDbText
 10
-45235.81847447514
 20
56424.8787362219
 30
0.0
 40
0.06
  1
2#2.5
 50
-66.43941051331119
 72
2
 11
-45235.81847447514
 21
56424.8787362219
 31
0.0
100
AcDbText
 73
2
  0
TEXT
  5
AD
330
17
100
AcDbEntity
  8
FIAÇÃO_COMERCIAL
100
AcDbText
 10
-45235.730536377865
 20
56424.677075886066
 30
0.0
 40
0.06
  1
11
 50
-66.43941051331119
 11
-45235.730536377865
 21
56424.677075886066
 31
0.0
100
AcDbText
 73
2
  0
TEXT
  5
AE
330
17
100
AcDbEntity
  8
FIAÇÃO_COMERCIAL
100
AcDbText
 10
-45235.98227198612
 20
56424.810082729506
 30
0.0
 40
0.06
  1
2#4.0
 50
-67.68535810716484
 72
2
 11
-45235.98227198612
 21
56424.810082729506
 31
0.0
100
AcDbText
 73
2
  0
TEXT
  5
AF
330
17
100
AcDbEntity
  8
FIAÇÃO_COMERCIAL
100
AcDbText
 10
-45235.89873961769
 20
56424.60655793145
 30
0.0
 40
0.06
  1
31
 50
-67.68535810716484
 11
-45235.89873961769
 21
56424.60655793145
 31
0.0
100
AcDbText
 73
2
  0
TEXT
  5
B0
330
17
100
AcDbEntity
  8
FIAÇÃO_COMERCIAL
100
AcDbText
 10
-45236.14752100773
 20
56424.745000566196
 30
0.0
 40
0.06
  1
2#2.5
 50
-68.93130568559192
 72
2
 11
-45236.14752100773
 21
56424.745000566196
 31
0.0
100
AcDbText
 73
2
  0
TEXT
  5
B1
330
17
100
AcDbEntity
  8
FIAÇÃO_COMERCIAL
100
AcDbText
 10
-45236.06843386764
 20
56424.539707545686
 30
0.0
 40
0.06
  1
42
 50
-68.93130568559192
 11
-45236.06843386764
 21
56424.539707545686
 31
0.0
100
AcDbText
 73
2
  0
TEXT
  5
B2
330
17
100
AcDbEntity
  8
FIAÇÃO_COMERCIAL
100
AcDbText
 10
-45236.285887944476
 20
56424.69360053041
 30
0.0
 40
0.06
  1
1#4.0
 50
-70.17725328706351
 72
2
 11
-45236.285887944476
 21
56424.69360053041
 31
0.0
100
AcDbText
 73
2
  0
LINE
  5
B3
330
17
100
AcDbEntity
  8
FIAÇÃO_COMERCIAL
100
AcDbLine
 10
-45236.200497862956
 20
56425.438353099555
 30
0.0
 11
-45236.10616992951
 21
56425.309115949436
 31
0.0
  0
LINE
  5
B4
330
17
100
AcDbEntity
  8
FIAÇÃO_COMERCIAL
100
AcDbLine
 10
-45236.25009749325
 20
56425.40139982655
 30
0.0
 11
-45236.15280113678
 21
56425.274382430034
 31
0.0
  0
LINE
  5
B5
330
17
100
AcDbEntity
  8
FIAÇÃO_COMERCIAL
100
AcDbLine
 10
-45236.15280113678
 20
56425.274382430034
 30
0.0
 11
-45236.12104678765
 21
56425.298706519156
 31
0.0
  0
LINE
  5
B6
330
17
100
AcDbEntity
  8
FIAÇÃO_COMERCIAL
100
AcDbLine
 10
-45236.34666707038
 20
56425.324102062405
 30
0.0
 11
-45236.243592081984
 21
56425.201727445885
 31
0.0
  0
LINE
  5
B7
330
17
100
AcDbEntity
  8
FIAÇÃO_COMERCIAL
100
AcDbLine
 10
-45236.220646841386
 20
56425.22105400621
 30
0.0
 11
-45236.26653732258
 21
56425.18240088556
 31
0.0
  0
TEXT
  5
B8
330
17
100
AcDbEntity
  8
FIAÇÃO_COMERCIAL
100
AcDbText
 10
-45236.0860114201
 20
56425.23061433722
 30
0.0
 40
0.06
  1
2#1.5
 72
1
 11
-45236.0860114201
 21
56425.23061433722
 31
0.0
100
AcDbText
 73
2
  0
TEXT
  5
B9
330
17
100
AcDbEntity
  8
FIAÇÃO_COMERCIAL
100
AcDbText
 10
-45236.268771791154
 20
56425.481011315576
 30
0.0
 40
0.06
  1
43
 72
1
 11
-45236.268771791154
 21
56425.481011315576
 31
0.0
100
AcDbText
 73
2
  0
TEXT
  5
BA
330
17
100
AcDbEntity
  8
FIAÇÃO_COMERCIAL
100
AcDbText
 10
-45236.19527568117
 20
56425.1443643444
 30
0.0
 40
0.06
  1
1#1.5
 72
1
 11
-45236.19527568117
 21
56425.1443643444
 31
0.0
100
AcDbText
 73
2
  0
LWPOLYLINE
  5
BB
330
17
100
AcDbEntity
  8
INFR - ELETRODUTO_EMBUTIDO
100
AcDbPolyline
 90
2
 70
0
 10
-45234.03
 20
56425.8
 42
-0.7903654512374556
 10
-45234.755
 20
56423.865
  0
LWPOLYLINE
  5
BC
330
17
100
AcDbEntity
  8
INFR - ELETRODUTO_EMBUTIDO
100
AcDbPolyline
 90
2
 70
0
 10
-45234.03
 20
56425.8
 42
-0.20963454876254434
 10
-45234.755
 20
56423.865
  0
LINE
  5
BD
330
17
100
AcDbEntity
  8
FIAÇÃO_COMERCIAL
100
AcDbLine
 10
-45233.75506164389
 20
56424.45796464235
 30
0.0
 11
-45233.61356298843
 21
56424.38327775929
 31
0.0
  0
LINE
  5
BE
330
17
100
AcDbEntity
  8
FIAÇÃO_COMERCIAL
100
AcDbLine
 10
-45233.61356298843
 20
56424.38327775929
 30
0.0
 11
-45233.59489126766
 21
56424.418652423155
 31
0.0
  0
LINE
  5
BF
330
17
100
AcDbEntity
  8
FIAÇÃO_COMERCIAL
100
AcDbLine
 10
-45233.74644564702
 20
56424.318034646196
 30
0.0
 11
-45233.6803603168
 21
56424.27294884877
 31
0.0
  0
LINE
  5
C0
330
17
100
AcDbEntity
  8
FIAÇÃO_COMERCIAL
100
AcDbLine
 10
-45233.81975079362
 20
56424.22310886011
 30
0.0
 11
-45233.75917304992
 21
56424.17085623369
 31
0.0
  0
LINE
  5
C1
330
17
100
AcDbEntity
  8
FIAÇÃO_COMERCIAL
100
AcDbLine
 10
-45233.9032926354
 20
56424.13705476385
 30
0.0
 11
-45233.84899576209
 21
56424.07830232093
 31
0.0
  0
LINE
  5
C2
330
17
100
AcDbEntity
  8
FIAÇÃO_COMERCIAL
100
AcDbLine
 10
-45233.99600546739
 20
56424.060970106606
 30
0.0
 11
-45233.94868257207
 21
56423.996467830846
 31
0.0
  0
LINE
  5
C3
330
17
100
AcDbEntity
  8
FIAÇÃO_COMERCIAL
100
AcDbLine
 10
-45234.136451428436
 20
56424.06525418963
 30
0.0
 11
-45234.05696176141
 21
56423.92639673453
 31
0.0
  0
LINE
  5
C4
330
17
100
AcDbEntity
  8
FIAÇÃO_COMERCIAL
100
AcDbLine
 10
-45234.18541410617
 20
56424.03918419142
 30
0.0
 11
-45234.11389564051
 21
56423.89605799161
 31
0.0
  0
LINE
  5
C5
330
17
100
AcDbEntity
  8
FIAÇÃO_COMERCIAL
100
AcDbLine
 10
-45234.11389564051
 20
56423.89605799161
 30
0.0
 11
-45234.07811409056
 21
56423.91393760802
 31
0.0
  0
LINE
  5
C6
330
17
100
AcDbEntity
  8
FIAÇÃO_COMERCIAL
100
AcDbLine
 10
-45234.28736092743
 20
56423.99553813641
 30
0.0
 11
-45234.23244393095
 21
56423.845257986366
 31
0.0
  0
LINE
  5
C7
330
17
100
AcDbEntity
  8
FIAÇÃO_COMERCIAL
100
AcDbLine
 10
-45234.20426640282
 20
56423.855554923204
 30
0.0
 11
-45234.260621459085
 21
56423.83496104953
 31
0.0
  0
TEXT
  5
C8
330
17
100
AcDbEntity
  8
FIAÇÃO_COMERCIAL
100
AcDbText
 10
-45233.58703199053
 20
56424.36927396871
 30
0.0
 40
0.06
  1
1#1.5
 50
-27.826325021270588
 11
-45233.58703199053
 21
56424.36927396871
 31
0.0
100
AcDbText
 73
2
  0
TEXT
  5
C9
330
17
100
AcDbEntity
  8
FIAÇÃO_COMERCIAL
100
AcDbText
 10
-45233.78159264179
 20
56424.47196843293
 30
0.0
 40
0.06
  1
03
 50
-27.826325021270588
 72
2
 11
-45233.78159264179
 21
56424.47196843293
 31
0.0
100
AcDbText
 73
2
  0
TEXT
  5
CA
330
17
100
AcDbEntity
  8
FIAÇÃO_COMERCIAL
100
AcDbText
 10
-45233.655578317965
 20
56424.25604167474
 30
0.0
 40
0.06
  1
1#1.5
 50
-34.3032195414884
 11
-45233.655578317965
 21
56424.25604167474
 31
0.0
100
AcDbText
 73
2
  0
TEXT
  5
CB
330
17
100
AcDbEntity
  8
FIAÇÃO_COMERCIAL
100
AcDbText
 10
-45233.83731297607
 20
56424.380027617655
 30
0.0
 40
0.06
  1
03a
 50
-34.3032195414884
 72
2
 11
-45233.83731297607
 21
56424.380027617655
 31
0.0
100
AcDbText
 73
2
  0
TEXT
  5
CC
330
17
100
AcDbEntity
  8
FIAÇÃO_COMERCIAL
100
AcDbText
 10
-45233.73645639603
 20
56424.15126149878
 30
0.0
 40
0.06
  1
1#1.5
 50
-40.78011404231438
 11
-45233.73645639603
 21
56424.15126149878
 31
0.0
100
AcDbText
 73
2
  0
TEXT
  5
CD
330
17
100
AcDbEntity
  8
FIAÇÃO_COMERCIAL
100
AcDbText
 10
-45233.90304519121
 20
56424.29495622144
 30
0.0
 40
0.06
  1
03b
 50
-40.78011404231438
 72
2
 11
-45233.90304519121
 21
56424.29495622144
 31
0.0
100
AcDbText
 73
2
  0
TEXT
  5
CE
330
17
100
AcDbEntity
  8
FIAÇÃO_COMERCIAL
100
AcDbText
 10
-45233.8286344346
 20
56424.05627015483
 30
0.0
 40
0.06
  1
1#1.5
 50
-47.2570085597689
 11
-45233.8286344346
 21
56424.05627015483
 31
0.0
100
AcDbText
 73
2
  0
TEXT
  5
CF
330
17
100
AcDbEntity
  8
FIAÇÃO_COMERCIAL
100
AcDbText
 10
-45233.9779508362
 20
56424.21783937287
 30
0.0
 40
0.06
  1
03c
 50
-47.2570085597689
 72
2
 11
-45233.9779508362
 21
56424.21783937287
 31
0.0
100
AcDbText
 73
2
  0
TEXT
  5
D0
330
17
100
AcDbEntity
  8
FIAÇÃO_COMERCIAL
100
AcDbText
 10
-45233.93093648632
 20
56423.972279477435
 30
0.0
 40
0.06
  1
1#1.5
 50
-53.733903042627176
 11
-45233.93093648632
 21
56423.972279477435
 31
0.0
100
AcDbText
 73
2
  0
TEXT
  5
D1
330
17
100
AcDbEntity
  8
FIAÇÃO_COMERCIAL
100
AcDbText
 10
-45234.06107444845
 20
56424.14966073578
 30
0.0
 40
0.06
  1
03d
 50
-53.733903042627176
 72
2
 11
-45234.06107444845
 21
56424.14966073578
 31
0.0
100
AcDbText
 73
2
  0
TEXT
  5
D2
330
17
100
AcDbEntity
  8
FIAÇÃO_COMERCIAL
100
AcDbText
 10
-45234.068531588055
 20
56423.886258776416
 30
0.0
 40
0.06
  1
2#2.5
 50
-60.21079758265649
 11
-45234.068531588055
 21
56423.886258776416
 31
0.0
100
AcDbText
 73
2
  0
TEXT
  5
D3
330
17
100
AcDbEntity
  8
FIAÇÃO_COMERCIAL
100
AcDbText
 10
-45234.17782988021
 20
56424.07718777718
 30
0.0
 40
0.06
  1
06
 50
-60.21079758265649
 72
2
 11
-45234.17782988021
 21
56424.07718777718
 31
0.0
100
AcDbText
 73
2
  0
TEXT
  5
D4
330
17
100
AcDbEntity
  8
FIAÇÃO_COMERCIAL
100
AcDbText
 10
-45234.222146994114
 20
56423.81708045823
 30
0.0
 40
0.06
  1
1#2.5
 50
-69.92613931475427
 11
-45234.222146994114
 21
56423.81708045823
 31
0.0
100
AcDbText
 73
2
  0
LINE
  5
D5
330
17
100
AcDbEntity
  8
FIAÇÃO_COMERCIAL
100
AcDbLine
 10
-45234.19924688127
 20
56424.98422636591
 30
0.0
 11
-45234.045244126755
 21
56424.94083107119
 31
0.0
  0
LINE
  5
D6
330
17
100
AcDbEntity
  8
FIAÇÃO_COMERCIAL
100
AcDbLine
 10
-45234.215636661495
 20
56424.928457743015
 30
0.0
 11
-45234.06269111746
 21
56424.881471994515
 31
0.0
  0
LINE
  5
D7
330
17
100
AcDbEntity
  8
FIAÇÃO_COMERCIAL
100
AcDbLine
 10
-45234.06269111746
 20
56424.881471994515
 30
0.0
 11
-45234.05094468033
 21
56424.91970838052
 31
0.0
  0
LINE
  5
D8
330
17
100
AcDbEntity
  8
FIAÇÃO_COMERCIAL
100
AcDbLine
 10
-45234.2522945909
 20
56424.81814266153
 30
0.0
 11
-45234.10171393203
 21
56424.76405509204
 31
0.0
  0
LINE
  5
D9
330
17
100
AcDbEntity
  8
FIAÇÃO_COMERCIAL
100
AcDbLine
 10
-45234.27254280463
 20
56424.7636561957
 30
0.0
 11
-45234.12326852629
 21
56424.70606114534
 31
0.0
  0
LINE
  5
DA
330
17
100
AcDbEntity
  8
FIAÇÃO_COMERCIAL
100
AcDbLine
 10
-45234.12326852629
 20
56424.70606114534
 30
0.0
 11
-45234.108869763695
 21
56424.74337971493
 31
0.0
  0
LINE
  5
DB
330
17
100
AcDbEntity
  8
FIAÇÃO_COMERCIAL
100
AcDbLine
 10
-45234.316822678826
 20
56424.65617355503
 30
0.0
 11
-45234.17040546349
 21
56424.59165999789
 31
0.0
  0
LINE
  5
DC
330
17
100
AcDbEntity
  8
FIAÇÃO_COMERCIAL
100
AcDbLine
 10
-45234.3408302589
 20
56424.603235832525
 30
0.0
 11
-45234.19596216248
 21
56424.53531503572
 31
0.0
  0
LINE
  5
DD
330
17
100
AcDbEntity
  8
FIAÇÃO_COMERCIAL
100
AcDbLine
 10
-45234.19596216248
 20
56424.53531503572
 30
0.0
 11
-45234.178981963276
 21
56424.571532059825
 31
0.0
  0
LINE
  5
DE
330
17
100
AcDbEntity
  8
FIAÇÃO_COMERCIAL
100
AcDbLine
 10
-45234.39251543263
 20
56424.49911151382
 30
0.0
 11
-45234.2509825109
 21
56424.4244895863
 31
0.0
  0
LINE
  5
DF
330
17
100
AcDbEntity
  8
FIAÇÃO_COMERCIAL
100
AcDbLine
 10
-45234.236990899495
 20
56424.45102700913
 30
0.0
 11
-45234.26497412231
 21
56424.397952163476
 31
0.0
  0
TEXT
  5
E0
330
17
100
AcDbEntity
  8
FIAÇÃO_COMERCIAL
100
AcDbText
 10
-45233.98151452831
 20
56424.891707601906
 30
0.0
 40
0.06
  1
2#4.0
 72
1
 11
-45233.98151452831
 21
56424.891707601906
 31
0.0
100
AcDbText
 73
2
  0
TEXT
  5
E1
330
17
100
AcDbEntity
  8
FIAÇÃO_COMERCIAL
100
AcDbText
 10
-45234.279894865176
 20
56424.97578598541
 30
0.0
 40
0.06
  1
10
 72
1
 11
-45234.279894865176
 21
56424.97578598541
 31
0.0
100
AcDbText
 73
2
  0
TEXT
  5
E2
330
17
100
AcDbEntity
  8
FIAÇÃO_COMERCIAL
100
AcDbText
 10
-45234.041579950186
 20
56424.71058144071
 30
0.0
 40
0.06
  1
2#2.5
 72
1
 11
-45234.041579950186
 21
56424.71058144071
 31
0.0
100
AcDbText
 73
2
  0
TEXT
  5
E3
330
17
100
AcDbEntity
  8
FIAÇÃO_COMERCIAL
100
AcDbText
 10
-45234.33332997675
 20
56424.81537610659
 30
0.0
 40
0.06
  1
32
 72
1
 11
-45234.33332997675
 21
56424.81537610659
 31
0.0
100
AcDbText
 73
2
  0
TEXT
  5
E4
330
17
100
AcDbEntity
  8
FIAÇÃO_COMERCIAL
100
AcDbText
 10
-45234.11416346357
 20
56424.53409859681
 30
0.0
 40
0.06
  1
2#2.5
 72
1
 11
-45234.11416346357
 21
56424.53409859681
 31
0.0
100
AcDbText
 73
2
  0
TEXT
  5
E5
330
17
100
AcDbEntity
  8
FIAÇÃO_COMERCIAL
100
AcDbText
 10
-45234.397846818276
 20
56424.659093613765
 30
0.0
 40
0.06
  1
33
 72
1
 11
-45234.397846818276
 21
56424.659093613765
 31
0.0
100
AcDbText
 73
2
  0
TEXT
  5
E6
330
17
100
AcDbEntity
  8
FIAÇÃO_COMERCIAL
100
AcDbText
 10
-45234.18463895383
 20
56424.38951055778
 30
0.0
 40
0.06
  1
1#4.0
 72
1
 11
-45234.18463895383
 21
56424.38951055778
 31
0.0
100
AcDbText
 73
2
  0
LWPOLYLINE
  5
E7
330
17
100
AcDbEntity
  8
INFR - ELETRODUTO_EMBUTIDO
100
AcDbPolyline
 90
2
 70
0
 10
-45218.34
 20
56418.6
 42
-0.8443521280942732
 10
-45219.613
 20
56418.8953
  0
LWPOLYLINE
  5
E8
330
17
100
AcDbEntity
  8
INFR - ELETRODUTO_EMBUTIDO
100
AcDbPolyline
 90
2
 70
0
 10
-45218.34
 20
56418.6
 42
-0.15564787190572688
 10
-45219.613
 20
56418.8953
  0
LINE
  5
E9
330
17
100
AcDbEntity
  8
FIAÇÃO_COMERCIAL
100
AcDbLine
 10
-45219.09553474491
 20
56418.29118039508
 30
0.0
 11
-45219.13639893947
 21
56418.13648677011
 31
0.0
  0
LINE
  5
EA
330
17
100
AcDbEntity
  8
FIAÇÃO_COMERCIAL
100
AcDbLine
 10
-45219.147103960975
 20
56418.30691746418
 30
0.0
 11
-45219.19956628319
 21
56418.155762891816
 31
0.0
  0
LINE
  5
EB
330
17
100
AcDbEntity
  8
FIAÇÃO_COMERCIAL
100
AcDbLine
 10
-45219.19956628319
 20
56418.155762891816
 30
0.0
 11
-45219.161777640096
 21
56418.142647311266
 31
0.0
  0
LINE
  5
EC
330
17
100
AcDbEntity
  8
FIAÇÃO_COMERCIAL
100
AcDbLine
 10
-45219.28216167412
 20
56418.28151622397
 30
0.0
 11
-45219.32163429225
 21
56418.21193237227
 31
0.0
  0
LINE
  5
ED
330
17
100
AcDbEntity
  8
FIAÇÃO_COMERCIAL
100
AcDbLine
 10
-45219.32876264796
 20
56418.41176130716
 30
0.0
 11
-45219.431584896825
 21
56418.289174255886
 31
0.0
  0
LINE
  5
EE
330
17
100
AcDbEntity
  8
FIAÇÃO_COMERCIAL
100
AcDbLine
 10
-45219.367339828794
 20
56418.447671824
 30
0.0
 11
-45219.480872977525
 21
56418.33493219414
 31
0.0
  0
LINE
  5
EF
330
17
100
AcDbEntity
  8
FIAÇÃO_COMERCIAL
100
AcDbLine
 10
-45219.480872977525
 20
56418.33493219414
 30
0.0
 11
-45219.452688070065
 21
56418.306548906956
 31
0.0
  0
LINE
  5
F0
330
17
100
AcDbEntity
  8
FIAÇÃO_COMERCIAL
100
AcDbLine
 10
-45219.43400015001
 20
56418.529186506996
 30
0.0
 11
-45219.56605775759
 21
56418.438849425576
 31
0.0
  0
LINE
  5
F1
330
17
100
AcDbEntity
  8
FIAÇÃO_COMERCIAL
100
AcDbLine
 10
-45219.46153815837
 20
56418.57412398342
 30
0.0
 11
-45219.60125614
 21
56418.496156774854
 31
0.0
  0
LINE
  5
F2
330
17
100
AcDbEntity
  8
FIAÇÃO_COMERCIAL
100
AcDbLine
 10
-45219.60125614
 20
56418.496156774854
 30
0.0
 11
-45219.581764337854
 21
56418.46122727945
 31
0.0
  0
LINE
  5
F3
330
17
100
AcDbEntity
  8
FIAÇÃO_COMERCIAL
100
AcDbLine
 10
-45219.50390572892
 20
56418.6705245782
 30
0.0
 11
-45219.65542454045
 21
56418.61912370512
 31
0.0
  0
LINE
  5
F4
330
17
100
AcDbEntity
  8
FIAÇÃO_COMERCIAL
100
AcDbLine
 10
-45219.64578687675
 20
56418.59071392796
 30
0.0
 11
-45219.66506220415
 21
56418.647533482275
 31
0.0
  0
TEXT
  5
F5
330
17
100
AcDbEntity
  8
FIAÇÃO_COMERCIAL
100
AcDbText
 10
-45219.172745115895
 20
56418.116235013134
 30
0.0
 40
0.06
  1
2#2.5
 50
75.20263962707332
 72
2
 11
-45219.172745115895
 21
56418.116235013134
 31
0.0
100
AcDbText
 73
2
  0
TEXT
  5
F6
330
17
100
AcDbEntity
  8
FIAÇÃO_COMERCIAL
100
AcDbText
 10
-45219.116556848385
 20
56418.32893874745
 30
0.0
 40
0.06
  1
04
 50
75.20263962707332
 11
-45219.116556848385
 21
56418.32893874745
 31
0.0
100
AcDbText
 73
2
  0
TEXT
  5
F7
330
17
100
AcDbEntity
  8
FIAÇÃO_COMERCIAL
100
AcDbText
 10
-45219.336436524056
 20
56418.18583842788
 30
0.0
 40
0.06
  1
1#2.5
 50
60.43519126349142
 72
2
 11
-45219.336436524056
 21
56418.18583842788
 31
0.0
100
AcDbText
 73
2
  0
TEXT
  5
F8
330
17
100
AcDbEntity
  8
FIAÇÃO_COMERCIAL
100
AcDbText
 10
-45219.227886824185
 20
56418.37719402006
 30
0.0
 40
0.06
  1
04d
 50
60.43519126349142
 11
-45219.227886824185
 21
56418.37719402006
 31
0.0
100
AcDbText
 73
2
  0
TEXT
  5
F9
330
17
100
AcDbEntity
  8
FIAÇÃO_COMERCIAL
100
AcDbText
 10
-45219.47283038387
 20
56418.28660629755
 30
0.0
 40
0.06
  1
2#2.5
 50
50.0111101124202
 72
2
 11
-45219.47283038387
 21
56418.28660629755
 31
0.0
100
AcDbText
 73
2
  0
TEXT
  5
FA
330
17
100
AcDbEntity
  8
FIAÇÃO_COMERCIAL
100
AcDbText
 10
-45219.33144979168
 20
56418.45516349304
 30
0.0
 40
0.06
  1
09
 50
50.0111101124202
 11
-45219.33144979168
 21
56418.45516349304
 31
0.0
100
AcDbText
 73
2
  0
TEXT
  5
FB
330
17
100
AcDbEntity
  8
FIAÇÃO_COMERCIAL
100
AcDbText
 10
-45219.6065026567
 20
56418.44747242922
 30
0.0
 40
0.06
  1
2#2.5
 50
34.374988402819326
 72
2
 11
-45219.6065026567
 21
56418.44747242922
 31
0.0
100
AcDbText
 73
2
  0
TEXT
  5
FC
330
17
100
AcDbEntity
  8
FIAÇÃO_COMERCIAL
100
AcDbText
 10
-45219.424923446284
 20
56418.57168591619
 30
0.0
 40
0.06
  1
35
 50
34.374988402819326
 11
-45219.424923446284
 21
56418.57168591619
 31
0.0
100
AcDbText
 73
2
  0
TEXT
  5
FD
330
17
100
AcDbEntity
  8
FIAÇÃO_COMERCIAL
100
AcDbText
 10
-45219.683834317606
 20
56418.609486041416
 30
0.0
 40
0.06
  1
1#2.5
 50
18.738866587016815
 72
2
 11
-45219.683834317606
 21
56418.609486041416
 31
0.0
100
AcDbText
 73
2
  0
LINE
  5
FE
330
17
100
AcDbEntity
  8
FIAÇÃO_COMERCIAL
100
AcDbLine
 10
-45218.597733590446
 20
56418.6746808623
 30
0.0
 11
-45218.60388221881
 21
56418.51479904854
 31
0.0
  0
LINE
  5
FF
330
17
100
AcDbEntity
  8
FIAÇÃO_COMERCIAL
100
AcDbLine
 10
-45218.655399777475
 20
56418.677831597866
 30
0.0
 11
-45218.666033970905
 21
56418.51818538298
 31
0.0
  0
LINE
  5
100
330
17
100
AcDbEntity
  8
FIAÇÃO_COMERCIAL
100
AcDbLine
 10
-45218.666033970905
 20
56418.51818538298
 30
0.0
 11
-45218.62612241718
 21
56418.51552683462
 31
0.0
  0
LINE
  5
101
330
17
100
AcDbEntity
  8
FIAÇÃO_COMERCIAL
100
AcDbLine
 10
-45218.77035625124
 20
56418.68895203928
 30
0.0
 11
-45218.78993290316
 21
56418.53015419705
 31
0.0
  0
LINE
  5
102
330
17
100
AcDbEntity
  8
FIAÇÃO_COMERCIAL
100
AcDbLine
 10
-45218.827557051976
 20
56418.696913086525
 30
0.0
 11
-45218.85158354977
 21
56418.53872734948
 31
0.0
  0
LINE
  5
103
330
17
100
AcDbEntity
  8
FIAÇÃO_COMERCIAL
100
AcDbLine
 10
-45218.85158354977
 20
56418.53872734948
 30
0.0
 11
-45218.81203711551
 21
56418.53272072503
 31
0.0
  0
LINE
  5
104
330
17
100
AcDbEntity
  8
FIAÇÃO_COMERCIAL
100
AcDbLine
 10
-45218.941181181035
 20
56418.71760584872
 30
0.0
 11
-45218.974047071366
 21
56418.56101774811
 31
0.0
  0
LINE
  5
105
330
17
100
AcDbEntity
  8
FIAÇÃO_COMERCIAL
100
AcDbLine
 10
-45218.944686802504
 20
56418.55485539367
 30
0.0
 11
-45219.00340734023
 21
56418.567180102546
 31
0.0
  0
TEXT
  5
106
330
17
100
AcDbEntity
  8
FIAÇÃO_COMERCIAL
100
AcDbText
 10
-45218.634989571416
 20
56418.48645547596
 30
0.0
 40
0.06
  1
2#2.5
 50
87.79764236036736
 72
2
 11
-45218.634989571416
 21
56418.48645547596
 31
0.0
100
AcDbText
 73
2
  0
TEXT
  5
107
330
17
100
AcDbEntity
  8
FIAÇÃO_COMERCIAL
100
AcDbText
 10
-45218.626535207404
 20
56418.70629296988
 30
0.0
 40
0.06
  1
36
 50
87.79764236036736
 11
-45218.626535207404
 21
56418.70629296988
 31
0.0
100
AcDbText
 73
2
  0
TEXT
  5
108
330
17
100
AcDbEntity
  8
FIAÇÃO_COMERCIAL
100
AcDbText
 10
-45218.82331638723
 20
56418.50451315154
 30
0.0
 40
0.06
  1
2#2.5
 50
82.97201754188362
 72
2
 11
-45218.82331638723
 21
56418.50451315154
 31
0.0
100
AcDbText
 73
2
  0
TEXT
  5
109
330
17
100
AcDbEntity
  8
FIAÇÃO_COMERCIAL
100
AcDbText
 10
-45218.796398490835
 20
56418.72286018462
 30
0.0
 40
0.06
  1
41
 50
82.97201754188362
 11
-45218.796398490835
 21
56418.72286018462
 31
0.0
100
AcDbText
 73
2
  0
TEXT
  5
10A
330
17
100
AcDbEntity
  8
FIAÇÃO_COMERCIAL
100
AcDbText
 10
-45218.980209425805
 20
56418.531657479245
 30
0.0
 40
0.06
  1
1#2.5
 50
78.14639266068876
 72
2
 11
-45218.980209425805
 21
56418.531657479245
 31
0.0
100
AcDbText
 73
2
  0
LWPOLYLINE
  5
10B
330
17
100
AcDbEntity
  8
INFR - ELETRODUTO_EMBUTIDO
100
AcDbPolyline
 90
2
 70
0
 10
-45234.03
 20
56425.8
 42
-0.7350421314051598
 10
-45232.365
 20
56423.865
  0
LWPOLYLINE
  5
10C
330
17
100
AcDbEntity
  8
INFR - ELETRODUTO_EMBUTIDO
100
AcDbPolyline
 90
2
 70
0
 10
-45234.03
 20
56425.8
 42
-0.2649578685948401
 10
-45232.365
 20
56423.865
  0
LINE
  5
10D
330
17
100
AcDbEntity
  8
FIAÇÃO_COMERCIAL
100
AcDbLine
 10
-45232.333632804584
 20
56425.04153106965
 30
0.0
 11
-45232.18513297655
 21
56425.101094490245
 31
0.0
  0
LINE
  5
10E
330
17
100
AcDbEntity
  8
FIAÇÃO_COMERCIAL
100
AcDbLine
 10
-45232.313755393436
 20
56424.988744561044
 30
0.0
 11
-45232.16273305162
 21
56425.04158632742
 31
0.0
  0
LINE
  5
10F
330
17
100
AcDbEntity
  8
FIAÇÃO_COMERCIAL
100
AcDbLine
 10
-45232.16273305162
 20
56425.04158632742
 30
0.0
 11
-45232.17594349322
 21
56425.07934191287
 31
0.0
  0
LINE
  5
110
330
17
100
AcDbEntity
  8
FIAÇÃO_COMERCIAL
100
AcDbLine
 10
-45232.20362291818
 20
56424.900310806
 30
0.0
 11
-45232.12604757535
 21
56424.91985731936
 31
0.0
  0
LINE
  5
111
330
17
100
AcDbEntity
  8
FIAÇÃO_COMERCIAL
100
AcDbLine
 10
-45232.17943321258
 20
56424.782815779145
 30
0.0
 11
-45232.10041815225
 21
56424.79533058001
 31
0.0
  0
LINE
  5
112
330
17
100
AcDbEntity
  8
FIAÇÃO_COMERCIAL
100
AcDbLine
 10
-45232.24568848103
 20
56424.658243430255
 30
0.0
 11
-45232.0860510127
 21
56424.669008127545
 31
0.0
  0
LINE
  5
113
330
17
100
AcDbEntity
  8
FIAÇÃO_COMERCIAL
100
AcDbLine
 10
-45232.24309015962
 20
56424.60189827804
 30
0.0
 11
-45232.08313049693
 21
56424.60549081363
 31
0.0
  0
LINE
  5
114
330
17
100
AcDbEntity
  8
FIAÇÃO_COMERCIAL
100
AcDbLine
 10
-45232.08313049693
 20
56424.60549081363
 30
0.0
 11
-45232.08402863083
 21
56424.6454807293
 31
0.0
  0
LINE
  5
115
330
17
100
AcDbEntity
  8
FIAÇÃO_COMERCIAL
100
AcDbLine
 10
-45232.24548280215
 20
56424.48914198117
 30
0.0
 11
-45232.08584495194
 21
56424.47838294879
 31
0.0
  0
LINE
  5
116
330
17
100
AcDbEntity
  8
FIAÇÃO_COMERCIAL
100
AcDbLine
 10
-45232.08382763337
 20
56424.50831504571
 30
0.0
 11
-45232.087862270506
 21
56424.44845085188
 31
0.0
  0
TEXT
  5
117
330
17
100
AcDbEntity
  8
FIAÇÃO_COMERCIAL
100
AcDbText
 10
-45232.10495434814
 20
56425.10094117579
 30
0.0
 40
0.06
  1
2#1.5
 72
1
 11
-45232.10495434814
 21
56425.10094117579
 31
0.0
100
AcDbText
 73
2
  0
TEXT
  5
118
330
17
100
AcDbEntity
  8
FIAÇÃO_COMERCIAL
100
AcDbText
 10
-45232.39267276496
 20
56424.98553704838
 30
0.0
 40
0.06
  1
03
 72
1
 11
-45232.39267276496
 21
56424.98553704838
 31
0.0
100
AcDbText
 73
2
  0
TEXT
  5
119
330
17
100
AcDbEntity
  8
FIAÇÃO_COMERCIAL
100
AcDbText
 10
-45232.05332069145
 20
56424.93818217564
 30
0.0
 40
0.06
  1
1#1.5
 72
1
 11
-45232.05332069145
 21
56424.93818217564
 31
0.0
100
AcDbText
 73
2
  0
TEXT
  5
11A
330
17
100
AcDbEntity
  8
FIAÇÃO_COMERCIAL
100
AcDbText
 10
-45232.35392514492
 20
56424.86243943636
 30
0.0
 40
0.06
  1
03c
 72
1
 11
-45232.35392514492
 21
56424.86243943636
 31
0.0
100
AcDbText
 73
2
  0
TEXT
  5
11B
330
17
100
AcDbEntity
  8
FIAÇÃO_COMERCIAL
100
AcDbText
 10
-45232.02634153319
 20
56424.80706320583
 30
0.0
 40
0.06
  1
1#1.5
 72
1
 11
-45232.02634153319
 21
56424.80706320583
 31
0.0
100
AcDbText
 73
2
  0
TEXT
  5
11C
330
17
100
AcDbEntity
  8
FIAÇÃO_COMERCIAL
100
AcDbText
 10
-45232.33252489197
 20
56424.75856835246
 30
0.0
 40
0.06
  1
03d
 72
1
 11
-45232.33252489197
 21
56424.75856835246
 31
0.0
100
AcDbText
 73
2
  0
TEXT
  5
11D
330
17
100
AcDbEntity
  8
FIAÇÃO_COMERCIAL
100
AcDbText
 10
-45232.009841240135
 20
56424.644088462854
 30
0.0
 40
0.06
  1
2#2.5
 72
1
 11
-45232.009841240135
 21
56424.644088462854
 31
0.0
100
AcDbText
 73
2
  0
TEXT
  5
11E
330
17
100
AcDbEntity
  8
FIAÇÃO_COMERCIAL
100
AcDbText
 10
-45232.319138835
 20
56424.62323186187
 30
0.0
 40
0.06
  1
34
 72
1
 11
-45232.319138835
 21
56424.62323186187
 31
0.0
100
AcDbText
 73
2
  0
TEXT
  5
11F
330
17
100
AcDbEntity
  8
FIAÇÃO_COMERCIAL
100
AcDbText
 10
-45232.01101470964
 20
56424.47333965237
 30
0.0
 40
0.06
  1
1#2.5
 72
1
 11
-45232.01101470964
 21
56424.47333965237
 31
0.0
100
AcDbText
 73
2
  0
LINE
  5
120
330
17
100
AcDbEntity
  8
FIAÇÃO_COMERCIAL
100
AcDbLine
 10
-45232.95566901467
 20
56425.18894442052
 30
0.0
 11
-45233.0723873363
 21
56425.07950570071
 31
0.0
  0
LINE
  5
121
330
17
100
AcDbEntity
  8
FIAÇÃO_COMERCIAL
100
AcDbLine
 10
-45232.91390088723
 20
56425.14331314835
 30
0.0
 11
-45233.03313524222
 21
56425.03662121526
 31
0.0
  0
LINE
  5
122
330
17
100
AcDbEntity
  8
FIAÇÃO_COMERCIAL
100
AcDbLine
 10
-45233.03313524222
 20
56425.03662121526
 30
0.0
 11
-45233.059808225495
 21
56425.06642980401
 31
0.0
  0
LINE
  5
123
330
17
100
AcDbEntity
  8
FIAÇÃO_COMERCIAL
100
AcDbLine
 10
-45232.83360675846
 20
56425.04919653218
 30
0.0
 11
-45232.95767797569
 21
56424.948170134354
 31
0.0
  0
LINE
  5
124
330
17
100
AcDbEntity
  8
FIAÇÃO_COMERCIAL
100
AcDbLine
 10
-45232.97662042528
 20
56424.97143348758
 30
0.0
 11
-45232.9387355261
 21
56424.924906781125
 31
0.0
  0
TEXT
  5
125
330
17
100
AcDbEntity
  8
FIAÇÃO_COMERCIAL
100
AcDbText
 10
-45233.10684399419
 20
56425.006077361395
 30
0.0
 40
0.06
  1
2#2.5
 72
1
 11
-45233.10684399419
 21
56425.006077361395
 31
0.0
100
AcDbText
 73
2
  0
TEXT
  5
126
330
17
100
AcDbEntity
  8
FIAÇÃO_COMERCIAL
100
AcDbText
 10
-45232.880702246024
 20
56425.218114881034
 30
0.0
 40
0.06
  1
42
 72
1
 11
-45232.880702246024
 21
56425.218114881034
 31
0.0
100
AcDbText
 73
2
  0
TEXT
  5
127
330
17
100
AcDbEntity
  8
FIAÇÃO_COMERCIAL
100
AcDbText
 10
-45233.01583635876
 20
56424.900814010376
 30
0.0
 40
0.06
  1
1#2.5
 72
1
 11
-45233.01583635876
 21
56424.900814010376
 31
0.0
100
AcDbText
 73
2
  0
LWPOLYLINE
  5
128
330
17
100
AcDbEntity
  8
INFR - ELETRODUTO_EMBUTIDO
100
AcDbPolyline
 90
2
 70
0
 10
-45218.34
 20
56418.6
 42
0.37615893172057757
 10
-45216.6
 20
56421.79
  0
LWPOLYLINE
  5
129
330
17
100
AcDbEntity
  8
INFR - ELETRODUTO_EMBUTIDO
100
AcDbPolyline
 90
2
 70
0
 10
-45218.34
 20
56418.6
 42
0.623841068279422
 10
-45216.6
 20
56421.79
  0
LINE
  5
12A
330
17
100
AcDbEntity
  8
FIAÇÃO_COMERCIAL
100
AcDbLine
 10
-45217.242969980056
 20
56419.46329982683
 30
0.0
 11
-45217.12070302256
 21
56419.36009715677
 31
0.0
  0
LINE
  5
12B
330
17
100
AcDbEntity
  8
FIAÇÃO_COMERCIAL
100
AcDbLine
 10
-45217.20592604634
 20
56419.50825893338
 30
0.0
 11
-45217.081437974804
 21
56419.40774664535
 31
0.0
  0
LINE
  5
12C
330
17
100
AcDbEntity
  8
FIAÇÃO_COMERCIAL
100
AcDbLine
 10
-45217.081437974804
 20
56419.40774664535
 30
0.0
 11
-45217.10656604681
 21
56419.37662462747
 31
0.0
  0
LINE
  5
12D
330
17
100
AcDbEntity
  8
FIAÇÃO_COMERCIAL
100
AcDbLine
 10
-45217.13481679494
 20
56419.60054199035
 30
0.0
 11
-45217.0060650866
 21
56419.50555252988
 31
0.0
  0
LINE
  5
12E
330
17
100
AcDbEntity
  8
FIAÇÃO_COMERCIAL
100
AcDbLine
 10
-45217.100785157585
 20
56419.647822231316
 30
0.0
 11
-45216.96999295357
 21
56419.55566259063
 31
0.0
  0
LINE
  5
12F
330
17
100
AcDbEntity
  8
FIAÇÃO_COMERCIAL
100
AcDbLine
 10
-45216.96999295357
 20
56419.55566259063
 30
0.0
 11
-45216.99303286374
 21
56419.52296453963
 31
0.0
  0
LINE
  5
130
330
17
100
AcDbEntity
  8
FIAÇÃO_COMERCIAL
100
AcDbLine
 10
-45217.03584844593
 20
56419.744548178576
 30
0.0
 11
-45216.90116274639
 21
56419.65817826286
 31
0.0
  0
LINE
  5
131
330
17
100
AcDbEntity
  8
FIAÇÃO_COMERCIAL
100
AcDbLine
 10
-45217.00497412839
 20
56419.79394807111
 30
0.0
 11
-45216.86843728012
 21
56419.71053530791
 31
0.0
  0
LINE
  5
132
330
17
100
AcDbEntity
  8
FIAÇÃO_COMERCIAL
100
AcDbLine
 10
-45216.86843728012
 20
56419.71053530791
 30
0.0
 11
-45216.88929047092
 21
56419.67640109584
 31
0.0
  0
LINE
  5
133
330
17
100
AcDbEntity
  8
FIAÇÃO_COMERCIAL
100
AcDbLine
 10
-45216.946486679786
 20
56419.8947047151
 30
0.0
 11
-45216.80644313235
 21
56419.81732380774
 31
0.0
  0
LINE
  5
134
330
17
100
AcDbEntity
  8
FIAÇÃO_COMERCIAL
100
AcDbLine
 10
-45216.82095205248
 20
56419.7910656426
 30
0.0
 11
-45216.79193421222
 21
56419.843581972884
 31
0.0
  0
TEXT
  5
135
330
17
100
AcDbEntity
  8
FIAÇÃO_COMERCIAL
100
AcDbText
 10
-45217.04431314087
 20
56419.334873053966
 30
0.0
 40
0.06
  1
2#2.5
 72
1
 11
-45217.04431314087
 21
56419.334873053966
 31
0.0
100
AcDbText
 73
2
  0
TEXT
  5
136
330
17
100
AcDbEntity
  8
FIAÇÃO_COMERCIAL
100
AcDbText
 10
-45217.28120537101
 20
56419.534828227195
 30
0.0
 40
0.06
  1
04
 72
1
 11
-45217.28120537101
 21
56419.534828227195
 31
0.0
100
AcDbText
 73
2
  0
TEXT
  5
137
330
17
100
AcDbEntity
  8
FIAÇÃO_COMERCIAL
100
AcDbText
 10
-45216.92818678073
 20
56419.48537379572
 30
0.0
 40
0.06
  1
2#10.0
 72
1
 11
-45216.92818678073
 21
56419.48537379572
 31
0.0
100
AcDbText
 73
2
  0
TEXT
  5
138
330
17
100
AcDbEntity
  8
FIAÇÃO_COMERCIAL
100
AcDbText
 10
-45217.17764321562
 20
56419.66941587538
 30
0.0
 40
0.06
  1
28
 72
1
 11
-45217.17764321562
 21
56419.66941587538
 31
0.0
100
AcDbText
 73
2
  0
TEXT
  5
139
330
17
100
AcDbEntity
  8
FIAÇÃO_COMERCIAL
100
AcDbText
 10
-45216.82212887878
 20
56419.64313159926
 30
0.0
 40
0.06
  1
2#10.0
 72
1
 11
-45216.82212887878
 21
56419.64313159926
 31
0.0
100
AcDbText
 73
2
  0
TEXT
  5
13A
330
17
100
AcDbEntity
  8
FIAÇÃO_COMERCIAL
100
AcDbText
 10
-45217.08308242163
 20
56419.81047331097
 30
0.0
 40
0.06
  1
29
 72
1
 11
-45217.08308242163
 21
56419.81047331097
 31
0.0
100
AcDbText
 73
2
  0
TEXT
  5
13B
330
17
100
AcDbEntity
  8
FIAÇÃO_COMERCIAL
100
AcDbText
 10
-45216.740797719496
 20
56419.78105150742
 30
0.0
 40
0.06
  1
1#10.0
 72
1
 11
-45216.740797719496
 21
56419.78105150742
 31
0.0
100
AcDbText
 73
2
  0
LINE
  5
13C
330
17
100
AcDbEntity
  8
FIAÇÃO_COMERCIAL
100
AcDbLine
 10
-45216.682590012075
 20
56419.474042460075
 30
0.0
 11
-45216.55358080653
 21
56419.3794030133
 31
0.0
  0
LINE
  5
13D
330
17
100
AcDbEntity
  8
FIAÇÃO_COMERCIAL
100
AcDbLine
 10
-45216.649268644884
 20
56419.5210544992
 30
0.0
 11
-45216.51750763185
 21
56419.43028536654
 31
0.0
  0
LINE
  5
13E
330
17
100
AcDbEntity
  8
FIAÇÃO_COMERCIAL
100
AcDbLine
 10
-45216.51750763185
 20
56419.43028536654
 30
0.0
 11
-45216.54019991501
 21
56419.397345113284
 31
0.0
  0
LINE
  5
13F
330
17
100
AcDbEntity
  8
FIAÇÃO_COMERCIAL
100
AcDbLine
 10
-45216.586880430616
 20
56419.61793881151
 30
0.0
 11
-45216.44996634051
 21
56419.53514671087
 31
0.0
  0
LINE
  5
140
330
17
100
AcDbEntity
  8
FIAÇÃO_COMERCIAL
100
AcDbLine
 10
-45216.46548985938
 20
56419.50947531898
 30
0.0
 11
-45216.434442821635
 21
56419.560818102764
 31
0.0
  0
TEXT
  5
141
330
17
100
AcDbEntity
  8
FIAÇÃO_COMERCIAL
100
AcDbText
 10
-45216.475759105975
 20
56419.359514370706
 30
0.0
 40
0.06
  1
2#2.5
 72
1
 11
-45216.475759105975
 21
56419.359514370706
 31
0.0
100
AcDbText
 73
2
  0
TEXT
  5
142
330
17
100
AcDbEntity
  8
FIAÇÃO_COMERCIAL
100
AcDbText
 10
-45216.725714441694
 20
56419.542878298846
 30
0.0
 40
0.06
  1
41
 72
1
 11
-45216.725714441694
 21
56419.542878298846
 31
0.0
100
AcDbText
 73
2
  0
TEXT
  5
143
330
17
100
AcDbEntity
  8
FIAÇÃO_COMERCIAL
100
AcDbText
 10
-45216.38578786077
 20
56419.49633791369
 30
0.0
 40
0.06
  1
1#2.5
 72
1
 11
-45216.38578786077
 21
56419.49633791369
 31
0.0
100
AcDbText
 73
2
  0
LWPOLYLINE
  5
144
330
17
100
AcDbEntity
  8
INFR - ELETRODUTO_EMBUTIDO
100
AcDbPolyline
 90
2
 70
0
 10
-45218.34
 20
56418.6
 42
-0.5
 10
-45219.613
 20
56422.7563
  0
LINE
  5
145
330
17
100
AcDbEntity
  8
FIAÇÃO_COMERCIAL
100
AcDbLine
 10
-45219.81258563945
 20
56420.05183592909
 30
0.0
 11
-45219.957776997224
 21
56419.98460892837
 31
0.0
  0
LINE
  5
146
330
17
100
AcDbEntity
  8
FIAÇÃO_COMERCIAL
100
AcDbLine
 10
-45219.8363731057
 20
56420.10498457539
 30
0.0
 11
-45219.98301603472
 21
56420.040985736574
 31
0.0
  0
LINE
  5
147
330
17
100
AcDbEntity
  8
FIAÇÃO_COMERCIAL
100
AcDbLine
 10
-45219.98301603472
 20
56420.040985736574
 30
0.0
 11
-45219.96701632501
 21
56420.00432500432
 31
0.0
  0
LINE
  5
148
330
17
100
AcDbEntity
  8
FIAÇÃO_COMERCIAL
100
AcDbLine
 10
-45219.955063803754
 20
56420.18406754656
 30
0.0
 11
-45220.029728856054
 21
56420.15534247102
 31
0.0
  0
LINE
  5
149
330
17
100
AcDbEntity
  8
FIAÇÃO_COMERCIAL
100
AcDbLine
 10
-45219.91962142275
 20
56420.322439377735
 30
0.0
 11
-45220.07134642294
 21
56420.27165036005
 31
0.0
  0
LINE
  5
14A
330
17
100
AcDbEntity
  8
FIAÇÃO_COMERCIAL
100
AcDbLine
 10
-45219.937407366735
 20
56420.37788556958
 30
0.0
 11
-45220.090218722275
 21
56420.330465219326
 31
0.0
  0
LINE
  5
14B
330
17
100
AcDbEntity
  8
FIAÇÃO_COMERCIAL
100
AcDbLine
 10
-45220.090218722275
 20
56420.330465219326
 30
0.0
 11
-45220.07836363471
 21
56420.29226238044
 31
0.0
  0
LINE
  5
14C
330
17
100
AcDbEntity
  8
FIAÇÃO_COMERCIAL
100
AcDbLine
 10
-45219.969285108426
 20
56420.48988839836
 30
0.0
 11
-45220.12404433191
 21
56420.449273342725
 31
0.0
  0
LINE
  5
14D
330
17
100
AcDbEntity
  8
FIAÇÃO_COMERCIAL
100
AcDbLine
 10
-45219.98336136077
 20
56420.546390415424
 30
0.0
 11
-45220.13898114359
 21
56420.509208656535
 31
0.0
  0
LINE
  5
14E
330
17
100
AcDbEntity
  8
FIAÇÃO_COMERCIAL
100
AcDbLine
 10
-45220.13898114359
 20
56420.509208656535
 30
0.0
 11
-45220.12968570386
 21
56420.47030371083
 31
0.0
  0
LINE
  5
14F
330
17
100
AcDbEntity
  8
FIAÇÃO_COMERCIAL
100
AcDbLine
 10
-45220.007754310085
 20
56420.660257898024
 30
0.0
 11
-45220.164866356754
 21
56420.62999563124
 31
0.0
  0
LINE
  5
150
330
17
100
AcDbEntity
  8
FIAÇÃO_COMERCIAL
100
AcDbLine
 10
-45220.15919218173
 20
56420.60053712249
 30
0.0
 11
-45220.17054053178
 21
56420.65945414
 31
0.0
  0
TEXT
  5
151
330
17
100
AcDbEntity
  8
FIAÇÃO_COMERCIAL
100
AcDbText
 10
-45220.03809207212
 20
56419.980477635414
 30
0.0
 40
0.06
  1
2#2.5
 72
1
 11
-45220.03809207212
 21
56419.980477635414
 31
0.0
100
AcDbText
 73
2
  0
TEXT
  5
152
330
17
100
AcDbEntity
  8
FIAÇÃO_COMERCIAL
100
AcDbText
 10
-45219.756783816425
 20
56420.1107299493
 30
0.0
 40
0.06
  1
04
 72
1
 11
-45219.756783816425
 21
56420.1107299493
 31
0.0
100
AcDbText
 73
2
  0
TEXT
  5
153
330
17
100
AcDbEntity
  8
FIAÇÃO_COMERCIAL
100
AcDbText
 10
-45220.09972734259
 20
56420.1284127127
 30
0.0
 40
0.06
  1
1#2.5
 72
1
 11
-45220.09972734259
 21
56420.1284127127
 31
0.0
100
AcDbText
 73
2
  0
TEXT
  5
154
330
17
100
AcDbEntity
  8
FIAÇÃO_COMERCIAL
100
AcDbText
 10
-45219.81040026492
 20
56420.239722380415
 30
0.0
 40
0.06
  1
04d
 72
1
 11
-45219.81040026492
 21
56420.239722380415
 31
0.0
100
AcDbText
 73
2
  0
TEXT
  5
155
330
17
100
AcDbEntity
  8
FIAÇÃO_COMERCIAL
100
AcDbText
 10
-45220.15163207761
 20
56420.276408270794
 30
0.0
 40
0.06
  1
2#2.5
 72
1
 11
-45220.15163207761
 21
56420.276408270794
 31
0.0
100
AcDbText
 73
2
  0
TEXT
  5
156
330
17
100
AcDbEntity
  8
FIAÇÃO_COMERCIAL
100
AcDbText
 10
-45219.85766488974
 20
56420.37481199255
 30
0.0
 40
0.06
  1
37
 72
1
 11
-45219.85766488974
 21
56420.37481199255
 31
0.0
100
AcDbText
 73
2
  0
TEXT
  5
157
330
17
100
AcDbEntity
  8
FIAÇÃO_COMERCIAL
100
AcDbText
 10
-45220.20384098393
 20
56420.459344368115
 30
0.0
 40
0.06
  1
2#2.5
 72
1
 11
-45220.20384098393
 21
56420.459344368115
 31
0.0
100
AcDbText
 73
2
  0
TEXT
  5
158
330
17
100
AcDbEntity
  8
FIAÇÃO_COMERCIAL
100
AcDbText
 10
-45219.90399498842
 20
56420.53803603841
 30
0.0
 40
0.06
  1
41
 72
1
 11
-45219.90399498842
 21
56420.53803603841
 31
0.0
100
AcDbText
 73
2
  0
TEXT
  5
159
330
17
100
AcDbEntity
  8
FIAÇÃO_COMERCIAL
100
AcDbText
 10
-45220.23851262863
 20
56420.615810193696
 30
0.0
 40
0.06
  1
1#2.5
 72
1
 11
-45220.23851262863
 21
56420.615810193696
 31
0.0
100
AcDbText
 73
2
  0
LWPOLYLINE
  5
15A
330
17
100
AcDbEntity
  8
INFR - ELETRODUTO_EMBUTIDO
100
AcDbPolyline
 90
2
 70
0
 10
-45234.03
 20
56425.8
 42
0.4999999999999998
 10
-45232.88
 20
56426.47
  0
LINE
  5
15B
330
17
100
AcDbEntity
  8
FIAÇÃO_COMERCIAL
100
AcDbLine
 10
-45233.52037261655
 20
56425.83775707336
 30
0.0
 11
-45233.481636884244
 21
56425.68251679816
 31
0.0
  0
LINE
  5
15C
330
17
100
AcDbEntity
  8
FIAÇÃO_COMERCIAL
100
AcDbLine
 10
-45233.46836514523
 20
56425.85304434045
 30
0.0
 11
-45233.41852308674
 21
56425.701005630886
 31
0.0
  0
LINE
  5
15D
330
17
100
AcDbEntity
  8
FIAÇÃO_COMERCIAL
100
AcDbLine
 10
-45233.41852308674
 20
56425.701005630886
 30
0.0
 11
-45233.456532764125
 21
56425.68854511627
 31
0.0
  0
LINE
  5
15E
330
17
100
AcDbEntity
  8
FIAÇÃO_COMERCIAL
100
AcDbLine
 10
-45233.368324292904
 20
56425.894642866006
 30
0.0
 11
-45233.29710652869
 21
56425.75136680359
 31
0.0
  0
LINE
  5
15F
330
17
100
AcDbEntity
  8
FIAÇÃO_COMERCIAL
100
AcDbLine
 10
-45233.29710652869
 20
56425.75136680359
 30
0.0
 11
-45233.332925544295
 21
56425.73356236253
 31
0.0
  0
LINE
  5
160
330
17
100
AcDbEntity
  8
FIAÇÃO_COMERCIAL
100
AcDbLine
 10
-45233.22974704392
 20
56425.88442531884
 30
0.0
 11
-45233.18419267735
 21
56425.818662109625
 31
0.0
  0
LINE
  5
161
330
17
100
AcDbEntity
  8
FIAÇÃO_COMERCIAL
100
AcDbLine
 10
-45233.18184900001
 20
56425.92053889075
 30
0.0
 11
-45233.131665799025
 21
56425.85823603095
 31
0.0
  0
LINE
  5
162
330
17
100
AcDbEntity
  8
FIAÇÃO_COMERCIAL
100
AcDbLine
 10
-45233.136678128096
 20
56425.96001041631
 30
0.0
 11
-45233.082127987334
 21
56425.90149305015
 31
0.0
  0
LINE
  5
163
330
17
100
AcDbEntity
  8
FIAÇÃO_COMERCIAL
100
AcDbLine
 10
-45233.11785077758
 20
56426.09824140785
 30
0.0
 11
-45232.993033453124
 21
56425.998138283445
 31
0.0
  0
LINE
  5
164
330
17
100
AcDbEntity
  8
FIAÇÃO_COMERCIAL
100
AcDbLine
 10
-45233.01180278895
 20
56425.97473503511
 30
0.0
 11
-45232.9742641173
 21
56426.02154153178
 31
0.0
  0
TEXT
  5
165
330
17
100
AcDbEntity
  8
FIAÇÃO_COMERCIAL
100
AcDbText
 10
-45233.44559361724
 20
56425.661853271515
 30
0.0
 40
0.06
  1
2#2.5
 50
-75.98958152997359
 11
-45233.44559361724
 21
56425.661853271515
 31
0.0
100
AcDbText
 73
2
  0
TEXT
  5
166
330
17
100
AcDbEntity
  8
FIAÇÃO_COMERCIAL
100
AcDbText
 10
-45233.49885524915
 20
56425.87530864991
 30
0.0
 40
0.06
  1
11
 50
-75.98958152997359
 72
2
 11
-45233.49885524915
 21
56425.87530864991
 31
0.0
100
AcDbText
 73
2
  0
TEXT
  5
167
330
17
100
AcDbEntity
  8
FIAÇÃO_COMERCIAL
100
AcDbText
 10
-45233.283753197895
 20
56425.72450254189
 30
0.0
 40
0.06
  1
1#1.5
 50
-63.569557581603476
 11
-45233.283753197895
 21
56425.72450254189
 31
0.0
100
AcDbText
 73
2
  0
TEXT
  5
168
330
17
100
AcDbEntity
  8
FIAÇÃO_COMERCIAL
100
AcDbText
 10
-45233.3816776237
 20
56425.92150712771
 30
0.0
 40
0.06
  1
43
 50
-63.569557581603476
 72
2
 11
-45233.3816776237
 21
56425.92150712771
 31
0.0
100
AcDbText
 73
2
  0
TEXT
  5
169
330
17
100
AcDbEntity
  8
FIAÇÃO_COMERCIAL
100
AcDbText
 10
-45233.12012080331
 20
56425.83123379596
 30
0.0
 40
0.06
  1
3#1.5
 50
-55.28954164583182
 11
-45233.12012080331
 21
56425.83123379596
 31
0.0
100
AcDbText
 73
2
  0
TEXT
  5
16A
330
17
100
AcDbEntity
  8
FIAÇÃO_COMERCIAL
100
AcDbText
 10
-45233.24539531138
 20
56426.0120826213
 30
0.0
 40
0.06
  1
43b
 50
-55.28954164583182
 72
2
 11
-45233.24539531138
 21
56426.0120826213
 31
0.0
100
AcDbText
 73
2
  0
TEXT
  5
16B
330
17
100
AcDbEntity
  8
FIAÇÃO_COMERCIAL
100
AcDbText
 10
-45232.96963020479
 20
56425.97936894762
 30
0.0
 40
0.06
  1
1#2.5
 50
-38.729509711799636
 11
-45232.96963020479
 21
56425.97936894762
 31
0.0
100
AcDbText
 73
2
  0
LWPOLYLINE
  5
16C
330
17
100
AcDbEntity
  8
INFR - ELETRODUTO_EMBUTIDO
100
AcDbPolyline
 90
2
 70
0
 10
-45234.03
 20
56425.8
 42
0.09999999999999987
 10
-45238.56
 20
56426.47
  0
LINE
  5
16D
330
17
100
AcDbEntity
  8
FIAÇÃO_COMERCIAL
100
AcDbLine
 10
-45236.30302977563
 20
56426.448386044314
 30
0.0
 11
-45236.32568483482
 21
56426.28999807668
 31
0.0
  0
LINE
  5
16E
330
17
100
AcDbEntity
  8
FIAÇÃO_COMERCIAL
100
AcDbLine
 10
-45236.36285777295
 20
56426.45679414923
 30
0.0
 11
-45236.384688895785
 21
56426.298290514955
 31
0.0
  0
LINE
  5
16F
330
17
100
AcDbEntity
  8
FIAÇÃO_COMERCIAL
100
AcDbLine
 10
-45236.384688895785
 20
56426.298290514955
 30
0.0
 11
-45236.34506298722
 21
56426.292832734245
 31
0.0
  0
LINE
  5
170
330
17
100
AcDbEntity
  8
FIAÇÃO_COMERCIAL
100
AcDbLine
 10
-45236.49273138238
 20
56426.39331738119
 30
0.0
 11
-45236.502822133
 21
56426.31395632807
 31
0.0
  0
LINE
  5
171
330
17
100
AcDbEntity
  8
FIAÇÃO_COMERCIAL
100
AcDbLine
 10
-45236.55227019813
 20
56426.40074173392
 30
0.0
 11
-45236.56194812843
 21
56426.32132928109
 31
0.0
  0
LINE
  5
172
330
17
100
AcDbEntity
  8
FIAÇÃO_COMERCIAL
100
AcDbLine
 10
-45236.611846737855
 20
56426.40785703612
 30
0.0
 11
-45236.6211115862
 21
56426.32839533097
 31
0.0
  0
LINE
  5
173
330
17
100
AcDbEntity
  8
FIAÇÃO_COMERCIAL
100
AcDbLine
 10
-45236.72266862753
 20
56426.500713493224
 30
0.0
 11
-45236.73954451543
 21
56426.341605968555
 31
0.0
  0
LINE
  5
174
330
17
100
AcDbEntity
  8
FIAÇÃO_COMERCIAL
100
AcDbLine
 10
-45236.70971185456
 20
56426.33844173957
 30
0.0
 11
-45236.76937717631
 21
56426.34477019754
 31
0.0
  0
TEXT
  5
175
330
17
100
AcDbEntity
  8
FIAÇÃO_COMERCIAL
100
AcDbText
 10
-45236.359640672985
 20
56426.264475468546
 30
0.0
 40
0.06
  1
2#1.5
 50
81.85989839366981
 72
2
 11
-45236.359640672985
 21
56426.264475468546
 31
0.0
100
AcDbText
 73
2
  0
TEXT
  5
176
330
17
100
AcDbEntity
  8
FIAÇÃO_COMERCIAL
100
AcDbText
 10
-45236.328489966596
 20
56426.48225892405
 30
0.0
 40
0.06
  1
43
 50
81.85989839366981
 11
-45236.328489966596
 21
56426.48225892405
 31
0.0
100
AcDbText
 73
2
  0
TEXT
  5
177
330
17
100
AcDbEntity
  8
FIAÇÃO_COMERCIAL
100
AcDbText
 10
-45236.56615755489
 20
56426.29151726904
 30
0.0
 40
0.06
  1
3#1.5
 50
82.75373033624125
 72
2
 11
-45236.56615755489
 21
56426.29151726904
 31
0.0
100
AcDbText
 73
2
  0
TEXT
  5
178
330
17
100
AcDbEntity
  8
FIAÇÃO_COMERCIAL
100
AcDbText
 10
-45236.53840799068
 20
56426.50976016512
 30
0.0
 40
0.06
  1
43b
 50
82.75373033624125
 11
-45236.53840799068
 21
56426.50976016512
 31
0.0
100
AcDbText
 73
2
  0
TEXT
  5
179
330
17
100
AcDbEntity
  8
FIAÇÃO_COMERCIAL
100
AcDbText
 10
-45236.742708744416
 20
56426.31177330768
 30
0.0
 40
0.06
  1
1#1.5
 50
83.94550634388366
 72
2
 11
-45236.742708744416
 21
56426.31177330768
 31
0.0
100
AcDbText
 73
2
  0
TEXT
  5
17A
330
17
100
AcDbEntity
  8
INFR - ELETRODUTO_EMBUTIDO
100
AcDbText
 10
-45235.5065
 20
56425.0815
 30
0.0
 40
0.09
  1
Ø1"
 72
1
 11
-45235.5065
 21
56425.0815
 31
0.0
100
AcDbText
 73
2
  0
TEXT
  5
17B
330
17
100
AcDbEntity
  8
INFR - ELETRODUTO_EMBUTIDO
100
AcDbText
 10
-45234.4925
 20
56424.9325
 30
0.0
 40
0.09
  1
Ø1"
 72
1
 11
-45234.4925
 21
56424.9325
 31
0.0
100
AcDbText
 73
2
  0
TEXT
  5
17C
330
17
100
AcDbEntity
  8
INFR - ELETRODUTO_EMBUTIDO
100
AcDbText
 10
-45217.47
 20
56420.195
 30
0.0
 40
0.09
  1
Ø1.1/4"
 72
1
 11
-45217.47
 21
56420.195
 31
0.0
100
AcDbText
 73
2
  0
LWPOLYLINE
  5
17D
330
17
100
AcDbEntity
  8
INFR - ELETRODUTO_EMBUTIDO
100
AcDbPolyline
 90
2
 70
0
 10
-45219.613
 20
56418.8953
 42
0.12
 10
-45221.858
 20
56418.8953
  0
LWPOLYLINE
  5
17E
330
17
100
AcDbEntity
  8
INFR - ELETRODUTO_EMBUTIDO
100
AcDbPolyline
 90
2
 70
0
 10
-45219.613
 20
56418.8953
 42
-0.12
 10
-45221.858
 20
56418.8953
  0
LWPOLYLINE
  5
17F
330
17
100
AcDbEntity
  8
INFR - ELETRODUTO_EMBUTIDO
100
AcDbPolyline
 90
2
 70
0
 10
-45221.858
 20
56418.8953
 42
0.12
 10
-45223.83699999999
 20
56419.37999999999
  0
LWPOLYLINE
  5
180
330
17
100
AcDbEntity
  8
INFR - ELETRODUTO_EMBUTIDO
100
AcDbPolyline
 90
2
 70
0
 10
-45221.858
 20
56418.8953
 42
-0.12
 10
-45223.83699999999
 20
56419.37999999999
  0
LWPOLYLINE
  5
181
330
17
100
AcDbEntity
  8
INFR - ELETRODUTO_EMBUTIDO
100
AcDbPolyline
 90
2
 70
0
 10
-45219.613
 20
56418.8953
 42
0.12
 10
-45221.858
 20
56422.7563
  0
LWPOLYLINE
  5
182
330
17
100
AcDbEntity
  8
INFR - ELETRODUTO_EMBUTIDO
100
AcDbPolyline
 90
2
 70
0
 10
-45219.613
 20
56418.8953
 42
-0.12
 10
-45221.858
 20
56422.7563
  0
LWPOLYLINE
  5
183
330
17
100
AcDbEntity
  8
INFR - ELETRODUTO_EMBUTIDO
100
AcDbPolyline
 90
2
 70
0
 10
-45224.073
 20
56422.148
 42
0.12
 10
-45221.858
 20
56422.7563
  0
LWPOLYLINE
  5
184
330
17
100
AcDbEntity
  8
INFR - ELETRODUTO_EMBUTIDO
100
AcDbPolyline
 90
2
 70
0
 10
-45224.073
 20
56422.148
 42
-0.12
 10
-45221.858
 20
56422.7563
  0
LWPOLYLINE
  5
185
330
17
100
AcDbEntity
  8
INFR - ELETRODUTO_EMBUTIDO
100
AcDbPolyline
 90
2
 70
0
 10
-45221.858
 20
56422.7563
 42
0.12
 10
-45224.073
 20
56424.482
  0
LWPOLYLINE
  5
186
330
17
100
AcDbEntity
  8
INFR - ELETRODUTO_EMBUTIDO
100
AcDbPolyline
 90
2
 70
0
 10
-45219.613
 20
56422.7563
 42
0.12
 10
-45219.613
 20
56424.6868
  0
LWPOLYLINE
  5
187
330
17
100
AcDbEntity
  8
INFR - ELETRODUTO_EMBUTIDO
100
AcDbPolyline
 90
2
 70
0
 10
-45219.613
 20
56424.6868
 42
0.12
 10
-45219.88
 20
56425.65
  0
LWPOLYLINE
  5
188
330
17
100
AcDbEntity
  8
INFR - ELETRODUTO_EMBUTIDO
100
AcDbPolyline
 90
2
 70
0
 10
-45219.613
 20
56422.7563
 42
0.12
 10
-45221.858
 20
56424.6868
  0
LWPOLYLINE
  5
189
330
17
100
AcDbEntity
  8
INFR - ELETRODUTO_EMBUTIDO
100
AcDbPolyline
 90
2
 70
0
 10
-45219.613
 20
56422.7563
 42
0.12
 10
-45218.49
 20
56421.79
  0
LWPOLYLINE
  5
18A
330
17
100
AcDbEntity
  8
INFR - ELETRODUTO_EMBUTIDO
100
AcDbPolyline
 90
2
 70
0
 10
-45221.858
 20
56420.8258
 42
0.12
 10
-45221.858
 20
56418.8953
  0
LWPOLYLINE
  5
18B
330
17
100
AcDbEntity
  8
INFR - ELETRODUTO_EMBUTIDO
100
AcDbPolyline
 90
2
 70
0
 10
-45219.613
 20
56420.8258
 42
0.12
 10
-45219.613
 20
56418.8953
  0
LINE
  5
18C
330
17
100
AcDbEntity
  8
FIAÇÃO_COMERCIAL
100
AcDbLine
 10
-45222.282665440274
 20
56419.0014876885
 30
0.0
 11
-45222.223662703705
 21
56419.150211180524
 31
0.0
  0
LINE
  5
18D
330
17
100
AcDbEntity
  8
FIAÇÃO_COMERCIAL
100
AcDbLine
 10
-45222.33753716602
 20
56419.0228432464
 30
0.0
 11
-45222.28061956944
 21
56419.172377146235
 31
0.0
  0
LINE
  5
18E
330
17
100
AcDbEntity
  8
FIAÇÃO_COMERCIAL
100
AcDbLine
 10
-45222.28061956944
 20
56419.172377146235
 30
0.0
 11
-45222.24323609449
 21
56419.15814774709
 31
0.0
  0
LINE
  5
18F
330
17
100
AcDbEntity
  8
FIAÇÃO_COMERCIAL
100
AcDbLine
 10
-45222.42178939226
 20
56419.13878402172
 30
0.0
 11
-45222.39543221929
 21
56419.21431745427
 31
0.0
  0
LINE
  5
190
330
17
100
AcDbEntity
  8
FIAÇÃO_COMERCIAL
100
AcDbLine
 10
-45222.47856423746
 20
56419.15818909107
 30
0.0
 11
-45222.45326570902
 21
56419.234083652525
 31
0.0
  0
LINE
  5
191
330
17
100
AcDbEntity
  8
FIAÇÃO_COMERCIAL
100
AcDbLine
 10
-45222.53560395821
 20
56419.17680119021
 30
0.0
 11
-45222.51136901989
 21
56419.253042043856
 31
0.0
  0
LINE
  5
192
330
17
100
AcDbEntity
  8
FIAÇÃO_COMERCIAL
100
AcDbLine
 10
-45222.67252743218
 20
56419.1347435176
 30
0.0
 11
-45222.62833992488
 21
56419.28852083777
 31
0.0
  0
LINE
  5
193
330
17
100
AcDbEntity
  8
FIAÇÃO_COMERCIAL
100
AcDbLine
 10
-45222.72921796104
 20
56419.15065425559
 30
0.0
 11
-45222.68718480531
 21
56419.305034350866
 31
0.0
  0
LINE
  5
194
330
17
100
AcDbEntity
  8
FIAÇÃO_COMERCIAL
100
AcDbLine
 10
-45222.68718480531
 20
56419.305034350866
 30
0.0
 11
-45222.64858978149
 21
56419.29452606194
 31
0.0
  0
LINE
  5
195
330
17
100
AcDbEntity
  8
FIAÇÃO_COMERCIAL
100
AcDbLine
 10
-45222.843236515546
 20
56419.18009858282
 30
0.0
 11
-45222.805536291955
 21
56419.33559357677
 31
0.0
  0
LINE
  5
196
330
17
100
AcDbEntity
  8
FIAÇÃO_COMERCIAL
100
AcDbLine
 10
-45222.77638098059
 20
56419.32852478485
 30
0.0
 11
-45222.83469160332
 21
56419.34266236869
 31
0.0
  0
TEXT
  5
197
330
17
100
AcDbEntity
  8
FIAÇÃO_COMERCIAL
100
AcDbText
 10
-45222.24055683847
 20
56419.18897721618
 30
0.0
 40
0.06
  1
2#2.5
 50
68.36039855453572
 11
-45222.24055683847
 21
56419.18897721618
 31
0.0
100
AcDbText
 73
2
  0
TEXT
  5
198
330
17
100
AcDbEntity
  8
FIAÇÃO_COMERCIAL
100
AcDbText
 10
-45222.321685601244
 20
56418.98448241466
 30
0.0
 40
0.06
  1
04
 50
68.36039855453572
 72
2
 11
-45222.321685601244
 21
56418.98448241466
 31
0.0
100
AcDbText
 73
2
  0
TEXT
  5
199
330
17
100
AcDbEntity
  8
FIAÇÃO_COMERCIAL
100
AcDbText
 10
-45222.44241141647
 20
56419.26178323742
 30
0.0
 40
0.06
  1
3#2.5
 50
70.76371410448003
 11
-45222.44241141647
 21
56419.26178323742
 31
0.0
100
AcDbText
 73
2
  0
TEXT
  5
19A
330
17
100
AcDbEntity
  8
FIAÇÃO_COMERCIAL
100
AcDbText
 10
-45222.51489364215
 20
56419.05406629792
 30
0.0
 40
0.06
  1
04a
 50
70.76371410448003
 72
2
 11
-45222.51489364215
 21
56419.05406629792
 31
0.0
100
AcDbText
 73
2
  0
TEXT
  5
19B
330
17
100
AcDbEntity
  8
FIAÇÃO_COMERCIAL
100
AcDbText
 10
-45222.64893861958
 20
56419.32546014807
 30
0.0
 40
0.06
  1
2#2.5
 50
73.96813484574133
 11
-45222.64893861958
 21
56419.32546014807
 31
0.0
100
AcDbText
 73
2
  0
TEXT
  5
19C
330
17
100
AcDbEntity
  8
FIAÇÃO_COMERCIAL
100
AcDbText
 10
-45222.70969644213
 20
56419.11401633284
 30
0.0
 40
0.06
  1
09
 50
73.96813484574133
 72
2
 11
-45222.70969644213
 21
56419.11401633284
 31
0.0
100
AcDbText
 73
2
  0
TEXT
  5
19D
330
17
100
AcDbEntity
  8
FIAÇÃO_COMERCIAL
100
AcDbText
 10
-45222.798467500026
 20
56419.36474888813
 30
0.0
 40
0.06
  1
1#2.5
 50
76.37145037287554
 11
-45222.798467500026
 21
56419.36474888813
 31
0.0
100
AcDbText
 73
2
  0
LINE
  5
19E
330
17
100
AcDbEntity
  8
FIAÇÃO_COMERCIAL
100
AcDbLine
 10
-45220.47012459012
 20
56418.94244410357
 30
0.0
 11
-45220.46116682244
 21
56419.10219315177
 31
0.0
  0
LINE
  5
19F
330
17
100
AcDbEntity
  8
FIAÇÃO_COMERCIAL
100
AcDbLine
 10
-45220.529034075706
 20
56418.94542770355
 30
0.0
 11
-45220.522103026204
 21
56419.105277509785
 31
0.0
  0
LINE
  5
1A0
330
17
100
AcDbEntity
  8
FIAÇÃO_COMERCIAL
100
AcDbLine
 10
-45220.522103026204
 20
56419.105277509785
 30
0.0
 11
-45220.48214057465
 21
56419.103544747406
 31
0.0
  0
LINE
  5
1A1
330
17
100
AcDbEntity
  8
FIAÇÃO_COMERCIAL
100
AcDbLine
 10
-45220.645505385706
 20
56419.029146127235
 30
0.0
 11
-45220.64406808838
 21
56419.1091332148
 31
0.0
  0
LINE
  5
1A2
330
17
100
AcDbEntity
  8
FIAÇÃO_COMERCIAL
100
AcDbLine
 10
-45220.70550019484
 20
56419.029905062016
 30
0.0
 11
-45220.70507743955
 21
56419.109903945
 31
0.0
  0
LINE
  5
1A3
330
17
100
AcDbEntity
  8
FIAÇÃO_COMERCIAL
100
AcDbLine
 10
-45220.76549980516
 20
56419.029905062016
 30
0.0
 11
-45220.76592256045
 21
56419.109903945
 31
0.0
  0
LINE
  5
1A4
330
17
100
AcDbEntity
  8
FIAÇÃO_COMERCIAL
100
AcDbLine
 10
-45220.885475026385
 20
56419.0276285612
 30
0.0
 11
-45220.88792663462
 21
56419.10759098748
 31
0.0
  0
LINE
  5
1A5
330
17
100
AcDbEntity
  8
FIAÇÃO_COMERCIAL
100
AcDbLine
 10
-45221.000875409874
 20
56418.94244410357
 30
0.0
 11
-45221.00983317756
 21
56419.10219315177
 31
0.0
  0
LINE
  5
1A6
330
17
100
AcDbEntity
  8
FIAÇÃO_COMERCIAL
100
AcDbLine
 10
-45220.979880231025
 20
56419.10387273321
 30
0.0
 11
-45221.03978612409
 21
56419.10051357032
 31
0.0
  0
TEXT
  5
1A7
330
17
100
AcDbEntity
  8
FIAÇÃO_COMERCIAL
100
AcDbText
 10
-45220.48944866333
 20
56419.1336630878
 30
0.0
 40
0.06
  1
2#2.5
 50
86.7905576096913
 11
-45220.48944866333
 21
56419.1336630878
 31
0.0
100
AcDbText
 73
2
  0
TEXT
  5
1A8
330
17
100
AcDbEntity
  8
FIAÇÃO_COMERCIAL
100
AcDbText
 10
-45220.5017655939
 20
56418.91400814654
 30
0.0
 40
0.06
  1
04
 50
86.7905576096913
 72
2
 11
-45220.5017655939
 21
56418.91400814654
 31
0.0
100
AcDbText
 73
2
  0
TEXT
  5
1A9
330
17
100
AcDbEntity
  8
FIAÇÃO_COMERCIAL
100
AcDbText
 10
-45220.70352551141
 20
56419.139634329156
 30
0.0
 40
0.06
  1
3#2.5
 50
88.970556231901
 11
-45220.70352551141
 21
56419.139634329156
 31
0.0
100
AcDbText
 73
2
  0
TEXT
  5
1AA
330
17
100
AcDbEntity
  8
FIAÇÃO_COMERCIAL
100
AcDbText
 10
-45220.70747807905
 20
56418.91966983836
 30
0.0
 40
0.06
  1
04a
 50
88.970556231901
 72
2
 11
-45220.70747807905
 21
56418.91966983836
 31
0.0
100
AcDbText
 73
2
  0
TEXT
  5
1AB
330
17
100
AcDbEntity
  8
FIAÇÃO_COMERCIAL
100
AcDbText
 10
-45220.888845987705
 20
56419.13757689734
 30
0.0
 40
0.06
  1
1#2.5
 50
-88.2438900015313
 72
2
 11
-45220.888845987705
 21
56419.13757689734
 31
0.0
100
AcDbText
 73
2
  0
TEXT
  5
1AC
330
17
100
AcDbEntity
  8
FIAÇÃO_COMERCIAL
100
AcDbText
 10
-45220.882104065066
 20
56418.91768022506
 30
0.0
 40
0.06
  1
04d
 50
-88.2438900015313
 11
-45220.882104065066
 21
56418.91768022506
 31
0.0
100
AcDbText
 73
2
  0
TEXT
  5
1AD
330
17
100
AcDbEntity
  8
FIAÇÃO_COMERCIAL
100
AcDbText
 10
-45221.011512759
 20
56419.1321460983
 30
0.0
 40
0.06
  1
1#2.5
 50
-86.7905576096913
 72
2
 11
-45221.011512759
 21
56419.1321460983
 31
0.0
100
AcDbText
 73
2
  0
LINE
  5
1AE
330
17
100
AcDbEntity
  8
FIAÇÃO_COMERCIAL
100
AcDbLine
 10
-45220.461216092976
 20
56421.046057845655
 30
0.0
 11
-45220.59906168345
 21
56420.96482612041
 31
0.0
  0
LINE
  5
1AF
330
17
100
AcDbEntity
  8
FIAÇÃO_COMERCIAL
100
AcDbLine
 10
-45220.49208553696
 20
56421.09810082859
 30
0.0
 11
-45220.6294109257
 21
56421.015992743676
 31
0.0
  0
LINE
  5
1B0
330
17
100
AcDbEntity
  8
FIAÇÃO_COMERCIAL
100
AcDbLine
 10
-45220.6294109257
 20
56421.015992743676
 30
0.0
 11
-45220.608883904475
 21
56420.981661396494
 31
0.0
  0
LINE
  5
1B1
330
17
100
AcDbEntity
  8
FIAÇÃO_COMERCIAL
100
AcDbLine
 10
-45220.62294793108
 20
56421.15966745863
 30
0.0
 11
-45220.691082077275
 21
56421.11774207107
 31
0.0
  0
LINE
  5
1B2
330
17
100
AcDbEntity
  8
FIAÇÃO_COMERCIAL
100
AcDbLine
 10
-45220.654535774316
 20
56421.210679181255
 30
0.0
 11
-45220.72240149465
 21
56421.16832066376
 31
0.0
  0
LINE
  5
1B3
330
17
100
AcDbEntity
  8
FIAÇÃO_COMERCIAL
100
AcDbLine
 10
-45220.68644724894
 20
56421.26148907701
 30
0.0
 11
-45220.754041790016
 21
56421.21869914809
 31
0.0
  0
LINE
  5
1B4
330
17
100
AcDbEntity
  8
FIAÇÃO_COMERCIAL
100
AcDbLine
 10
-45220.751235921336
 20
56421.36249518351
 30
0.0
 11
-45220.81827988792
 21
56421.31884765729
 31
0.0
  0
LINE
  5
1B5
330
17
100
AcDbEntity
  8
FIAÇÃO_COMERCIAL
100
AcDbLine
 10
-45220.750820964284
 20
56421.50716749256
 30
0.0
 11
-45220.883785988306
 21
56421.41817141182
 31
0.0
  0
LINE
  5
1B6
330
17
100
AcDbEntity
  8
FIAÇÃO_COMERCIAL
100
AcDbLine
 10
-45220.867099223164
 20
56421.39324046981
 30
0.0
 11
-45220.90047275345
 21
56421.44310235382
 31
0.0
  0
TEXT
  5
1B7
330
17
100
AcDbEntity
  8
FIAÇÃO_COMERCIAL
100
AcDbText
 10
-45220.67898147555
 20
56420.95255115075
 30
0.0
 40
0.06
  1
2#2.5
 72
1
 11
-45220.67898147555
 21
56420.95255115075
 31
0.0
100
AcDbText
 73
2
  0
TEXT
  5
1B8
330
17
100
AcDbEntity
  8
FIAÇÃO_COMERCIAL
100
AcDbText
 10
-45220.411905643996
 20
56421.109937618414
 30
0.0
 40
0.06
  1
04
 72
1
 11
-45220.411905643996
 21
56421.109937618414
 31
0.0
100
AcDbText
 73
2
  0
TEXT
  5
1B9
330
17
100
AcDbEntity
  8
FIAÇÃO_COMERCIAL
100
AcDbText
 10
-45220.7866535597
 20
56421.129381467224
 30
0.0
 40
0.06
  1
3#2.5
 72
1
 11
-45220.7866535597
 21
56421.129381467224
 31
0.0
100
AcDbText
 73
2
  0
TEXT
  5
1BA
330
17
100
AcDbEntity
  8
FIAÇÃO_COMERCIAL
100
AcDbText
 10
-45220.522633743196
 20
56421.29184234404
 30
0.0
 40
0.06
  1
04a
 72
1
 11
-45220.522633743196
 21
56421.29184234404
 31
0.0
100
AcDbText
 73
2
  0
TEXT
  5
1BB
330
17
100
AcDbEntity
  8
FIAÇÃO_COMERCIAL
100
AcDbText
 10
-45220.88113360659
 20
56421.27792810147
 30
0.0
 40
0.06
  1
1#2.5
 72
1
 11
-45220.88113360659
 21
56421.27792810147
 31
0.0
100
AcDbText
 73
2
  0
TEXT
  5
1BC
330
17
100
AcDbEntity
  8
FIAÇÃO_COMERCIAL
100
AcDbText
 10
-45220.62133823608
 20
56421.44706226555
 30
0.0
 40
0.06
  1
04d
 72
1
 11
-45220.62133823608
 21
56421.44706226555
 31
0.0
100
AcDbText
 73
2
  0
TEXT
  5
1BD
330
17
100
AcDbEntity
  8
FIAÇÃO_COMERCIAL
100
AcDbText
 10
-45220.946113343314
 20
56421.37645449896
 30
0.0
 40
0.06
  1
1#2.5
 72
1
 11
-45220.946113343314
 21
56421.37645449896
 31
0.0
100
AcDbText
 73
2
  0
LINE
  5
1BE
330
17
100
AcDbEntity
  8
FIAÇÃO_COMERCIAL
100
AcDbLine
 10
-45220.76012174554
 20
56420.50180432364
 30
0.0
 11
-45220.89612230181
 21
56420.41751999122
 31
0.0
  0
LINE
  5
1BF
330
17
100
AcDbEntity
  8
FIAÇÃO_COMERCIAL
100
AcDbLine
 10
-45220.79132326
 20
56420.55245573811
 30
0.0
 11
-45220.92785790644
 21
56420.46903937088
 31
0.0
  0
LINE
  5
1C0
330
17
100
AcDbEntity
  8
FIAÇÃO_COMERCIAL
100
AcDbLine
 10
-45220.92785790644
 20
56420.46903937088
 30
0.0
 11
-45220.90700381463
 21
56420.43490570927
 31
0.0
  0
LINE
  5
1C1
330
17
100
AcDbEntity
  8
FIAÇÃO_COMERCIAL
100
AcDbLine
 10
-45220.852757229964
 20
56420.65434845494
 30
0.0
 11
-45220.99034341736
 21
56420.572678135744
 31
0.0
  0
LINE
  5
1C2
330
17
100
AcDbEntity
  8
FIAÇÃO_COMERCIAL
100
AcDbLine
 10
-45220.88298720315
 20
56420.70558564022
 30
0.0
 11
-45221.021090798546
 21
56420.624793332805
 31
0.0
  0
LINE
  5
1C3
330
17
100
AcDbEntity
  8
FIAÇÃO_COMERCIAL
100
AcDbLine
 10
-45221.021090798546
 20
56420.624793332805
 30
0.0
 11
-45221.00089272169
 21
56420.59026743395
 31
0.0
  0
LINE
  5
1C4
330
17
100
AcDbEntity
  8
FIAÇÃO_COMERCIAL
100
AcDbLine
 10
-45220.942508838234
 20
56420.80870522979
 30
0.0
 11
-45221.0815464479
 21
56420.72953109829
 31
0.0
  0
LINE
  5
1C5
330
17
100
AcDbEntity
  8
FIAÇÃO_COMERCIAL
100
AcDbLine
 10
-45220.97175569398
 20
56420.86050988025
 30
0.0
 11
-45221.111294782786
 21
56420.78222295482
 31
0.0
  0
LINE
  5
1C6
330
17
100
AcDbEntity
  8
FIAÇÃO_COMERCIAL
100
AcDbLine
 10
-45221.111294782786
 20
56420.78222295482
 30
0.0
 11
-45221.09172305143
 21
56420.74733818261
 31
0.0
  0
LINE
  5
1C7
330
17
100
AcDbEntity
  8
FIAÇÃO_COMERCIAL
100
AcDbLine
 10
-45221.029258550974
 20
56420.96467167589
 30
0.0
 11
-45221.169783594305
 21
56420.88816865506
 31
0.0
  0
LINE
  5
1C8
330
17
100
AcDbEntity
  8
FIAÇÃO_COMERCIAL
100
AcDbLine
 10
-45221.1554392779
 20
56420.86182020944
 30
0.0
 11
-45221.18412791071
 21
56420.91451710068
 31
0.0
  0
TEXT
  5
1C9
330
17
100
AcDbEntity
  8
FIAÇÃO_COMERCIAL
100
AcDbText
 10
-45220.97560684234
 20
56420.40355440893
 30
0.0
 40
0.06
  1
2#2.5
 72
1
 11
-45220.97560684234
 21
56420.40355440893
 31
0.0
100
AcDbText
 73
2
  0
TEXT
  5
1CA
330
17
100
AcDbEntity
  8
FIAÇÃO_COMERCIAL
100
AcDbText
 10
-45220.71210576455
 20
56420.566855303
 30
0.0
 40
0.06
  1
09
 72
1
 11
-45220.71210576455
 21
56420.566855303
 31
0.0
100
AcDbText
 73
2
  0
TEXT
  5
1CB
330
17
100
AcDbEntity
  8
FIAÇÃO_COMERCIAL
100
AcDbText
 10
-45221.07008128129
 20
56420.5602332692
 30
0.0
 40
0.06
  1
2#2.5
 72
1
 11
-45221.07008128129
 21
56420.5602332692
 31
0.0
100
AcDbText
 73
2
  0
TEXT
  5
1CC
330
17
100
AcDbEntity
  8
FIAÇÃO_COMERCIAL
100
AcDbText
 10
-45220.80350804322
 20
56420.718469512656
 30
0.0
 40
0.06
  1
35
 72
1
 11
-45220.80350804322
 21
56420.718469512656
 31
0.0
100
AcDbText
 73
2
  0
TEXT
  5
1CD
330
17
100
AcDbEntity
  8
FIAÇÃO_COMERCIAL
100
AcDbText
 10
-45221.16146912509
 20
56420.71854235089
 30
0.0
 40
0.06
  1
2#2.5
 72
1
 11
-45221.16146912509
 21
56420.71854235089
 31
0.0
100
AcDbText
 73
2
  0
TEXT
  5
1CE
330
17
100
AcDbEntity
  8
FIAÇÃO_COMERCIAL
100
AcDbText
 10
-45220.892083756364
 20
56420.871942230675
 30
0.0
 40
0.06
  1
41
 72
1
 11
-45220.892083756364
 21
56420.871942230675
 31
0.0
100
AcDbText
 73
2
  0
TEXT
  5
1CF
330
17
100
AcDbEntity
  8
FIAÇÃO_COMERCIAL
100
AcDbText
 10
-45221.23565470837
 20
56420.85230786405
 30
0.0
 40
0.06
  1
1#2.5
 72
1
 11
-45221.23565470837
 21
56420.85230786405
 31
0.0
100
AcDbText
 73
2
  0
LINE
  5
1D0
330
17
100
AcDbEntity
  8
FIAÇÃO_COMERCIAL
100
AcDbLine
 10
-45223.287873130255
 20
56422.31673198644
 30
0.0
 11
-45223.25677022998
 21
56422.15978419386
 31
0.0
  0
LINE
  5
1D1
330
17
100
AcDbEntity
  8
FIAÇÃO_COMERCIAL
100
AcDbLine
 10
-45223.23006017755
 20
56422.32854226458
 30
0.0
 11
-45223.19701228189
 21
56422.17199247507
 31
0.0
  0
LINE
  5
1D2
330
17
100
AcDbEntity
  8
FIAÇÃO_COMERCIAL
100
AcDbLine
 10
-45223.19701228189
 20
56422.17199247507
 30
0.0
 11
-45223.236149729266
 21
56422.16373050115
 31
0.0
  0
LINE
  5
1D3
330
17
100
AcDbEntity
  8
FIAÇÃO_COMERCIAL
100
AcDbLine
 10
-45223.09643304133
 20
56422.27646091858
 30
0.0
 11
-45223.077971879684
 21
56422.19862014835
 31
0.0
  0
LINE
  5
1D4
330
17
100
AcDbEntity
  8
FIAÇÃO_COMERCIAL
100
AcDbLine
 10
-45223.03813319228
 20
56422.29064118634
 30
0.0
 11
-45223.01870761271
 21
56422.213035472254
 31
0.0
  0
LINE
  5
1D5
330
17
100
AcDbEntity
  8
FIAÇÃO_COMERCIAL
100
AcDbLine
 10
-45222.98001305672
 20
56422.30554093152
 30
0.0
 11
-45222.959626050026
 21
56422.22818222187
 31
0.0
  0
LINE
  5
1D6
330
17
100
AcDbEntity
  8
FIAÇÃO_COMERCIAL
100
AcDbLine
 10
-45222.86434741147
 20
56422.33748964028
 30
0.0
 11
-45222.84204711451
 21
56422.260660630425
 31
0.0
  0
LINE
  5
1D7
330
17
100
AcDbEntity
  8
FIAÇÃO_COMERCIAL
100
AcDbLine
 10
-45222.7737066345
 20
56422.448539520825
 30
0.0
 11
-45222.72530692609
 21
56422.29603552669
 31
0.0
  0
LINE
  5
1D8
330
17
100
AcDbEntity
  8
FIAÇÃO_COMERCIAL
100
AcDbLine
 10
-45222.75390142499
 20
56422.28696058136
 30
0.0
 11
-45222.69671242719
 21
56422.30511047202
 31
0.0
  0
TEXT
  5
1D9
330
17
100
AcDbEntity
  8
FIAÇÃO_COMERCIAL
100
AcDbText
 10
-45223.22154571098
 20
56422.13636112259
 30
0.0
 40
0.06
  1
2#2.5
 50
-78.79072606864479
 11
-45223.22154571098
 21
56422.13636112259
 31
0.0
100
AcDbText
 73
2
  0
TEXT
  5
1DA
330
17
100
AcDbEntity
  8
FIAÇÃO_COMERCIAL
100
AcDbText
 10
-45223.26431219886
 20
56422.35216433739
 30
0.0
 40
0.06
  1
04
 50
-78.79072606864479
 72
2
 11
-45223.26431219886
 21
56422.35216433739
 31
0.0
100
AcDbText
 73
2
  0
TEXT
  5
1DB
330
17
100
AcDbEntity
  8
FIAÇÃO_COMERCIAL
100
AcDbText
 10
-45223.01280899951
 20
56422.18384995308
 30
0.0
 40
0.06
  1
3#2.5
 50
-76.65791356339037
 11
-45223.01280899951
 21
56422.18384995308
 31
0.0
100
AcDbText
 73
2
  0
TEXT
  5
1DC
330
17
100
AcDbEntity
  8
FIAÇÃO_COMERCIAL
100
AcDbText
 10
-45223.06357719404
 20
56422.397912071225
 30
0.0
 40
0.06
  1
04a
 50
-76.65791356339037
 72
2
 11
-45223.06357719404
 21
56422.397912071225
 31
0.0
100
AcDbText
 73
2
  0
TEXT
  5
1DD
330
17
100
AcDbEntity
  8
FIAÇÃO_COMERCIAL
100
AcDbText
 10
-45222.833684503144
 20
56422.23184975173
 30
0.0
 40
0.06
  1
1#2.5
 50
-73.81416356687104
 11
-45222.833684503144
 21
56422.23184975173
 31
0.0
100
AcDbText
 73
2
  0
TEXT
  5
1DE
330
17
100
AcDbEntity
  8
FIAÇÃO_COMERCIAL
100
AcDbText
 10
-45222.8950103198
 20
56422.44312952883
 30
0.0
 40
0.06
  1
04b
 50
-73.81416356687104
 72
2
 11
-45222.8950103198
 21
56422.44312952883
 31
0.0
100
AcDbText
 73
2
  0
TEXT
  5
1DF
330
17
100
AcDbEntity
  8
FIAÇÃO_COMERCIAL
100
AcDbText
 10
-45222.71623198076
 20
56422.2674410278
 30
0.0
 40
0.06
  1
1#2.5
 50
-72.39228858236011
 11
-45222.71623198076
 21
56422.2674410278
 31
0.0
100
AcDbText
 73
2
  0
LINE
  5
1E0
330
17
100
AcDbEntity
  8
FIAÇÃO_COMERCIAL
100
AcDbLine
 10
-45222.249709246236
 20
56423.08704169036
 30
0.0
 11
-45222.13322088136
 21
56423.19672514786
 31
0.0
  0
LINE
  5
1E1
330
17
100
AcDbEntity
  8
FIAÇÃO_COMERCIAL
100
AcDbLine
 10
-45222.13322088136
 20
56423.19672514786
 30
0.0
 11
-45222.10580001699
 21
56423.167603056645
 31
0.0
  0
LINE
  5
1E2
330
17
100
AcDbEntity
  8
FIAÇÃO_COMERCIAL
100
AcDbLine
 10
-45222.27466501672
 20
56423.22835466732
 30
0.0
 11
-45222.21754360872
 21
56423.28436488735
 31
0.0
  0
LINE
  5
1E3
330
17
100
AcDbEntity
  8
FIAÇÃO_COMERCIAL
100
AcDbLine
 10
-45222.415571684214
 20
56423.25597012047
 30
0.0
 11
-45222.30362129224
 21
56423.37028157981
 31
0.0
  0
LINE
  5
1E4
330
17
100
AcDbEntity
  8
FIAÇÃO_COMERCIAL
100
AcDbLine
 10
-45222.45809416482
 20
56423.2971433375
 30
0.0
 11
-45222.34730726978
 21
56423.41258277569
 31
0.0
  0
LINE
  5
1E5
330
17
100
AcDbEntity
  8
FIAÇÃO_COMERCIAL
100
AcDbLine
 10
-45222.34730726978
 20
56423.41258277569
 30
0.0
 11
-45222.31844741024
 21
56423.38488605193
 31
0.0
  0
LINE
  5
1E6
330
17
100
AcDbEntity
  8
FIAÇÃO_COMERCIAL
100
AcDbLine
 10
-45222.54437709266
 20
56423.378189487106
 30
0.0
 11
-45222.435951164945
 21
56423.495849243176
 31
0.0
  0
LINE
  5
1E7
330
17
100
AcDbEntity
  8
FIAÇÃO_COMERCIAL
100
AcDbLine
 10
-45222.588128719304
 20
56423.418054134476
 30
0.0
 11
-45222.480900019524
 21
56423.5368060016
 31
0.0
  0
LINE
  5
1E8
330
17
100
AcDbEntity
  8
FIAÇÃO_COMERCIAL
100
AcDbLine
 10
-45222.480900019524
 20
56423.5368060016
 30
0.0
 11
-45222.45121205274
 21
56423.50999882665
 31
0.0
  0
LINE
  5
1E9
330
17
100
AcDbEntity
  8
FIAÇÃO_COMERCIAL
100
AcDbLine
 10
-45222.67682993463
 20
56423.49644619783
 30
0.0
 11
-45222.57202856564
 21
56423.617345631494
 31
0.0
  0
LINE
  5
1EA
330
17
100
AcDbEntity
  8
FIAÇÃO_COMERCIAL
100
AcDbLine
 10
-45222.54935992183
 20
56423.59769537481
 30
0.0
 11
-45222.59469720945
 21
56423.63699588818
 31
0.0
  0
TEXT
  5
1EB
330
17
100
AcDbEntity
  8
FIAÇÃO_COMERCIAL
100
AcDbText
 10
-45222.07861696032
 20
56423.248139268566
 30
0.0
 40
0.06
  1
1#2.5
 72
1
 11
-45222.07861696032
 21
56423.248139268566
 31
0.0
100
AcDbText
 73
2
  0
TEXT
  5
1EC
330
17
100
AcDbEntity
  8
FIAÇÃO_COMERCIAL
100
AcDbText
 10
-45222.304313167275
 20
56423.03562756966
 30
0.0
 40
0.06
  1
04
 72
1
 11
-45222.304313167275
 21
56423.03562756966
 31
0.0
100
AcDbText
 73
2
  0
TEXT
  5
1ED
330
17
100
AcDbEntity
  8
FIAÇÃO_COMERCIAL
100
AcDbText
 10
-45222.16399228872
 20
56423.33687446863
 30
0.0
 40
0.06
  1
1#2.5
 72
1
 11
-45222.16399228872
 21
56423.33687446863
 31
0.0
100
AcDbText
 73
2
  0
TEXT
  5
1EE
330
17
100
AcDbEntity
  8
FIAÇÃO_COMERCIAL
100
AcDbText
 10
-45222.385337744716
 20
56423.11983486601
 30
0.0
 40
0.06
  1
04b
 72
1
 11
-45222.385337744716
 21
56423.11983486601
 31
0.0
100
AcDbText
 73
2
  0
TEXT
  5
1EF
330
17
100
AcDbEntity
  8
FIAÇÃO_COMERCIAL
100
AcDbText
 10
-45222.27269666053
 20
56423.4447336796
 30
0.0
 40
0.06
  1
2#2.5
 72
1
 11
-45222.27269666053
 21
56423.4447336796
 31
0.0
100
AcDbText
 73
2
  0
TEXT
  5
1F0
330
17
100
AcDbEntity
  8
FIAÇÃO_COMERCIAL
100
AcDbText
 10
-45222.48960054499
 20
56423.22325522713
 30
0.0
 40
0.06
  1
09
 72
1
 11
-45222.48960054499
 21
56423.22325522713
 31
0.0
100
AcDbText
 73
2
  0
TEXT
  5
1F1
330
17
100
AcDbEntity
  8
FIAÇÃO_COMERCIAL
100
AcDbText
 10
-45222.40730163163
 20
56423.57120760529
 30
0.0
 40
0.06
  1
2#2.5
 72
1
 11
-45222.40730163163
 21
56423.57120760529
 31
0.0
100
AcDbText
 73
2
  0
TEXT
  5
1F2
330
17
100
AcDbEntity
  8
FIAÇÃO_COMERCIAL
100
AcDbText
 10
-45222.61737686658
 20
56423.3432418279
 30
0.0
 40
0.06
  1
35
 72
1
 11
-45222.61737686658
 21
56423.3432418279
 31
0.0
100
AcDbText
 73
2
  0
TEXT
  5
1F3
330
17
100
AcDbEntity
  8
FIAÇÃO_COMERCIAL
100
AcDbText
 10
-45222.522902923934
 20
56423.67401724102
 30
0.0
 40
0.06
  1
1#2.5
 72
1
 11
-45222.522902923934
 21
56423.67401724102
 31
0.0
100
AcDbText
 73
2
  0
LINE
  5
1F4
330
17
100
AcDbEntity
  8
FIAÇÃO_COMERCIAL
100
AcDbLine
 10
-45220.16211632668
 20
56418.875978509146
 30
0.0
 11
-45220.14238167029
 21
56418.71720022556
 31
0.0
  0
LINE
  5
1F5
330
17
100
AcDbEntity
  8
FIAÇÃO_COMERCIAL
100
AcDbLine
 10
-45220.22069862487
 20
56418.869098011935
 30
0.0
 11
-45220.20297924191
 21
56418.71008221566
 31
0.0
  0
LINE
  5
1F6
330
17
100
AcDbEntity
  8
FIAÇÃO_COMERCIAL
100
AcDbLine
 10
-45220.20297924191
 20
56418.71008221566
 30
0.0
 11
-45220.16322529284
 21
56418.71451206139
 31
0.0
  0
LINE
  5
1F7
330
17
100
AcDbEntity
  8
FIAÇÃO_COMERCIAL
100
AcDbLine
 10
-45220.33810080449
 20
56418.85756202806
 30
0.0
 11
-45220.32442019396
 21
56418.69814797318
 31
0.0
  0
LINE
  5
1F8
330
17
100
AcDbEntity
  8
FIAÇÃO_COMERCIAL
100
AcDbLine
 10
-45220.396901912114
 20
56418.85290838609
 30
0.0
 11
-45220.38524415111
 21
56418.69333364934
 31
0.0
  0
LINE
  5
1F9
330
17
100
AcDbEntity
  8
FIAÇÃO_COMERCIAL
100
AcDbLine
 10
-45220.38524415111
 20
56418.69333364934
 30
0.0
 11
-45220.34535046692
 21
56418.69624808959
 31
0.0
  0
LINE
  5
1FA
330
17
100
AcDbEntity
  8
FIAÇÃO_COMERCIAL
100
AcDbLine
 10
-45220.51465715027
 20
56418.84583352267
 30
0.0
 11
-45220.50705038804
 21
56418.686014446306
 31
0.0
  0
LINE
  5
1FB
330
17
100
AcDbEntity
  8
FIAÇÃO_COMERCIAL
100
AcDbLine
 10
-45220.47708431123
 20
56418.687440714224
 30
0.0
 11
-45220.537016464856
 21
56418.68458817839
 31
0.0
  0
TEXT
  5
1FC
330
17
100
AcDbEntity
  8
FIAÇÃO_COMERCIAL
100
AcDbText
 10
-45220.168476389656
 20
56418.68392967062
 30
0.0
 40
0.06
  1
2#2.5
 50
-82.91500450953811
 11
-45220.168476389656
 21
56418.68392967062
 31
0.0
100
AcDbText
 73
2
  0
TEXT
  5
1FD
330
17
100
AcDbEntity
  8
FIAÇÃO_COMERCIAL
100
AcDbText
 10
-45220.195611542214
 20
56418.90224981053
 30
0.0
 40
0.06
  1
09
 50
-82.91500450953811
 72
2
 11
-45220.195611542214
 21
56418.90224981053
 31
0.0
100
AcDbText
 73
2
  0
TEXT
  5
1FE
330
17
100
AcDbEntity
  8
FIAÇÃO_COMERCIAL
100
AcDbText
 10
-45220.351761345686
 20
56418.66589084643
 30
0.0
 40
0.06
  1
2#2.5
 50
-85.09500313792074
 11
-45220.351761345686
 21
56418.66589084643
 31
0.0
100
AcDbText
 73
2
  0
TEXT
  5
1FF
330
17
100
AcDbEntity
  8
FIAÇÃO_COMERCIAL
100
AcDbText
 10
-45220.37057218515
 20
56418.8850851719
 30
0.0
 40
0.06
  1
36
 50
-85.09500313792074
 72
2
 11
-45220.37057218515
 21
56418.8850851719
 31
0.0
100
AcDbText
 73
2
  0
TEXT
  5
200
330
17
100
AcDbEntity
  8
FIAÇÃO_COMERCIAL
100
AcDbText
 10
-45220.505624120124
 20
56418.65604836949
 30
0.0
 40
0.06
  1
1#2.5
 50
-87.27500173190833
 11
-45220.505624120124
 21
56418.65604836949
 31
0.0
100
AcDbText
 73
2
  0
LINE
  5
201
330
17
100
AcDbEntity
  8
FIAÇÃO_COMERCIAL
100
AcDbLine
 10
-45219.33707795414
 20
56422.30783612626
 30
0.0
 11
-45219.22406761816
 21
56422.42109981841
 31
0.0
  0
LINE
  5
202
330
17
100
AcDbEntity
  8
FIAÇÃO_COMERCIAL
100
AcDbLine
 10
-45219.29313501678
 20
56422.26475549301
 30
0.0
 11
-45219.182324295354
 21
56422.38017206036
 31
0.0
  0
LINE
  5
203
330
17
100
AcDbEntity
  8
FIAÇÃO_COMERCIAL
100
AcDbLine
 10
-45219.182324295354
 20
56422.38017206036
 30
0.0
 11
-45219.21117843719
 21
56422.40787474071
 31
0.0
  0
LINE
  5
204
330
17
100
AcDbEntity
  8
FIAÇÃO_COMERCIAL
100
AcDbLine
 10
-45219.202812980184
 20
56422.18115984438
 30
0.0
 11
-45219.096523673776
 21
56422.30075325282
 31
0.0
  0
LINE
  5
205
330
17
100
AcDbEntity
  8
FIAÇÃO_COMERCIAL
100
AcDbLine
 10
-45219.156467055174
 20
56422.140675533105
 30
0.0
 11
-45219.05249787617
 21
56422.26229136192
 31
0.0
  0
LINE
  5
206
330
17
100
AcDbEntity
  8
FIAÇÃO_COMERCIAL
100
AcDbLine
 10
-45219.05249787617
 20
56422.26229136192
 30
0.0
 11
-45219.08290183337
 21
56422.28828365667
 31
0.0
  0
LINE
  5
207
330
17
100
AcDbEntity
  8
FIAÇÃO_COMERCIAL
100
AcDbLine
 10
-45219.0614904971
 20
56422.0624082795
 30
0.0
 11
-45218.96227612025
 21
56422.18793320701
 31
0.0
  0
LINE
  5
208
330
17
100
AcDbEntity
  8
FIAÇÃO_COMERCIAL
100
AcDbLine
 10
-45218.98581204416
 20
56422.20653590267
 30
0.0
 11
-45218.93874019634
 21
56422.16933051135
 31
0.0
  0
TEXT
  5
209
330
17
100
AcDbEntity
  8
FIAÇÃO_COMERCIAL
100
AcDbText
 10
-45219.14967245813
 20
56422.45319007629
 30
0.0
 40
0.06
  1
2#2.5
 72
1
 11
-45219.14967245813
 21
56422.45319007629
 31
0.0
100
AcDbText
 73
2
  0
TEXT
  5
20A
330
17
100
AcDbEntity
  8
FIAÇÃO_COMERCIAL
100
AcDbText
 10
-45219.368629984085
 20
56422.23374167273
 30
0.0
 40
0.06
  1
37
 72
1
 11
-45219.368629984085
 21
56422.23374167273
 31
0.0
100
AcDbText
 73
2
  0
TEXT
  5
20B
330
17
100
AcDbEntity
  8
FIAÇÃO_COMERCIAL
100
AcDbText
 10
-45219.02410763074
 20
56422.33707611249
 30
0.0
 40
0.06
  1
2#2.5
 72
1
 11
-45219.02410763074
 21
56422.33707611249
 31
0.0
100
AcDbText
 73
2
  0
TEXT
  5
20C
330
17
100
AcDbEntity
  8
FIAÇÃO_COMERCIAL
100
AcDbText
 10
-45219.23004316191
 20
56422.105363883624
 30
0.0
 40
0.06
  1
41
 72
1
 11
-45219.23004316191
 21
56422.105363883624
 31
0.0
100
AcDbText
 73
2
  0
TEXT
  5
20D
330
17
100
AcDbEntity
  8
FIAÇÃO_COMERCIAL
100
AcDbText
 10
-45218.91576938111
 20
56422.24677301678
 30
0.0
 40
0.06
  1
1#2.5
 72
1
 11
-45218.91576938111
 21
56422.24677301678
 31
0.0
100
AcDbText
 73
2
  0
LINE
  5
20E
330
17
100
AcDbEntity
  8
FIAÇÃO_COMERCIAL
100
AcDbLine
 10
-45219.457371406716
 20
56423.14464711382
 30
0.0
 11
-45219.61582536289
 21
56423.16683593474
 31
0.0
  0
LINE
  5
20F
330
17
100
AcDbEntity
  8
FIAÇÃO_COMERCIAL
100
AcDbLine
 10
-45219.44933221649
 20
56423.20529803742
 30
0.0
 11
-45219.60809669987
 21
56423.2251434101
 31
0.0
  0
LINE
  5
210
330
17
100
AcDbEntity
  8
FIAÇÃO_COMERCIAL
100
AcDbLine
 10
-45219.60809669987
 20
56423.2251434101
 30
0.0
 11
-45219.61305804304
 21
56423.18545228925
 31
0.0
  0
LINE
  5
211
330
17
100
AcDbEntity
  8
FIAÇÃO_COMERCIAL
100
AcDbLine
 10
-45219.5155747454
 20
56423.33449475927
 30
0.0
 11
-45219.59521549958
 21
56423.34206775558
 31
0.0
  0
LINE
  5
212
330
17
100
AcDbEntity
  8
FIAÇÃO_COMERCIAL
100
AcDbLine
 10
-45219.42611864396
 20
56423.44888693356
 30
0.0
 11
-45219.58577810783
 21
56423.45932032213
 31
0.0
  0
LINE
  5
213
330
17
100
AcDbEntity
  8
FIAÇÃO_COMERCIAL
100
AcDbLine
 10
-45219.587734368186
 20
56423.429384172654
 30
0.0
 11
-45219.583821847475
 21
56423.48925647161
 31
0.0
  0
TEXT
  5
214
330
17
100
AcDbEntity
  8
FIAÇÃO_COMERCIAL
100
AcDbText
 10
-45219.68615869153
 20
56423.20697654429
 30
0.0
 40
0.06
  1
2#2.5
 72
1
 11
-45219.68615869153
 21
56423.20697654429
 31
0.0
100
AcDbText
 73
2
  0
TEXT
  5
215
330
17
100
AcDbEntity
  8
FIAÇÃO_COMERCIAL
100
AcDbText
 10
-45219.37915415145
 20
56423.16398570375
 30
0.0
 40
0.06
  1
04
 72
1
 11
-45219.37915415145
 21
56423.16398570375
 31
0.0
100
AcDbText
 73
2
  0
TEXT
  5
216
330
17
100
AcDbEntity
  8
FIAÇÃO_COMERCIAL
100
AcDbText
 10
-45219.66987870663
 20
56423.349167439614
 30
0.0
 40
0.06
  1
1#2.5
 72
1
 11
-45219.66987870663
 21
56423.349167439614
 31
0.0
100
AcDbText
 73
2
  0
TEXT
  5
217
330
17
100
AcDbEntity
  8
FIAÇÃO_COMERCIAL
100
AcDbText
 10
-45219.36127078417
 20
56423.31982207893
 30
0.0
 40
0.06
  1
04d
 72
1
 11
-45219.36127078417
 21
56423.31982207893
 31
0.0
100
AcDbText
 73
2
  0
TEXT
  5
218
330
17
100
AcDbEntity
  8
FIAÇÃO_COMERCIAL
100
AcDbText
 10
-45219.66061848152
 20
56423.46421097303
 30
0.0
 40
0.06
  1
1#2.5
 72
1
 11
-45219.66061848152
 21
56423.46421097303
 31
0.0
100
AcDbText
 73
2
  0
LINE
  5
219
330
17
100
AcDbEntity
  8
FIAÇÃO_COMERCIAL
100
AcDbLine
 10
-45222.77155018067
 20
56419.076503170625
 30
0.0
 11
-45222.8063451958
 21
56418.92033240857
 31
0.0
  0
LINE
  5
21A
330
17
100
AcDbEntity
  8
FIAÇÃO_COMERCIAL
100
AcDbLine
 10
-45222.82893037772
 20
56419.08971219778
 30
0.0
 11
-45222.86590548824
 21
56418.934043186084
 31
0.0
  0
LINE
  5
21B
330
17
100
AcDbEntity
  8
FIAÇÃO_COMERCIAL
100
AcDbLine
 10
-45222.86590548824
 20
56418.934043186084
 30
0.0
 11
-45222.82698823531
 21
56418.92479940846
 31
0.0
  0
LINE
  5
21C
330
17
100
AcDbEntity
  8
FIAÇÃO_COMERCIAL
100
AcDbLine
 10
-45222.94311084178
 20
56419.11852209556
 30
0.0
 11
-45222.98442403333
 21
56418.9639477762
 31
0.0
  0
LINE
  5
21D
330
17
100
AcDbEntity
  8
FIAÇÃO_COMERCIAL
100
AcDbLine
 10
-45222.95544134845
 20
56418.956201552784
 30
0.0
 11
-45223.013406718215
 21
56418.97169399962
 31
0.0
  0
TEXT
  5
21E
330
17
100
AcDbEntity
  8
FIAÇÃO_COMERCIAL
100
AcDbText
 10
-45222.84210438351
 20
56418.89778034185
 30
0.0
 40
0.06
  1
2#2.5
 50
77.43959057881837
 72
2
 11
-45222.84210438351
 21
56418.89778034185
 31
0.0
100
AcDbText
 73
2
  0
TEXT
  5
21F
330
17
100
AcDbEntity
  8
FIAÇÃO_COMERCIAL
100
AcDbText
 10
-45222.794261237694
 20
56419.112515139685
 30
0.0
 40
0.06
  1
36
 50
77.43959057881837
 11
-45222.794261237694
 21
56419.112515139685
 31
0.0
100
AcDbText
 73
2
  0
TEXT
  5
220
330
17
100
AcDbEntity
  8
FIAÇÃO_COMERCIAL
100
AcDbText
 10
-45222.992170256744
 20
56418.93496509133
 30
0.0
 40
0.06
  1
1#2.5
 50
75.0362750510251
 72
2
 11
-45222.992170256744
 21
56418.93496509133
 31
0.0
100
AcDbText
 73
2
  0
LINE
  5
221
330
17
100
AcDbEntity
  8
FIAÇÃO_COMERCIAL
100
AcDbLine
 10
-45222.82991122815
 20
56422.5467090546
 30
0.0
 11
-45222.86715542695
 21
56422.70231390561
 31
0.0
  0
LINE
  5
222
330
17
100
AcDbEntity
  8
FIAÇÃO_COMERCIAL
100
AcDbLine
 10
-45222.77244747566
 20
56422.560115684944
 30
0.0
 11
-45222.80775808075
 21
56422.71617067899
 31
0.0
  0
LINE
  5
223
330
17
100
AcDbEntity
  8
FIAÇÃO_COMERCIAL
100
AcDbLine
 10
-45222.80775808075
 20
56422.71617067899
 30
0.0
 11
-45222.84677182927
 21
56422.70734302772
 31
0.0
  0
LINE
  5
224
330
17
100
AcDbEntity
  8
FIAÇÃO_COMERCIAL
100
AcDbLine
 10
-45222.65704486675
 20
56422.58479339666
 30
0.0
 11
-45222.68847227363
 21
56422.74167653182
 31
0.0
  0
LINE
  5
225
330
17
100
AcDbEntity
  8
FIAÇÃO_COMERCIAL
100
AcDbLine
 10
-45222.71788786147
 20
56422.735783893026
 30
0.0
 11
-45222.659056685785
 21
56422.74756917061
 31
0.0
  0
TEXT
  5
226
330
17
100
AcDbEntity
  8
FIAÇÃO_COMERCIAL
100
AcDbText
 10
-45222.84492343955
 20
56422.7383056661
 30
0.0
 40
0.06
  1
2#2.5
 50
-76.53942395316793
 72
2
 11
-45222.84492343955
 21
56422.7383056661
 31
0.0
100
AcDbText
 73
2
  0
TEXT
  5
227
330
17
100
AcDbEntity
  8
FIAÇÃO_COMERCIAL
100
AcDbText
 10
-45222.7937126662
 20
56422.524348995976
 30
0.0
 40
0.06
  1
41
 50
-76.53942395316793
 11
-45222.7937126662
 21
56422.524348995976
 31
0.0
100
AcDbText
 73
2
  0
TEXT
  5
228
330
17
100
AcDbEntity
  8
FIAÇÃO_COMERCIAL
100
AcDbText
 10
-45222.69436491242
 20
56422.771092119656
 30
0.0
 40
0.06
  1
1#2.5
 50
-78.67223645564734
 72
2
 11
-45222.69436491242
 21
56422.771092119656
 31
0.0
100
AcDbText
 73
2
  0
LINE
  5
229
330
17
100
AcDbEntity
  8
FIAÇÃO_COMERCIAL
100
AcDbLine
 10
-45220.476170378344
 20
56423.83682775074
 30
0.0
 11
-45220.58270907772
 21
56423.71745645798
 31
0.0
  0
LINE
  5
22A
330
17
100
AcDbEntity
  8
FIAÇÃO_COMERCIAL
100
AcDbLine
 10
-45220.58270907772
 20
56423.71745645798
 30
0.0
 11
-45220.552866254526
 21
56423.69082178314
 31
0.0
  0
LINE
  5
22B
330
17
100
AcDbEntity
  8
FIAÇÃO_COMERCIAL
100
AcDbLine
 10
-45220.61967
 20
56423.856250000004
 30
0.0
 11
-45220.67187863752
 21
56423.79563434057
 31
0.0
  0
LINE
  5
22C
330
17
100
AcDbEntity
  8
FIAÇÃO_COMERCIAL
100
AcDbLine
 10
-45220.660368052784
 20
56423.995221341174
 30
0.0
 11
-45220.76243404051
 21
56423.87200391486
 31
0.0
  0
LINE
  5
22D
330
17
100
AcDbEntity
  8
FIAÇÃO_COMERCIAL
100
AcDbLine
 10
-45220.739330773074
 20
56423.85286654216
 30
0.0
 11
-45220.785537307944
 21
56423.89114128756
 31
0.0
  0
TEXT
  5
22E
330
17
100
AcDbEntity
  8
FIAÇÃO_COMERCIAL
100
AcDbText
 10
-45220.632649093044
 20
56423.66150116449
 30
0.0
 40
0.06
  1
1#2.5
 72
1
 11
-45220.632649093044
 21
56423.66150116449
 31
0.0
100
AcDbText
 73
2
  0
TEXT
  5
22F
330
17
100
AcDbEntity
  8
FIAÇÃO_COMERCIAL
100
AcDbText
 10
-45220.42623036302
 20
56423.892783044226
 30
0.0
 40
0.06
  1
04
 72
1
 11
-45220.42623036302
 21
56423.892783044226
 31
0.0
100
AcDbText
 73
2
  0
TEXT
  5
230
330
17
100
AcDbEntity
  8
FIAÇÃO_COMERCIAL
100
AcDbText
 10
-45220.72082423519
 20
56423.738807159854
 30
0.0
 40
0.06
  1
1#2.5
 72
1
 11
-45220.72082423519
 21
56423.738807159854
 31
0.0
100
AcDbText
 73
2
  0
TEXT
  5
231
330
17
100
AcDbEntity
  8
FIAÇÃO_COMERCIAL
100
AcDbText
 10
-45220.51851576481
 20
56423.973692840154
 30
0.0
 40
0.06
  1
04d
 72
1
 11
-45220.51851576481
 21
56423.973692840154
 31
0.0
100
AcDbText
 73
2
  0
TEXT
  5
232
330
17
100
AcDbEntity
  8
FIAÇÃO_COMERCIAL
100
AcDbText
 10
-45220.81027747226
 20
56423.814245746275
 30
0.0
 40
0.06
  1
1#2.5
 72
1
 11
-45220.81027747226
 21
56423.814245746275
 31
0.0
100
AcDbText
 73
2
  0
LINE
  5
233
330
17
100
AcDbEntity
  8
FIAÇÃO_COMERCIAL
100
AcDbLine
 10
-45222.05203260918
 20
56419.98279786283
 30
0.0
 11
-45221.89209675853
 21
56419.97826755658
 31
0.0
  0
LINE
  5
234
330
17
100
AcDbEntity
  8
FIAÇÃO_COMERCIAL
100
AcDbLine
 10
-45221.89209675853
 20
56419.97826755658
 30
0.0
 11
-45221.89096418197
 21
56420.01825151924
 31
0.0
  0
LINE
  5
235
330
17
100
AcDbEntity
  8
FIAÇÃO_COMERCIAL
100
AcDbLine
 10
-45221.97383
 20
56419.86055
 30
0.0
 11
-45221.89383006064
 21
56419.860648498056
 31
0.0
  0
LINE
  5
236
330
17
100
AcDbEntity
  8
FIAÇÃO_COMERCIAL
100
AcDbLine
 10
-45222.05203260918
 20
56419.738302137164
 30
0.0
 11
-45221.89209675853
 21
56419.742832443415
 31
0.0
  0
LINE
  5
237
330
17
100
AcDbEntity
  8
FIAÇÃO_COMERCIAL
100
AcDbLine
 10
-45221.89294619095
 20
56419.77282041541
 30
0.0
 11
-45221.89124732611
 21
56419.71284447142
 31
0.0
  0
TEXT
  5
238
330
17
100
AcDbEntity
  8
FIAÇÃO_COMERCIAL
100
AcDbText
 10
-45221.81712682853
 20
56419.976143975524
 30
0.0
 40
0.06
  1
1#2.5
 72
1
 11
-45221.81712682853
 21
56419.976143975524
 31
0.0
100
AcDbText
 73
2
  0
TEXT
  5
239
330
17
100
AcDbEntity
  8
FIAÇÃO_COMERCIAL
100
AcDbText
 10
-45222.12700253918
 20
56419.98492144389
 30
0.0
 40
0.06
  1
04
 72
1
 11
-45222.12700253918
 21
56419.98492144389
 31
0.0
100
AcDbText
 73
2
  0
TEXT
  5
23A
330
17
100
AcDbEntity
  8
FIAÇÃO_COMERCIAL
100
AcDbText
 10
-45221.81883011749
 20
56419.860740839984
 30
0.0
 40
0.06
  1
1#2.5
 72
1
 11
-45221.81883011749
 21
56419.860740839984
 31
0.0
100
AcDbText
 73
2
  0
TEXT
  5
23B
330
17
100
AcDbEntity
  8
FIAÇÃO_COMERCIAL
100
AcDbText
 10
-45222.12882988252
 20
56419.86035916001
 30
0.0
 40
0.06
  1
04d
 72
1
 11
-45222.12882988252
 21
56419.86035916001
 31
0.0
100
AcDbText
 73
2
  0
TEXT
  5
23C
330
17
100
AcDbEntity
  8
FIAÇÃO_COMERCIAL
100
AcDbText
 10
-45221.81712682853
 20
56419.74495602447
 30
0.0
 40
0.06
  1
1#2.5
 72
1
 11
-45221.81712682853
 21
56419.74495602447
 31
0.0
100
AcDbText
 73
2
  0
LINE
  5
23D
330
17
100
AcDbEntity
  8
FIAÇÃO_COMERCIAL
100
AcDbLine
 10
-45219.795327747976
 20
56420.19540875739
 30
0.0
 11
-45219.635839854694
 21
56420.18261767069
 31
0.0
  0
LINE
  5
23E
330
17
100
AcDbEntity
  8
FIAÇÃO_COMERCIAL
100
AcDbLine
 10
-45219.635839854694
 20
56420.18261767069
 30
0.0
 11
-45219.63264208302
 21
56420.22248964401
 31
0.0
  0
LINE
  5
23F
330
17
100
AcDbEntity
  8
FIAÇÃO_COMERCIAL
100
AcDbLine
 10
-45219.72348500244
 20
56420.06927798865
 30
0.0
 11
-45219.643586911094
 21
56420.06524128218
 31
0.0
  0
LINE
  5
240
330
17
100
AcDbEntity
  8
FIAÇÃO_COMERCIAL
100
AcDbLine
 10
-45219.80784403993
 20
56419.95103652301
 30
0.0
 11
-45219.64787908666
 21
56419.947687832726
 31
0.0
  0
LINE
  5
241
330
17
100
AcDbEntity
  8
FIAÇÃO_COMERCIAL
100
AcDbLine
 10
-45219.647251207236
 20
56419.977681261465
 30
0.0
 11
-45219.648506966085
 21
56419.91769440399
 31
0.0
  0
TEXT
  5
242
330
17
100
AcDbEntity
  8
FIAÇÃO_COMERCIAL
100
AcDbText
 10
-45219.60593587471
 20
56420.180219341935
 30
0.0
 40
0.06
  1
1#2.5
 50
-4.585363638399674
 11
-45219.60593587471
 21
56420.180219341935
 31
0.0
100
AcDbText
 73
2
  0
TEXT
  5
243
330
17
100
AcDbEntity
  8
FIAÇÃO_COMERCIAL
100
AcDbText
 10
-45219.82523172796
 20
56420.197807086144
 30
0.0
 40
0.06
  1
04
 50
-4.585363638399674
 72
2
 11
-45219.82523172796
 21
56420.197807086144
 31
0.0
100
AcDbText
 73
2
  0
TEXT
  5
244
330
17
100
AcDbEntity
  8
FIAÇÃO_COMERCIAL
100
AcDbText
 10
-45219.61362512684
 20
56420.06372751725
 30
0.0
 40
0.06
  1
1#2.5
 50
-2.8923062852174675
 11
-45219.61362512684
 21
56420.06372751725
 31
0.0
100
AcDbText
 73
2
  0
TEXT
  5
245
330
17
100
AcDbEntity
  8
FIAÇÃO_COMERCIAL
100
AcDbText
 10
-45219.83334487804
 20
56420.074828460056
 30
0.0
 40
0.06
  1
04d
 50
-2.8923062852174675
 72
2
 11
-45219.83334487804
 21
56420.074828460056
 31
0.0
100
AcDbText
 73
2
  0
TEXT
  5
246
330
17
100
AcDbEntity
  8
FIAÇÃO_COMERCIAL
100
AcDbText
 10
-45219.61788565793
 20
56419.9470599533
 30
0.0
 40
0.06
  1
1#2.5
 50
-1.1992489389230492
 11
-45219.61788565793
 21
56419.9470599533
 31
0.0
100
AcDbText
 73
2
  0
LINE
  5
247
330
17
100
AcDbEntity
  8
FIAÇÃO_COMERCIAL
100
AcDbLine
 10
-45219.79989743819
 20
56425.27369927207
 30
0.0
 11
-45219.648291141566
 21
56425.3248415327
 31
0.0
  0
LINE
  5
248
330
17
100
AcDbEntity
  8
FIAÇÃO_COMERCIAL
100
AcDbLine
 10
-45219.76588198208
 20
56425.4117421979
 30
0.0
 11
-45219.69166843889
 21
56425.44161442593
 31
0.0
  0
TEXT
  5
249
330
17
100
AcDbEntity
  8
FIAÇÃO_COMERCIAL
100
AcDbText
 10
-45219.61986496095
 20
56425.33443070658
 30
0.0
 40
0.06
  1
1#2.5
 50
18.641102346404924
 11
-45219.61986496095
 21
56425.33443070658
 31
0.0
100
AcDbText
 73
2
  0
TEXT
  5
24A
330
17
100
AcDbEntity
  8
FIAÇÃO_COMERCIAL
100
AcDbText
 10
-45219.82832361881
 20
56425.26411009819
 30
0.0
 40
0.06
  1
04
 50
18.641102346404924
 72
2
 11
-45219.82832361881
 21
56425.26411009819
 31
0.0
100
AcDbText
 73
2
  0
TEXT
  5
24B
330
17
100
AcDbEntity
  8
FIAÇÃO_COMERCIAL
100
AcDbText
 10
-45219.6638383602
 20
56425.452816511446
 30
0.0
 40
0.06
  1
1#2.5
 50
21.925633589334755
 11
-45219.6638383602
 21
56425.452816511446
 31
0.0
100
AcDbText
 73
2
  0
TEXT
  5
24C
330
17
100
AcDbEntity
  8
FIAÇÃO_COMERCIAL
100
AcDbText
 10
-45219.86792560396
 20
56425.37066788436
 30
0.0
 40
0.06
  1
04d
 50
21.925633589334755
 72
2
 11
-45219.86792560396
 21
56425.37066788436
 31
0.0
100
AcDbText
 73
2
  0
DIMENSION
  5
24F
330
17
100
AcDbEntity
  8
SUBESTAÇÃO
100
AcDbDimension
280
0
  2
*D1
  3
ISO-25
 10
-45223.33
 20
56417.93
 30
0.0
 11
-45224.18
 21
56418.41265
 31
0.0
 70
32
 71
5
  1
<>
100
AcDbAlignedDimension
 13
-45222.978
 23
56417.93
 33
0.0
 14
-45222.978
 24
56418.8953
 34
0.0
 50
90.0
100
AcDbRotatedDimension
1001
ACAD
1000
DSTYLE
1002
{
1070
41
1040
0.3
1070
42
1040
0.0
1070
44
1040
0.5
1070
140
1040
0.3
1070
146
1040
0.3
1070
147
1040
0.2
1070
172
1070
0
1070
288
1070
0
1070
278
1070
44
1070
3
1000
<>m
1070
271
1070
2
1002
}
  0
DIMENSION
  5
262
330
17
100
AcDbEntity
  8
SUBESTAÇÃO
100
AcDbDimension
280
0
  2
*D2
  3
ISO-25
 10
-45223.33
 20
56418.8953
 30
0.0
 11
-45223.68
 21
56419.86055
 31
0.0
 70
32
 71
5
  1
<>
100
AcDbAlignedDimension
 13
-45222.978
 23
56418.8953
 33
0.0
 14
-45222.978
 24
56420.8258
 34
0.0
 50
90.0
100
AcDbRotatedDimension
1001
ACAD
1000
DSTYLE
1002
{
1070
41
1040
0.3
1070
42
1040
0.0
1070
44
1040
0.5
1070
140
1040
0.3
1070
146
1040
0.3
1070
147
1040
0.2
1070
172
1070
0
1070
288
1070
0
1070
278
1070
44
1070
3
1000
<>m
1070
271
1070
2
1002
}
  0
DIMENSION
  5
271
330
17
100
AcDbEntity
  8
SUBESTAÇÃO
100
AcDbDimension
280
0
  2
*D3
  3
ISO-25
 10
-45223.33
 20
56420.8258
 30
0.0
 11
-45223.68
 21
56421.79105
 31
0.0
 70
32
 71
5
  1
<>
100
AcDbAlignedDimension
 13
-45222.978
 23
56420.8258
 33
0.0
 14
-45222.978
 24
56422.7563
 34
0.0
 50
90.0
100
AcDbRotatedDimension
1001
ACAD
1000
DSTYLE
1002
{
1070
41
1040
0.3
1070
42
1040
0.0
1070
44
1040
0.5
1070
140
1040
0.3
1070
146
1040
0.3
1070
147
1040
0.2
1070
172
1070
0
1070
288
1070
0
1070
278
1070
44
1070
3
1000
<>m
1070
271
1070
2
1002
}
  0
DIMENSION
  5
280
330
17
100
AcDbEntity
  8
SUBESTAÇÃO
100
AcDbDimension
280
0
  2
*D4
  3
ISO-25
 10
-45223.33
 20
56422.7563
 30
0.0
 11
-45223.68
 21
56423.72155
 31
0.0
 70
32
 71
5
  1
<>
100
AcDbAlignedDimension
 13
-45222.978
 23
56422.7563
 33
0.0
 14
-45222.978
 24
56424.6868
 34
0.0
 50
90.0
100
AcDbRotatedDimension
1001
ACAD
1000
DSTYLE
1002
{
1070
41
1040
0.3
1070
42
1040
0.0
1070
44
1040
0.5
1070
140
1040
0.3
1070
146
1040
0.3
1070
147
1040
0.2
1070
172
1070
0
1070
288
1070
0
1070
278
1070
44
1070
3
1000
<>m
1070
271
1070
2
1002
}
  0
DIMENSION
  5
28F
330
17
100
AcDbEntity
  8
SUBESTAÇÃO
100
AcDbDimension
280
0
  2
*D5
  3
ISO-25
 10
-45223.33
 20
56424.6868
 30
0.0
 11
-45224.18
 21
56425.1694
 31
0.0
 70
32
 71
5
  1
<>
100
AcDbAlignedDimension
 13
-45222.978
 23
56424.6868
 33
0.0
 14
-45222.978
 24
56425.652
 34
0.0
 50
90.0
100
AcDbRotatedDimension
1001
ACAD
1000
DSTYLE
1002
{
1070
41
1040
0.3
1070
42
1040
0.0
1070
44
1040
0.5
1070
140
1040
0.3
1070
146
1040
0.3
1070
147
1040
0.2
1070
172
1070
0
1070
288
1070
0
1070
278
1070
44
1070
3
1000
<>m
1070
271
1070
2
1002
}
  0
LINE
  5
29E
330
17
100
AcDbEntity
  8
FIAÇÃO_COMERCIAL
100
AcDbLine
 10
-45241.18854934095
 20
56424.75645675308
 30
0.0
 11
-45241.102560992585
 21
56424.89138637898
 31
0.0
  0
LINE
  5
29F
330
17
100
AcDbEntity
  8
FIAÇÃO_COMERCIAL
100
AcDbLine
 10
-45241.23864167692
 20
56424.78798154612
 30
0.0
 11
-45241.15402919343
 21
56424.92377818686
 31
0.0
  0
LINE
  5
2A0
330
17
100
AcDbEntity
  8
FIAÇÃO_COMERCIAL
100
AcDbLine
 10
-45241.15402919343
 20
56424.92377818686
 30
0.0
 11
-45241.120080033244
 21
56424.90262506598
 31
0.0
  0
LINE
  5
2A1
330
17
100
AcDbEntity
  8
FIAÇÃO_COMERCIAL
100
AcDbLine
 10
-45241.29885545298
 20
56424.91824291253
 30
0.0
 11
-45241.257938116556
 21
56424.98698716014
 31
0.0
  0
LINE
  5
2A2
330
17
100
AcDbEntity
  8
FIAÇÃO_COMERCIAL
100
AcDbLine
 10
-45241.44213108082
 20
56424.9089514815
 30
0.0
 11
-45241.363108034806
 21
56425.04807501724
 31
0.0
  0
LINE
  5
2A3
330
17
100
AcDbEntity
  8
FIAÇÃO_COMERCIAL
100
AcDbLine
 10
-45241.493757271994
 20
56424.93789609588
 30
0.0
 11
-45241.41615235795
 21
56425.07781563461
 31
0.0
  0
LINE
  5
2A4
330
17
100
AcDbEntity
  8
FIAÇÃO_COMERCIAL
100
AcDbLine
 10
-45241.41615235795
 20
56425.07781563461
 30
0.0
 11
-45241.38117247327
 21
56425.05841440611
 31
0.0
  0
LINE
  5
2A5
330
17
100
AcDbEntity
  8
FIAÇÃO_COMERCIAL
100
AcDbLine
 10
-45241.5978771834
 20
56424.99420684479
 30
0.0
 11
-45241.52313243792
 21
56425.13567494375
 31
0.0
  0
LINE
  5
2A6
330
17
100
AcDbEntity
  8
FIAÇÃO_COMERCIAL
100
AcDbLine
 10
-45241.65036018941
 20
56425.0215671848
 30
0.0
 11
-45241.577057185
 21
56425.16378768101
 31
0.0
  0
LINE
  5
2A7
330
17
100
AcDbEntity
  8
FIAÇÃO_COMERCIAL
100
AcDbLine
 10
-45241.577057185
 20
56425.16378768101
 30
0.0
 11
-45241.54150206094
 21
56425.14546192991
 31
0.0
  0
LINE
  5
2A8
330
17
100
AcDbEntity
  8
FIAÇÃO_COMERCIAL
100
AcDbLine
 10
-45241.75614529922
 20
56425.07468371894
 30
0.0
 11
-45241.685748346004
 21
56425.21836485541
 31
0.0
  0
LINE
  5
2A9
330
17
100
AcDbEntity
  8
FIAÇÃO_COMERCIAL
100
AcDbLine
 10
-45241.65880813292
 20
56425.20516542668
 30
0.0
 11
-45241.71268855909
 21
56425.23156428414
 31
0.0
  0
TEXT
  5
2AA
330
17
100
AcDbEntity
  8
FIAÇÃO_COMERCIAL
100
AcDbText
 10
-45241.11182831147
 20
56424.932664834065
 30
0.0
 40
0.06
  1
2#1.5
 50
57.49133319271032
 11
-45241.11182831147
 21
56424.932664834065
 31
0.0
100
AcDbText
 73
2
  0
TEXT
  5
2AB
330
17
100
AcDbEntity
  8
FIAÇÃO_COMERCIAL
100
AcDbText
 10
-45241.230062290466
 20
56424.74713659845
 30
0.0
 40
0.06
  1
03
 50
57.49133319271032
 72
2
 11
-45241.230062290466
 21
56424.74713659845
 31
0.0
100
AcDbText
 73
2
  0
TEXT
  5
2AC
330
17
100
AcDbEntity
  8
FIAÇÃO_COMERCIAL
100
AcDbText
 10
-45241.24259411539
 20
56425.012766253
 30
0.0
 40
0.06
  1
1#1.5
 50
59.23842428013629
 11
-45241.24259411539
 21
56425.012766253
 31
0.0
100
AcDbText
 73
2
  0
TEXT
  5
2AD
330
17
100
AcDbEntity
  8
FIAÇÃO_COMERCIAL
100
AcDbText
 10
-45241.35511679057
 20
56424.82371957206
 30
0.0
 40
0.06
  1
03a
 50
59.23842428013629
 72
2
 11
-45241.35511679057
 21
56424.82371957206
 31
0.0
100
AcDbText
 73
2
  0
TEXT
  5
2AE
330
17
100
AcDbEntity
  8
FIAÇÃO_COMERCIAL
100
AcDbText
 10
-45241.374458842256
 20
56425.088831988134
 30
0.0
 40
0.06
  1
2#2.5
 50
60.403151663370046
 11
-45241.374458842256
 21
56425.088831988134
 31
0.0
100
AcDbText
 73
2
  0
TEXT
  5
2AF
330
17
100
AcDbEntity
  8
FIAÇÃO_COMERCIAL
100
AcDbText
 10
-45241.48311553053
 20
56424.89753712648
 30
0.0
 40
0.06
  1
42
 50
60.403151663370046
 72
2
 11
-45241.48311553053
 21
56424.89753712648
 31
0.0
100
AcDbText
 73
2
  0
TEXT
  5
2B0
330
17
100
AcDbEntity
  8
FIAÇÃO_COMERCIAL
100
AcDbText
 10
-45241.535719736414
 20
56425.176068481625
 30
0.0
 40
0.06
  1
2#1.5
 50
62.15024274044038
 11
-45241.535719736414
 21
56425.176068481625
 31
0.0
100
AcDbText
 73
2
  0
TEXT
  5
2B1
330
17
100
AcDbEntity
  8
FIAÇÃO_COMERCIAL
100
AcDbText
 10
-45241.63849376146
 20
56424.98154984556
 30
0.0
 40
0.06
  1
43
 50
62.15024274044038
 72
2
 11
-45241.63849376146
 21
56424.98154984556
 31
0.0
100
AcDbText
 73
2
  0
TEXT
  5
2B2
330
17
100
AcDbEntity
  8
FIAÇÃO_COMERCIAL
100
AcDbText
 10
-45241.672548917275
 20
56425.2453050685
 30
0.0
 40
0.06
  1
1#2.5
 50
63.89733383513966
 11
-45241.672548917275
 21
56425.2453050685
 31
0.0
100
AcDbText
 73
2
  0
LINE
  5
2B3
330
17
100
AcDbEntity
  8
FIAÇÃO_COMERCIAL
100
AcDbLine
 10
-45253.77502627084
 20
56422.227922664984
 30
0.0
 11
-45253.779335378684
 21
56422.38786462818
 31
0.0
  0
LINE
  5
2B4
330
17
100
AcDbEntity
  8
FIAÇÃO_COMERCIAL
100
AcDbLine
 10
-45253.71434851582
 20
56422.22982342129
 30
0.0
 11
-45253.72007237709
 21
56422.38972100542
 31
0.0
  0
LINE
  5
2B5
330
17
100
AcDbEntity
  8
FIAÇÃO_COMERCIAL
100
AcDbLine
 10
-45253.72007237709
 20
56422.38972100542
 30
0.0
 11
-45253.760046773124
 21
56422.38829004011
 31
0.0
  0
LINE
  5
2B6
330
17
100
AcDbEntity
  8
FIAÇÃO_COMERCIAL
100
AcDbLine
 10
-45253.59305521879
 20
56422.23523265471
 30
0.0
 11
-45253.601607132325
 21
56422.395003943675
 31
0.0
  0
LINE
  5
2B7
330
17
100
AcDbEntity
  8
FIAÇÃO_COMERCIAL
100
AcDbLine
 10
-45253.53244914323
 20
56422.23874070969
 30
0.0
 11
-45253.54241413429
 21
56422.39843009241
 31
0.0
  0
LINE
  5
2B8
330
17
100
AcDbEntity
  8
FIAÇÃO_COMERCIAL
100
AcDbLine
 10
-45253.54241413429
 20
56422.39843009241
 30
0.0
 11
-45253.582336479965
 21
56422.39593884465
 31
0.0
  0
LINE
  5
2B9
330
17
100
AcDbEntity
  8
FIAÇÃO_COMERCIAL
100
AcDbLine
 10
-45253.41134178788
 20
56422.247362327245
 30
0.0
 11
-45253.42413048392
 21
56422.40685041223
 31
0.0
  0
LINE
  5
2BA
330
17
100
AcDbEntity
  8
FIAÇÃO_COMERCIAL
100
AcDbLine
 10
-45253.350849960036
 20
56422.252475216934
 30
0.0
 11
-45253.365049062566
 21
56422.41184392619
 31
0.0
  0
LINE
  5
2BB
330
17
100
AcDbEntity
  8
FIAÇÃO_COMERCIAL
100
AcDbLine
 10
-45253.365049062566
 20
56422.41184392619
 30
0.0
 11
-45253.40489123988
 21
56422.408294150555
 31
0.0
  0
LINE
  5
2BC
330
17
100
AcDbEntity
  8
FIAÇÃO_COMERCIAL
100
AcDbLine
 10
-45253.238521845116
 20
56422.34384943838
 30
0.0
 11
-45253.24703008074
 21
56422.42339571376
 31
0.0
  0
LINE
  5
2BD
330
17
100
AcDbEntity
  8
FIAÇÃO_COMERCIAL
100
AcDbLine
 10
-45253.109405094416
 20
56422.278264184846
 30
0.0
 11
-45253.12923360765
 21
56422.43703077473
 31
0.0
  0
LINE
  5
2BE
330
17
100
AcDbEntity
  8
FIAÇÃO_COMERCIAL
100
AcDbLine
 10
-45253.15900234325
 20
56422.4333129285
 30
0.0
 11
-45253.09946487205
 21
56422.44074862096
 31
0.0
  0
TEXT
  5
2BF
330
17
100
AcDbEntity
  8
FIAÇÃO_COMERCIAL
100
AcDbText
 10
-45253.75015814725
 20
56422.41879302966
 30
0.0
 40
0.06
  1
2#2.5
 50
-88.4567278182754
 72
2
 11
-45253.75015814725
 21
56422.41879302966
 31
0.0
100
AcDbText
 73
2
  0
TEXT
  5
2C0
330
17
100
AcDbEntity
  8
FIAÇÃO_COMERCIAL
100
AcDbText
 10
-45253.744233123965
 20
56422.19887283027
 30
0.0
 40
0.06
  1
08
 50
-88.4567278182754
 11
-45253.744233123965
 21
56422.19887283027
 31
0.0
100
AcDbText
 73
2
  0
TEXT
  5
2C1
330
17
100
AcDbEntity
  8
FIAÇÃO_COMERCIAL
100
AcDbText
 10
-45253.57326084772
 20
56422.42669461128
 30
0.0
 40
0.06
  1
2#4.0
 50
-86.93611152169285
 72
2
 11
-45253.57326084772
 21
56422.42669461128
 31
0.0
100
AcDbText
 73
2
  0
TEXT
  5
2C2
330
17
100
AcDbEntity
  8
FIAÇÃO_COMERCIAL
100
AcDbText
 10
-45253.56150196661
 20
56422.20700908896
 30
0.0
 40
0.06
  1
31
 50
-86.93611152169285
 11
-45253.56150196661
 21
56422.20700908896
 31
0.0
100
AcDbText
 73
2
  0
TEXT
  5
2C3
330
17
100
AcDbEntity
  8
FIAÇÃO_COMERCIAL
100
AcDbText
 10
-45253.39663505214
 20
56422.43928102908
 30
0.0
 40
0.06
  1
2#1.5
 50
-85.41549520056256
 72
2
 11
-45253.39663505214
 21
56422.43928102908
 31
0.0
100
AcDbText
 73
2
  0
TEXT
  5
2C4
330
17
100
AcDbEntity
  8
FIAÇÃO_COMERCIAL
100
AcDbText
 10
-45253.379050595075
 20
56422.21998491222
 30
0.0
 40
0.06
  1
43
 50
-85.41549520056256
 11
-45253.379050595075
 21
56422.21998491222
 31
0.0
100
AcDbText
 73
2
  0
TEXT
  5
2C5
330
17
100
AcDbEntity
  8
FIAÇÃO_COMERCIAL
100
AcDbText
 10
-45253.2502206691
 20
56422.45322556703
 30
0.0
 40
0.06
  1
1#1.5
 50
-83.89487887726727
 72
2
 11
-45253.2502206691
 21
56422.45322556703
 31
0.0
100
AcDbText
 73
2
  0
TEXT
  5
2C6
330
17
100
AcDbEntity
  8
FIAÇÃO_COMERCIAL
100
AcDbText
 10
-45253.226823021134
 20
56422.234473309734
 30
0.0
 40
0.06
  1
43f
 50
-83.89487887726727
 11
-45253.226823021134
 21
56422.234473309734
 31
0.0
100
AcDbText
 73
2
  0
TEXT
  5
2C7
330
17
100
AcDbEntity
  8
FIAÇÃO_COMERCIAL
100
AcDbText
 10
-45253.13295145388
 20
56422.46679951033
 30
0.0
 40
0.06
  1
1#4.0
 50
-82.88113465019234
 72
2
 11
-45253.13295145388
 21
56422.46679951033
 31
0.0
100
AcDbText
 73
2
  0
LINE
  5
2C8
330
17
100
AcDbEntity
  8
FIAÇÃO_COMERCIAL
100
AcDbLine
 10
-45235.75491461664
 20
56423.06749200013
 30
0.0
 11
-45235.85932380373
 21
56423.18873028473
 31
0.0
  0
LINE
  5
2C9
330
17
100
AcDbEntity
  8
FIAÇÃO_COMERCIAL
100
AcDbLine
 10
-45235.85932380373
 20
56423.18873028473
 30
0.0
 11
-45235.82901423258
 21
56423.2148325815
 31
0.0
  0
LINE
  5
2CA
330
17
100
AcDbEntity
  8
FIAÇÃO_COMERCIAL
100
AcDbLine
 10
-45235.89731143015
 20
56423.04895976688
 30
0.0
 11
-45235.95063879368
 21
56423.1085935853
 31
0.0
  0
LINE
  5
2CB
330
17
100
AcDbEntity
  8
FIAÇÃO_COMERCIAL
100
AcDbLine
 10
-45235.986011866815
 20
56422.968140157034
 30
0.0
 11
-45236.04044340681
 21
56423.02676785913
 31
0.0
  0
LINE
  5
2CC
330
17
100
AcDbEntity
  8
FIAÇÃO_COMERCIAL
100
AcDbLine
 10
-45236.01767293082
 20
56422.82807927909
 30
0.0
 11
-45236.12870640655
 21
56422.943281567554
 31
0.0
  0
LINE
  5
2CD
330
17
100
AcDbEntity
  8
FIAÇÃO_COMERCIAL
100
AcDbLine
 10
-45236.060145983654
 20
56422.786764139506
 30
0.0
 11
-45236.17225018633
 21
56422.90092476206
 31
0.0
  0
LINE
  5
2CE
330
17
100
AcDbEntity
  8
FIAÇÃO_COMERCIAL
100
AcDbLine
 10
-45236.17225018633
 20
56422.90092476206
 30
0.0
 11
-45236.143710030694
 21
56422.92895081273
 31
0.0
  0
LINE
  5
2CF
330
17
100
AcDbEntity
  8
FIAÇÃO_COMERCIAL
100
AcDbLine
 10
-45236.143927125406
 20
56422.70295471917
 30
0.0
 11
-45236.25814337353
 21
56422.81500224777
 31
0.0
  0
LINE
  5
2D0
330
17
100
AcDbEntity
  8
FIAÇÃO_COMERCIAL
100
AcDbLine
 10
-45236.185227929214
 20
56422.660467726
 30
0.0
 11
-45236.300485311825
 21
56422.77144401064
 31
0.0
  0
LINE
  5
2D1
330
17
100
AcDbEntity
  8
FIAÇÃO_COMERCIAL
100
AcDbLine
 10
-45236.300485311825
 20
56422.77144401064
 30
0.0
 11
-45236.27274124066
 21
56422.80025835629
 31
0.0
  0
LINE
  5
2D2
330
17
100
AcDbEntity
  8
FIAÇÃO_COMERCIAL
100
AcDbLine
 10
-45236.26663204701
 20
56422.574347644986
 30
0.0
 11
-45236.38394146789
 21
56422.683152515165
 31
0.0
  0
LINE
  5
2D3
330
17
100
AcDbEntity
  8
FIAÇÃO_COMERCIAL
100
AcDbLine
 10
-45236.36354055473
 20
56422.70514803158
 30
0.0
 11
-45236.40434238104
 21
56422.66115699875
 31
0.0
  0
TEXT
  5
2D4
330
17
100
AcDbEntity
  8
FIAÇÃO_COMERCIAL
100
AcDbText
 10
-45235.908265610175
 20
56423.24556073064
 30
0.0
 40
0.06
  1
1#1.5
 72
1
 11
-45235.908265610175
 21
56423.24556073064
 31
0.0
100
AcDbText
 73
2
  0
TEXT
  5
2D5
330
17
100
AcDbEntity
  8
FIAÇÃO_COMERCIAL
100
AcDbText
 10
-45235.705972810196
 20
56423.010661554224
 30
0.0
 40
0.06
  1
03
 72
1
 11
-45235.705972810196
 21
56423.010661554224
 31
0.0
100
AcDbText
 73
2
  0
TEXT
  5
2D6
330
17
100
AcDbEntity
  8
FIAÇÃO_COMERCIAL
100
AcDbText
 10
-45236.00063319699
 20
56423.164500290055
 30
0.0
 40
0.06
  1
1#1.5
 72
1
 11
-45236.00063319699
 21
56423.164500290055
 31
0.0
100
AcDbText
 73
2
  0
TEXT
  5
2D7
330
17
100
AcDbEntity
  8
FIAÇÃO_COMERCIAL
100
AcDbText
 10
-45235.7939896633
 20
56422.9334192437
 30
0.0
 40
0.06
  1
03a
 72
1
 11
-45235.7939896633
 21
56422.9334192437
 31
0.0
100
AcDbText
 73
2
  0
TEXT
  5
2D8
330
17
100
AcDbEntity
  8
FIAÇÃO_COMERCIAL
100
AcDbText
 10
-45236.09147297556
 20
56423.081731329854
 30
0.0
 40
0.06
  1
1#1.5
 72
1
 11
-45236.09147297556
 21
56423.081731329854
 31
0.0
100
AcDbText
 73
2
  0
TEXT
  5
2D9
330
17
100
AcDbEntity
  8
FIAÇÃO_COMERCIAL
100
AcDbText
 10
-45235.88055075807
 20
56422.854548984214
 30
0.0
 40
0.06
  1
03b
 72
1
 11
-45235.88055075807
 21
56422.854548984214
 31
0.0
100
AcDbText
 73
2
  0
TEXT
  5
2DA
330
17
100
AcDbEntity
  8
FIAÇÃO_COMERCIAL
100
AcDbText
 10
-45236.20225755645
 20
56422.976364654
 30
0.0
 40
0.06
  1
2#4.0
 72
1
 11
-45236.20225755645
 21
56422.976364654
 31
0.0
100
AcDbText
 73
2
  0
TEXT
  5
2DB
330
17
100
AcDbEntity
  8
FIAÇÃO_COMERCIAL
100
AcDbText
 10
-45235.98713019723
 20
56422.7531602201
 30
0.0
 40
0.06
  1
10
 72
1
 11
-45235.98713019723
 21
56422.7531602201
 31
0.0
100
AcDbText
 73
2
  0
TEXT
  5
2DC
330
17
100
AcDbEntity
  8
FIAÇÃO_COMERCIAL
100
AcDbText
 10
-45236.33259292536
 20
56422.84601321923
 30
0.0
 40
0.06
  1
2#2.5
 72
1
 11
-45236.33259292536
 21
56422.84601321923
 31
0.0
100
AcDbText
 73
2
  0
TEXT
  5
2DD
330
17
100
AcDbEntity
  8
FIAÇÃO_COMERCIAL
100
AcDbText
 10
-45236.11129894463
 20
56422.628921132564
 30
0.0
 40
0.06
  1
32
 72
1
 11
-45236.11129894463
 21
56422.628921132564
 31
0.0
100
AcDbText
 73
2
  0
TEXT
  5
2DE
330
17
100
AcDbEntity
  8
FIAÇÃO_COMERCIAL
100
AcDbText
 10
-45236.43893025892
 20
56422.734154798054
 30
0.0
 40
0.06
  1
1#4.0
 72
1
 11
-45236.43893025892
 21
56422.734154798054
 31
0.0
100
AcDbText
 73
2
  0
LINE
  5
2DF
330
17
100
AcDbEntity
  8
FIAÇÃO_COMERCIAL
100
AcDbLine
 10
-45239.53061292306
 20
56421.81456793783
 30
0.0
 11
-45239.526104742385
 21
56421.97450441367
 31
0.0
  0
LINE
  5
2E0
330
17
100
AcDbEntity
  8
FIAÇÃO_COMERCIAL
100
AcDbLine
 10
-45239.526104742385
 20
56421.97450441367
 30
0.0
 11
-45239.48612062342
 21
56421.9733773685
 31
0.0
  0
LINE
  5
2E1
330
17
100
AcDbEntity
  8
FIAÇÃO_COMERCIAL
100
AcDbLine
 10
-45239.648344824716
 20
56421.895987136115
 30
0.0
 11
-45239.64866687942
 21
56421.975986487865
 31
0.0
  0
LINE
  5
2E2
330
17
100
AcDbEntity
  8
FIAÇÃO_COMERCIAL
100
AcDbLine
 10
-45239.768315489426
 20
56421.89358229288
 30
0.0
 11
-45239.77121335509
 21
56421.9735297905
 31
0.0
  0
LINE
  5
2E3
330
17
100
AcDbEntity
  8
FIAÇÃO_COMERCIAL
100
AcDbLine
 10
-45239.88267628019
 20
56421.80751139983
 30
0.0
 11
-45239.89361762274
 21
56421.9671368584
 31
0.0
  0
LINE
  5
2E4
330
17
100
AcDbEntity
  8
FIAÇÃO_COMERCIAL
100
AcDbLine
 10
-45239.941216693216
 20
56421.80303762343
 30
0.0
 11
-45239.954726919255
 21
56421.96246620868
 31
0.0
  0
LINE
  5
2E5
330
17
100
AcDbEntity
  8
FIAÇÃO_COMERCIAL
100
AcDbLine
 10
-45239.954726919255
 20
56421.96246620868
 30
0.0
 11
-45239.91486977295
 21
56421.96584376519
 31
0.0
  0
LINE
  5
2E6
330
17
100
AcDbEntity
  8
FIAÇÃO_COMERCIAL
100
AcDbLine
 10
-45240.058044138015
 20
56421.791271687005
 30
0.0
 11
-45240.07668095654
 21
56421.95018257083
 31
0.0
  0
LINE
  5
2E7
330
17
100
AcDbEntity
  8
FIAÇÃO_COMERCIAL
100
AcDbLine
 10
-45240.11630101331
 20
56421.783982564055
 30
0.0
 11
-45240.1374942115
 21
56421.94257275401
 31
0.0
  0
LINE
  5
2E8
330
17
100
AcDbEntity
  8
FIAÇÃO_COMERCIAL
100
AcDbLine
 10
-45240.1374942115
 20
56421.94257275401
 30
0.0
 11
-45240.09784666401
 21
56421.947871053555
 31
0.0
  0
LINE
  5
2E9
330
17
100
AcDbEntity
  8
FIAÇÃO_COMERCIAL
100
AcDbLine
 10
-45240.23242588478
 20
56421.76660141572
 30
0.0
 11
-45240.258714695054
 21
56421.92442694742
 31
0.0
  0
LINE
  5
2EA
330
17
100
AcDbEntity
  8
FIAÇÃO_COMERCIAL
100
AcDbLine
 10
-45240.22912240786
 20
56421.92935609935
 30
0.0
 11
-45240.28830698225
 21
56421.9194977955
 31
0.0
  0
TEXT
  5
2EB
330
17
100
AcDbEntity
  8
FIAÇÃO_COMERCIAL
100
AcDbText
 10
-45239.5252594585
 20
56422.0044925029
 30
0.0
 40
0.06
  1
1#1.5
 50
88.38541302752989
 11
-45239.5252594585
 21
56422.0044925029
 31
0.0
100
AcDbText
 73
2
  0
TEXT
  5
2EC
330
17
100
AcDbEntity
  8
FIAÇÃO_COMERCIAL
100
AcDbText
 10
-45239.53145820694
 20
56421.7845798486
 30
0.0
 40
0.06
  1
03
 50
88.38541302752989
 72
2
 11
-45239.53145820694
 21
56421.7845798486
 31
0.0
100
AcDbText
 73
2
  0
TEXT
  5
2ED
330
17
100
AcDbEntity
  8
FIAÇÃO_COMERCIAL
100
AcDbText
 10
-45239.64878764993
 20
56422.005986244774
 30
0.0
 40
0.06
  1
1#1.5
 50
-89.76934468945112
 72
2
 11
-45239.64878764993
 21
56422.005986244774
 31
0.0
100
AcDbText
 73
2
  0
TEXT
  5
2EE
330
17
100
AcDbEntity
  8
FIAÇÃO_COMERCIAL
100
AcDbText
 10
-45239.6479019995
 20
56421.785988027455
 30
0.0
 40
0.06
  1
03a
 50
-89.76934468945112
 11
-45239.6479019995
 21
56421.785988027455
 31
0.0
100
AcDbText
 73
2
  0
TEXT
  5
2EF
330
17
100
AcDbEntity
  8
FIAÇÃO_COMERCIAL
100
AcDbText
 10
-45239.77230005471
 20
56422.0035101021
 30
0.0
 40
0.06
  1
1#1.5
 50
-87.92410245767154
 72
2
 11
-45239.77230005471
 21
56422.0035101021
 31
0.0
100
AcDbText
 73
2
  0
TEXT
  5
2F0
330
17
100
AcDbEntity
  8
FIAÇÃO_COMERCIAL
100
AcDbText
 10
-45239.76433092414
 20
56421.78365448367
 30
0.0
 40
0.06
  1
03b
 50
-87.92410245767154
 11
-45239.76433092414
 21
56421.78365448367
 31
0.0
100
AcDbText
 73
2
  0
TEXT
  5
2F1
330
17
100
AcDbEntity
  8
FIAÇÃO_COMERCIAL
100
AcDbText
 10
-45239.925581551855
 20
56421.99478052535
 30
0.0
 40
0.06
  1
2#4.0
 50
-86.07886018633441
 72
2
 11
-45239.925581551855
 21
56421.99478052535
 31
0.0
100
AcDbText
 73
2
  0
TEXT
  5
2F2
330
17
100
AcDbEntity
  8
FIAÇÃO_COMERCIAL
100
AcDbText
 10
-45239.91053720584
 20
56421.77529551982
 30
0.0
 40
0.06
  1
10
 50
-86.07886018633441
 11
-45239.91053720584
 21
56421.77529551982
 31
0.0
100
AcDbText
 73
2
  0
TEXT
  5
2F3
330
17
100
AcDbEntity
  8
FIAÇÃO_COMERCIAL
100
AcDbText
 10
-45240.10994289257
 20
56421.9762536266
 30
0.0
 40
0.06
  1
2#2.5
 50
-83.3109967747462
 72
2
 11
-45240.10994289257
 21
56421.9762536266
 31
0.0
100
AcDbText
 73
2
  0
TEXT
  5
2F4
330
17
100
AcDbEntity
  8
FIAÇÃO_COMERCIAL
100
AcDbText
 10
-45240.08431726711
 20
56421.757751161356
 30
0.0
 40
0.06
  1
32
 50
-83.3109967747462
 11
-45240.08431726711
 21
56421.757751161356
 31
0.0
100
AcDbText
 73
2
  0
TEXT
  5
2F5
330
17
100
AcDbEntity
  8
FIAÇÃO_COMERCIAL
100
AcDbText
 10
-45240.26364384698
 20
56421.95401923461
 30
0.0
 40
0.06
  1
1#4.0
 50
-80.54313337460482
 72
2
 11
-45240.26364384698
 21
56421.95401923461
 31
0.0
100
AcDbText
 73
2
  0
LINE
  5
2F6
330
17
100
AcDbEntity
  8
FIAÇÃO_COMERCIAL
100
AcDbLine
 10
-45238.15615068794
 20
56421.77548081716
 30
0.0
 11
-45238.16880497585
 21
56421.61598201153
 31
0.0
  0
LINE
  5
2F7
330
17
100
AcDbEntity
  8
FIAÇÃO_COMERCIAL
100
AcDbLine
 10
-45238.16880497585
 20
56421.61598201153
 30
0.0
 11
-45238.20867967726
 21
56421.61914558351
 31
0.0
  0
LINE
  5
2F8
330
17
100
AcDbEntity
  8
FIAÇÃO_COMERCIAL
100
AcDbLine
 10
-45238.042723208215
 20
56421.68814364259
 30
0.0
 11
-45238.04647914161
 21
56421.608231860206
 31
0.0
  0
LINE
  5
2F9
330
17
100
AcDbEntity
  8
FIAÇÃO_COMERCIAL
100
AcDbLine
 10
-45237.92278661985
 20
56421.684407408975
 30
0.0
 11
-45237.923967447256
 21
56421.60441612416
 31
0.0
  0
LINE
  5
2FA
330
17
100
AcDbEntity
  8
FIAÇÃO_COMERCIAL
100
AcDbLine
 10
-45237.80418741021
 20
56421.76451439914
 30
0.0
 11
-45237.80139640382
 21
56421.60453874385
 31
0.0
  0
LINE
  5
2FB
330
17
100
AcDbEntity
  8
FIAÇÃO_COMERCIAL
100
AcDbLine
 10
-45237.74549476662
 20
56421.7659870304
 30
0.0
 11
-45237.74012818117
 21
56421.60607705647
 31
0.0
  0
LINE
  5
2FC
330
17
100
AcDbEntity
  8
FIAÇÃO_COMERCIAL
100
AcDbLine
 10
-45237.74012818117
 20
56421.60607705647
 30
0.0
 11
-45237.78010567465
 21
56421.60473541011
 31
0.0
  0
LINE
  5
2FD
330
17
100
AcDbEntity
  8
FIAÇÃO_COMERCIAL
100
AcDbLine
 10
-45237.62821832173
 20
56421.77175994972
 30
0.0
 11
-45237.61770542032
 21
56421.61210570172
 31
0.0
  0
LINE
  5
2FE
330
17
100
AcDbEntity
  8
FIAÇÃO_COMERCIAL
100
AcDbLine
 10
-45237.56966479296
 20
56421.77605874768
 30
0.0
 11
-45237.55658248882
 21
56421.61659447795
 31
0.0
  0
LINE
  5
2FF
330
17
100
AcDbEntity
  8
FIAÇÃO_COMERCIAL
100
AcDbLine
 10
-45237.55658248882
 20
56421.61659447795
 30
0.0
 11
-45237.59644855625
 21
56421.61332390192
 31
0.0
  0
LINE
  5
300
330
17
100
AcDbEntity
  8
FIAÇÃO_COMERCIAL
100
AcDbLine
 10
-45237.45280269022
 20
56421.78747547245
 30
0.0
 11
-45237.43459242267
 21
56421.62851514357
 31
0.0
  0
LINE
  5
301
330
17
100
AcDbEntity
  8
FIAÇÃO_COMERCIAL
100
AcDbLine
 10
-45237.464397484335
 20
56421.62510071841
 30
0.0
 11
-45237.40478736101
 21
56421.631929568735
 31
0.0
  0
TEXT
  5
302
330
17
100
AcDbEntity
  8
FIAÇÃO_COMERCIAL
100
AcDbText
 10
-45238.17117765484
 20
56421.58607598548
 30
0.0
 40
0.06
  1
1#1.5
 50
85.46377942660858
 72
2
 11
-45238.17117765484
 21
56421.58607598548
 31
0.0
100
AcDbText
 73
2
  0
TEXT
  5
303
330
17
100
AcDbEntity
  8
FIAÇÃO_COMERCIAL
100
AcDbText
 10
-45238.15377800895
 20
56421.80538684321
 30
0.0
 40
0.06
  1
03
 50
85.46377942660858
 11
-45238.15377800895
 21
56421.80538684321
 31
0.0
100
AcDbText
 73
2
  0
TEXT
  5
304
330
17
100
AcDbEntity
  8
FIAÇÃO_COMERCIAL
100
AcDbText
 10
-45238.04788761663
 20
56421.57826494181
 30
0.0
 40
0.06
  1
1#1.5
 50
87.3090216522494
 72
2
 11
-45238.04788761663
 21
56421.57826494181
 31
0.0
100
AcDbText
 73
2
  0
TEXT
  5
305
330
17
100
AcDbEntity
  8
FIAÇÃO_COMERCIAL
100
AcDbText
 10
-45238.0375587998
 20
56421.79802234337
 30
0.0
 40
0.06
  1
03a
 50
87.3090216522494
 11
-45238.0375587998
 21
56421.79802234337
 31
0.0
100
AcDbText
 73
2
  0
TEXT
  5
306
330
17
100
AcDbEntity
  8
FIAÇÃO_COMERCIAL
100
AcDbText
 10
-45237.92441025753
 20
56421.57441939235
 30
0.0
 40
0.06
  1
1#1.5
 50
89.15426395588815
 72
2
 11
-45237.92441025753
 21
56421.57441939235
 31
0.0
100
AcDbText
 73
2
  0
TEXT
  5
307
330
17
100
AcDbEntity
  8
FIAÇÃO_COMERCIAL
100
AcDbText
 10
-45237.921162982166
 20
56421.7943954256
 30
0.0
 40
0.06
  1
03b
 50
89.15426395588815
 11
-45237.921162982166
 21
56421.7943954256
 31
0.0
100
AcDbText
 73
2
  0
TEXT
  5
308
330
17
100
AcDbEntity
  8
FIAÇÃO_COMERCIAL
100
AcDbText
 10
-45237.770882873556
 20
56421.57529604446
 30
0.0
 40
0.06
  1
2#4.0
 50
-89.0004937607778
 11
-45237.770882873556
 21
56421.57529604446
 31
0.0
100
AcDbText
 73
2
  0
TEXT
  5
309
330
17
100
AcDbEntity
  8
FIAÇÃO_COMERCIAL
100
AcDbText
 10
-45237.77472050736
 20
56421.79526257047
 30
0.0
 40
0.06
  1
10
 50
-89.0004937607778
 72
2
 11
-45237.77472050736
 21
56421.79526257047
 31
0.0
100
AcDbText
 73
2
  0
TEXT
  5
30A
330
17
100
AcDbEntity
  8
FIAÇÃO_COMERCIAL
100
AcDbText
 10
-45237.58581513623
 20
56421.58436742377
 30
0.0
 40
0.06
  1
2#2.5
 50
-86.23263039917116
 11
-45237.58581513623
 21
56421.58436742377
 31
0.0
100
AcDbText
 73
2
  0
TEXT
  5
30B
330
17
100
AcDbEntity
  8
FIAÇÃO_COMERCIAL
100
AcDbText
 10
-45237.60027037568
 20
56421.80389201477
 30
0.0
 40
0.06
  1
32
 50
-86.23263039917116
 72
2
 11
-45237.60027037568
 21
56421.80389201477
 31
0.0
100
AcDbText
 73
2
  0
TEXT
  5
30C
330
17
100
AcDbEntity
  8
FIAÇÃO_COMERCIAL
100
AcDbText
 10
-45237.43117799751
 20
56421.59871008191
 30
0.0
 40
0.06
  1
1#4.0
 50
-83.46476695122516
 11
-45237.43117799751
 21
56421.59871008191
 31
0.0
100
AcDbText
 73
2
  0
LINE
  5
30D
330
17
100
AcDbEntity
  8
FIAÇÃO_COMERCIAL
100
AcDbLine
 10
-45227.04011376293
 20
56421.957077544095
 30
0.0
 11
-45227.034683932485
 21
56422.11698538299
 31
0.0
  0
LINE
  5
30E
330
17
100
AcDbEntity
  8
FIAÇÃO_COMERCIAL
100
AcDbLine
 10
-45226.97892829947
 20
56421.955482326484
 30
0.0
 11
-45226.97591132645
 21
56422.11545387981
 31
0.0
  0
LINE
  5
30F
330
17
100
AcDbEntity
  8
FIAÇÃO_COMERCIAL
100
AcDbLine
 10
-45226.97591132645
 20
56422.11545387981
 30
0.0
 11
-45227.015904214786
 21
56422.11620812306
 31
0.0
  0
LINE
  5
310
330
17
100
AcDbEntity
  8
FIAÇÃO_COMERCIAL
100
AcDbLine
 10
-45226.85742513005
 20
56422.035049215265
 30
0.0
 11
-45226.85833025631
 21
56422.11504409477
 31
0.0
  0
LINE
  5
311
330
17
100
AcDbEntity
  8
FIAÇÃO_COMERCIAL
100
AcDbLine
 10
-45226.797436644265
 20
56422.03619378255
 30
0.0
 11
-45226.799548405215
 21
56422.1161659056
 31
0.0
  0
LINE
  5
312
330
17
100
AcDbEntity
  8
FIAÇÃO_COMERCIAL
100
AcDbLine
 10
-45226.73747216859
 20
56422.03824074663
 30
0.0
 11
-45226.74079008367
 21
56422.11817191351
 31
0.0
  0
LINE
  5
313
330
17
100
AcDbEntity
  8
FIAÇÃO_COMERCIAL
100
AcDbLine
 10
-45226.617669534084
 20
56422.045039807526
 30
0.0
 11
-45226.62339721784
 21
56422.124834504335
 31
0.0
  0
LINE
  5
314
330
17
100
AcDbEntity
  8
FIAÇÃO_COMERCIAL
100
AcDbLine
 10
-45226.48999345705
 20
56421.97585464852
 30
0.0
 11
-45226.50625793478
 21
56422.1350258355
 31
0.0
  0
LINE
  5
315
330
17
100
AcDbEntity
  8
FIAÇÃO_COMERCIAL
100
AcDbLine
 10
-45226.53610253234
 20
56422.13197624593
 30
0.0
 11
-45226.47641333722
 21
56422.13807542507
 31
0.0
  0
TEXT
  5
316
330
17
100
AcDbEntity
  8
FIAÇÃO_COMERCIAL
100
AcDbText
 10
-45227.003676321896
 20
56422.146186422586
 30
0.0
 40
0.06
  1
2#2.5
 50
88.05521177920602
 11
-45227.003676321896
 21
56422.146186422586
 31
0.0
100
AcDbText
 73
2
  0
TEXT
  5
317
330
17
100
AcDbEntity
  8
FIAÇÃO_COMERCIAL
100
AcDbText
 10
-45227.01114233877
 20
56421.9263131441
 30
0.0
 40
0.06
  1
04
 50
88.05521177920602
 72
2
 11
-45227.01114233877
 21
56421.9263131441
 31
0.0
100
AcDbText
 73
2
  0
TEXT
  5
318
330
17
100
AcDbEntity
  8
FIAÇÃO_COMERCIAL
100
AcDbText
 10
-45226.79868919625
 20
56422.1464875408
 30
0.0
 40
0.06
  1
3#2.5
 50
-89.35173723659051
 72
2
 11
-45226.79868919625
 21
56422.1464875408
 31
0.0
100
AcDbText
 73
2
  0
TEXT
  5
319
330
17
100
AcDbEntity
  8
FIAÇÃO_COMERCIAL
100
AcDbText
 10
-45226.79620009904
 20
56421.926501622176
 30
0.0
 40
0.06
  1
04a
 50
-89.35173723659051
 11
-45226.79620009904
 21
56421.926501622176
 31
0.0
100
AcDbText
 73
2
  0
TEXT
  5
31A
330
17
100
AcDbEntity
  8
FIAÇÃO_COMERCIAL
100
AcDbText
 10
-45226.62554509925
 20
56422.15475751564
 30
0.0
 40
0.06
  1
1#2.5
 50
-85.89433597263671
 72
2
 11
-45226.62554509925
 21
56422.15475751564
 31
0.0
100
AcDbText
 73
2
  0
TEXT
  5
31B
330
17
100
AcDbEntity
  8
FIAÇÃO_COMERCIAL
100
AcDbText
 10
-45226.60979396892
 20
56421.935322099416
 30
0.0
 40
0.06
  1
04b
 50
-85.89433597263671
 11
-45226.60979396892
 21
56421.935322099416
 31
0.0
100
AcDbText
 73
2
  0
TEXT
  5
31C
330
17
100
AcDbEntity
  8
FIAÇÃO_COMERCIAL
100
AcDbText
 10
-45226.50930752435
 20
56422.16487043306
 30
0.0
 40
0.06
  1
1#2.5
 50
-84.16563529516736
 72
2
 11
-45226.50930752435
 21
56422.16487043306
 31
0.0
100
AcDbText
 73
2
  0
LINE
  5
31D
330
17
100
AcDbEntity
  8
FIAÇÃO_COMERCIAL
100
AcDbLine
 10
-45238.19258418283
 20
56424.37443921436
 30
0.0
 11
-45238.20694995783
 21
56424.533792985916
 31
0.0
  0
LINE
  5
31E
330
17
100
AcDbEntity
  8
FIAÇÃO_COMERCIAL
100
AcDbLine
 10
-45238.13406707594
 20
56424.379208246384
 30
0.0
 11
-45238.14586506112
 21
56424.53877267709
 31
0.0
  0
LINE
  5
31F
330
17
100
AcDbEntity
  8
FIAÇÃO_COMERCIAL
100
AcDbLine
 10
-45238.14586506112
 20
56424.53877267709
 30
0.0
 11
-45238.185756168794
 21
56424.5358231808
 31
0.0
  0
LINE
  5
320
330
17
100
AcDbEntity
  8
FIAÇÃO_COMERCIAL
100
AcDbLine
 10
-45238.01684078925
 20
56424.38592308567
 30
0.0
 11
-45238.023494684196
 21
56424.54578466855
 31
0.0
  0
LINE
  5
321
330
17
100
AcDbEntity
  8
FIAÇÃO_COMERCIAL
100
AcDbLine
 10
-45237.95816186904
 20
56424.3878671597
 30
0.0
 11
-45237.962240797104
 21
56424.54781515858
 31
0.0
  0
LINE
  5
322
330
17
100
AcDbEntity
  8
FIAÇÃO_COMERCIAL
100
AcDbLine
 10
-45237.962240797104
 20
56424.54781515858
 30
0.0
 11
-45238.002227796824
 21
56424.54679542656
 31
0.0
  0
LINE
  5
323
330
17
100
AcDbEntity
  8
FIAÇÃO_COMERCIAL
100
AcDbLine
 10
-45237.84074820417
 20
56424.3889261077
 30
0.0
 11
-45237.839674693816
 21
56424.548922506336
 31
0.0
  0
LINE
  5
324
330
17
100
AcDbEntity
  8
FIAÇÃO_COMERCIAL
100
AcDbLine
 10
-45237.78204376745
 20
56424.38804070839
 30
0.0
 11
-45237.778394121284
 21
56424.54799907823
 31
0.0
  0
LINE
  5
325
330
17
100
AcDbEntity
  8
FIAÇÃO_COMERCIAL
100
AcDbLine
 10
-45237.778394121284
 20
56424.54799907823
 30
0.0
 11
-45237.81838371375
 21
56424.54891148977
 31
0.0
  0
LINE
  5
326
330
17
100
AcDbEntity
  8
FIAÇÃO_COMERCIAL
100
AcDbLine
 10
-45237.66471544771
 20
56424.38344130591
 30
0.0
 11
-45237.65591703693
 21
56424.54319921015
 31
0.0
  0
LINE
  5
327
330
17
100
AcDbEntity
  8
FIAÇÃO_COMERCIAL
100
AcDbLine
 10
-45237.685871643975
 20
56424.54484891217
 30
0.0
 11
-45237.625962429884
 21
56424.54154950813
 31
0.0
  0
TEXT
  5
328
330
17
100
AcDbEntity
  8
FIAÇÃO_COMERCIAL
100
AcDbText
 10
-45238.17974303974
 20
56424.56610899888
 30
0.0
 40
0.06
  1
2#2.5
 50
-84.84869865310553
 72
2
 11
-45238.17974303974
 21
56424.56610899888
 31
0.0
100
AcDbText
 73
2
  0
TEXT
  5
329
330
17
100
AcDbEntity
  8
FIAÇÃO_COMERCIAL
100
AcDbText
 10
-45238.15999009911
 20
56424.34699756299
 30
0.0
 40
0.06
  1
11
 50
-84.84869865310553
 11
-45238.15999009911
 21
56424.34699756299
 31
0.0
100
AcDbText
 73
2
  0
TEXT
  5
32A
330
17
100
AcDbEntity
  8
FIAÇÃO_COMERCIAL
100
AcDbText
 10
-45237.99475908767
 20
56424.576752356355
 30
0.0
 40
0.06
  1
2#4.0
 50
-87.61656204135622
 72
2
 11
-45237.99475908767
 21
56424.576752356355
 31
0.0
100
AcDbText
 73
2
  0
TEXT
  5
32B
330
17
100
AcDbEntity
  8
FIAÇÃO_COMERCIAL
100
AcDbText
 10
-45237.98560998212
 20
56424.35694267989
 30
0.0
 40
0.06
  1
31
 50
-87.61656204135622
 11
-45237.98560998212
 21
56424.35694267989
 31
0.0
100
AcDbText
 73
2
  0
TEXT
  5
32C
330
17
100
AcDbEntity
  8
FIAÇÃO_COMERCIAL
100
AcDbText
 10
-45237.80947715831
 20
56424.578469624226
 30
0.0
 40
0.06
  1
2#2.5
 50
89.61557453640087
 11
-45237.80947715831
 21
56424.578469624226
 31
0.0
100
AcDbText
 73
2
  0
TEXT
  5
32D
330
17
100
AcDbEntity
  8
FIAÇÃO_COMERCIAL
100
AcDbText
 10
-45237.81095323505
 20
56424.35847457611
 30
0.0
 40
0.06
  1
42
 50
89.61557453640087
 72
2
 11
-45237.81095323505
 21
56424.35847457611
 31
0.0
100
AcDbText
 73
2
  0
TEXT
  5
32E
330
17
100
AcDbEntity
  8
FIAÇÃO_COMERCIAL
100
AcDbText
 10
-45237.65426733491
 20
56424.5731538172
 30
0.0
 40
0.06
  1
1#4.0
 50
86.84771115515045
 11
-45237.65426733491
 21
56424.5731538172
 31
0.0
100
AcDbText
 73
2
  0
LINE
  5
32F
330
17
100
AcDbEntity
  8
FIAÇÃO_COMERCIAL
100
AcDbLine
 10
-45224.81874592207
 20
56422.17621169097
 30
0.0
 11
-45224.81050269145
 21
56422.33599920345
 31
0.0
  0
LINE
  5
330
330
17
100
AcDbEntity
  8
FIAÇÃO_COMERCIAL
100
AcDbLine
 10
-45224.87748389811
 20
56422.178744923396
 30
0.0
 11
-45224.87165202994
 21
56422.33863860468
 31
0.0
  0
LINE
  5
331
330
17
100
AcDbEntity
  8
FIAÇÃO_COMERCIAL
100
AcDbLine
 10
-45224.87165202994
 20
56422.33863860468
 30
0.0
 11
-45224.83167860962
 21
56422.33718063764
 31
0.0
  0
LINE
  5
332
330
17
100
AcDbEntity
  8
FIAÇÃO_COMERCIAL
100
AcDbLine
 10
-45224.99453807572
 20
56422.26115758244
 30
0.0
 11
-45224.99403522037
 21
56422.34115600203
 31
0.0
  0
LINE
  5
333
330
17
100
AcDbEntity
  8
FIAÇÃO_COMERCIAL
100
AcDbLine
 10
-45225.05453737333
 20
56422.26103652596
 30
0.0
 11
-45225.05524136631
 21
56422.34103342836
 31
0.0
  0
LINE
  5
334
330
17
100
AcDbEntity
  8
FIAÇÃO_COMERCIAL
100
AcDbLine
 10
-45225.11452805701
 20
56422.2600127942
 30
0.0
 11
-45225.11643873815
 21
56422.339989974054
 31
0.0
  0
LINE
  5
335
330
17
100
AcDbEntity
  8
FIAÇÃO_COMERCIAL
100
AcDbLine
 10
-45225.234429268894
 20
56422.255258436235
 30
0.0
 11
-45225.23875174725
 21
56422.335141577016
 31
0.0
  0
LINE
  5
336
330
17
100
AcDbEntity
  8
FIAÇÃO_COMERCIAL
100
AcDbLine
 10
-45225.34740281169
 20
56422.16718242558
 30
0.0
 11
-45225.360863493755
 21
56422.326615201506
 31
0.0
  0
LINE
  5
337
330
17
100
AcDbEntity
  8
FIAÇÃO_COMERCIAL
100
AcDbLine
 10
-45225.33096984827
 20
56422.3291390794
 30
0.0
 11
-45225.39075713924
 21
56422.324091323615
 31
0.0
  0
TEXT
  5
338
330
17
100
AcDbEntity
  8
FIAÇÃO_COMERCIAL
100
AcDbText
 10
-45224.83892891434
 20
56422.36725252046
 30
0.0
 40
0.06
  1
2#2.5
 50
87.04680302851025
 11
-45224.83892891434
 21
56422.36725252046
 31
0.0
100
AcDbText
 73
2
  0
TEXT
  5
339
330
17
100
AcDbEntity
  8
FIAÇÃO_COMERCIAL
100
AcDbText
 10
-45224.85026335645
 20
56422.147544690786
 30
0.0
 40
0.06
  1
04
 50
87.04680302851025
 72
2
 11
-45224.85026335645
 21
56422.147544690786
 31
0.0
100
AcDbText
 73
2
  0
TEXT
  5
33A
330
17
100
AcDbEntity
  8
FIAÇÃO_COMERCIAL
100
AcDbText
 10
-45225.053843075926
 20
56422.37073346113
 30
0.0
 40
0.06
  1
3#2.5
 50
89.63985401528365
 11
-45225.053843075926
 21
56422.37073346113
 31
0.0
100
AcDbText
 73
2
  0
TEXT
  5
33B
330
17
100
AcDbEntity
  8
FIAÇÃO_COMERCIAL
100
AcDbText
 10
-45225.05522592813
 20
56422.150737807264
 30
0.0
 40
0.06
  1
04a
 50
89.63985401528365
 72
2
 11
-45225.05522592813
 21
56422.150737807264
 31
0.0
100
AcDbText
 73
2
  0
TEXT
  5
33C
330
17
100
AcDbEntity
  8
FIAÇÃO_COMERCIAL
100
AcDbText
 10
-45225.240372676635
 20
56422.36509775481
 30
0.0
 40
0.06
  1
1#2.5
 50
-86.90274467302727
 72
2
 11
-45225.240372676635
 21
56422.36509775481
 31
0.0
100
AcDbText
 73
2
  0
TEXT
  5
33D
330
17
100
AcDbEntity
  8
FIAÇÃO_COMERCIAL
100
AcDbText
 10
-45225.22848586115
 20
56422.14541911766
 30
0.0
 40
0.06
  1
04b
 50
-86.90274467302727
 11
-45225.22848586115
 21
56422.14541911766
 31
0.0
100
AcDbText
 73
2
  0
TEXT
  5
33E
330
17
100
AcDbEntity
  8
FIAÇÃO_COMERCIAL
100
AcDbText
 10
-45225.363387371646
 20
56422.35650884699
 30
0.0
 40
0.06
  1
1#2.5
 50
-85.17404403712737
 72
2
 11
-45225.363387371646
 21
56422.35650884699
 31
0.0
100
AcDbText
 73
2
  0
LINE
  5
33F
330
17
100
AcDbEntity
  8
FIAÇÃO_COMERCIAL
100
AcDbLine
 10
-45237.91068785657
 20
56424.337250534765
 30
0.0
 11
-45237.91262014282
 21
56424.1772622031
 31
0.0
  0
LINE
  5
340
330
17
100
AcDbEntity
  8
FIAÇÃO_COMERCIAL
100
AcDbLine
 10
-45237.851977229984
 20
56424.33701221563
 30
0.0
 11
-45237.85133312058
 21
56424.177013512126
 31
0.0
  0
LINE
  5
341
330
17
100
AcDbEntity
  8
FIAÇÃO_COMERCIAL
100
AcDbLine
 10
-45237.85133312058
 20
56424.177013512126
 30
0.0
 11
-45237.89133279646
 21
56424.17685248478
 31
0.0
  0
LINE
  5
342
330
17
100
AcDbEntity
  8
FIAÇÃO_COMERCIAL
100
AcDbLine
 10
-45237.731684510574
 20
56424.25941770711
 30
0.0
 11
-45237.72878664491
 21
56424.17947020949
 31
0.0
  0
LINE
  5
343
330
17
100
AcDbEntity
  8
FIAÇÃO_COMERCIAL
100
AcDbLine
 10
-45237.61185304853
 20
56424.265675870876
 30
0.0
 11
-45237.60638237726
 21
56424.18586314159
 31
0.0
  0
LINE
  5
344
330
17
100
AcDbEntity
  8
FIAÇÃO_COMERCIAL
100
AcDbLine
 10
-45237.50032232405
 20
56424.355376079955
 30
0.0
 11
-45237.48424671758
 21
56424.196185706896
 31
0.0
  0
LINE
  5
345
330
17
100
AcDbEntity
  8
FIAÇÃO_COMERCIAL
100
AcDbLine
 10
-45237.441955861985
 20
56424.361728312986
 30
0.0
 11
-45237.42331904346
 21
56424.20281742916
 31
0.0
  0
LINE
  5
346
330
17
100
AcDbEntity
  8
FIAÇÃO_COMERCIAL
100
AcDbLine
 10
-45237.42331904346
 20
56424.20281742916
 30
0.0
 11
-45237.46304676442
 21
56424.19815822453
 31
0.0
  0
LINE
  5
347
330
17
100
AcDbEntity
  8
FIAÇÃO_COMERCIAL
100
AcDbLine
 10
-45237.3255667359
 20
56424.37724156731
 30
0.0
 11
-45237.301822653324
 21
56424.21901319267
 31
0.0
  0
LINE
  5
348
330
17
100
AcDbEntity
  8
FIAÇÃO_COMERCIAL
100
AcDbLine
 10
-45237.33149047357
 20
56424.214561177185
 30
0.0
 11
-45237.27215483308
 21
56424.22346520815
 31
0.0
  0
TEXT
  5
349
330
17
100
AcDbEntity
  8
FIAÇÃO_COMERCIAL
100
AcDbText
 10
-45237.88298303429
 20
56424.14714263838
 30
0.0
 40
0.06
  1
2#1.5
 50
89.30803413334482
 72
2
 11
-45237.88298303429
 21
56424.14714263838
 31
0.0
100
AcDbText
 73
2
  0
TEXT
  5
34A
330
17
100
AcDbEntity
  8
FIAÇÃO_COMERCIAL
100
AcDbText
 10
-45237.88032614069
 20
56424.36712659443
 30
0.0
 40
0.06
  1
03
 50
89.30803413334482
 11
-45237.88032614069
 21
56424.36712659443
 31
0.0
100
AcDbText
 73
2
  0
TEXT
  5
34B
330
17
100
AcDbEntity
  8
FIAÇÃO_COMERCIAL
100
AcDbText
 10
-45237.72769994529
 20
56424.14948989789
 30
0.0
 40
0.06
  1
1#1.5
 50
-87.92410245767155
 11
-45237.72769994529
 21
56424.14948989789
 31
0.0
100
AcDbText
 73
2
  0
TEXT
  5
34C
330
17
100
AcDbEntity
  8
FIAÇÃO_COMERCIAL
100
AcDbText
 10
-45237.73566907586
 20
56424.36934551632
 30
0.0
 40
0.06
  1
03a
 50
-87.92410245767155
 72
2
 11
-45237.73566907586
 21
56424.36934551632
 31
0.0
100
AcDbText
 73
2
  0
TEXT
  5
34D
330
17
100
AcDbEntity
  8
FIAÇÃO_COMERCIAL
100
AcDbText
 10
-45237.604330875525
 20
56424.155933368114
 30
0.0
 40
0.06
  1
1#1.5
 50
-86.07886018633442
 11
-45237.604330875525
 21
56424.155933368114
 31
0.0
100
AcDbText
 73
2
  0
TEXT
  5
34E
330
17
100
AcDbEntity
  8
FIAÇÃO_COMERCIAL
100
AcDbText
 10
-45237.61937522154
 20
56424.37541837364
 30
0.0
 40
0.06
  1
03b
 50
-86.07886018633442
 72
2
 11
-45237.61937522154
 21
56424.37541837364
 31
0.0
100
AcDbText
 73
2
  0
TEXT
  5
34F
330
17
100
AcDbEntity
  8
FIAÇÃO_COMERCIAL
100
AcDbText
 10
-45237.45140900731
 20
56424.16958350077
 30
0.0
 40
0.06
  1
2#2.5
 50
-84.23361790148428
 11
-45237.45140900731
 21
56424.16958350077
 31
0.0
100
AcDbText
 73
2
  0
TEXT
  5
350
330
17
100
AcDbEntity
  8
FIAÇÃO_COMERCIAL
100
AcDbText
 10
-45237.47351296622
 20
56424.38847026373
 30
0.0
 40
0.06
  1
08
 50
-84.23361790148428
 72
2
 11
-45237.47351296622
 21
56424.38847026373
 31
0.0
100
AcDbText
 73
2
  0
TEXT
  5
351
330
17
100
AcDbEntity
  8
FIAÇÃO_COMERCIAL
100
AcDbText
 10
-45237.29737063784
 20
56424.18934537242
 30
0.0
 40
0.06
  1
1#2.5
 50
-81.46575450861727
 11
-45237.29737063784
 21
56424.18934537242
 31
0.0
100
AcDbText
 73
2
  0
LINE
  5
352
330
17
100
AcDbEntity
  8
FIAÇÃO_COMERCIAL
100
AcDbLine
 10
-45225.00450999139
 20
56419.411519052526
 30
0.0
 11
-45225.02996919696
 21
56419.25355757352
 31
0.0
  0
LINE
  5
353
330
17
100
AcDbEntity
  8
FIAÇÃO_COMERCIAL
100
AcDbLine
 10
-45224.9467675181
 20
56419.402886453434
 30
0.0
 11
-45224.969033274356
 21
56419.24444328982
 31
0.0
  0
LINE
  5
354
330
17
100
AcDbEntity
  8
FIAÇÃO_COMERCIAL
100
AcDbLine
 10
-45224.969033274356
 20
56419.24444328982
 30
0.0
 11
-45225.00864406526
 21
56419.25000972888
 31
0.0
  0
LINE
  5
355
330
17
100
AcDbEntity
  8
FIAÇÃO_COMERCIAL
100
AcDbLine
 10
-45224.83874804085
 20
56419.3094953301
 30
0.0
 11
-45224.846674514585
 21
56419.22988897976
 31
0.0
  0
LINE
  5
356
330
17
100
AcDbEntity
  8
FIAÇÃO_COMERCIAL
100
AcDbLine
 10
-45224.77898277619
 20
56419.30420492465
 30
0.0
 11
-45224.78530087654
 21
56419.224454804855
 31
0.0
  0
LINE
  5
357
330
17
100
AcDbEntity
  8
FIAÇÃO_COMERCIAL
100
AcDbLine
 10
-45224.719123467556
 20
56419.300113758014
 30
0.0
 11
-45224.72383062038
 21
56419.22025236113
 31
0.0
  0
LINE
  5
358
330
17
100
AcDbEntity
  8
FIAÇÃO_COMERCIAL
100
AcDbLine
 10
-45224.599218987176
 20
56419.29553523527
 30
0.0
 11
-45224.60069914858
 21
56419.21554892943
 31
0.0
  0
LINE
  5
359
330
17
100
AcDbEntity
  8
FIAÇÃO_COMERCIAL
100
AcDbLine
 10
-45224.4809766024
 20
56419.375747994694
 30
0.0
 11
-45224.47747811844
 21
56419.215786247354
 31
0.0
  0
LINE
  5
35A
330
17
100
AcDbEntity
  8
FIAÇÃO_COMERCIAL
100
AcDbLine
 10
-45224.50747094606
 20
56419.21513028161
 30
0.0
 11
-45224.44748529082
 21
56419.216442213095
 31
0.0
  0
TEXT
  5
35B
330
17
100
AcDbEntity
  8
FIAÇÃO_COMERCIAL
100
AcDbText
 10
-45225.005073199034
 20
56419.21950307551
 30
0.0
 40
0.06
  1
2#2.5
 50
80.84417640155424
 72
2
 11
-45225.005073199034
 21
56419.21950307551
 31
0.0
100
AcDbText
 73
2
  0
TEXT
  5
35C
330
17
100
AcDbEntity
  8
FIAÇÃO_COMERCIAL
100
AcDbText
 10
-45224.97006679137
 20
56419.436700109145
 30
0.0
 40
0.06
  1
04
 50
80.84417640155424
 11
-45224.97006679137
 21
56419.436700109145
 31
0.0
100
AcDbText
 73
2
  0
TEXT
  5
35D
330
17
100
AcDbEntity
  8
FIAÇÃO_COMERCIAL
100
AcDbText
 10
-45224.78985032958
 20
56419.195145939215
 30
0.0
 40
0.06
  1
3#2.5
 50
84.31375166908595
 72
2
 11
-45224.78985032958
 21
56419.195145939215
 31
0.0
100
AcDbText
 73
2
  0
TEXT
  5
35E
330
17
100
AcDbEntity
  8
FIAÇÃO_COMERCIAL
100
AcDbText
 10
-45224.7680525268
 20
56419.41406340264
 30
0.0
 40
0.06
  1
04a
 50
84.31375166908595
 11
-45224.7680525268
 21
56419.41406340264
 31
0.0
100
AcDbText
 73
2
  0
TEXT
  5
35F
330
17
100
AcDbEntity
  8
FIAÇÃO_COMERCIAL
100
AcDbText
 10
-45224.601254209105
 20
56419.18555406474
 30
0.0
 40
0.06
  1
1#2.5
 50
88.93985199185238
 72
2
 11
-45224.601254209105
 21
56419.18555406474
 31
0.0
100
AcDbText
 73
2
  0
TEXT
  5
360
330
17
100
AcDbEntity
  8
FIAÇÃO_COMERCIAL
100
AcDbText
 10
-45224.59718376525
 20
56419.40551640581
 30
0.0
 40
0.06
  1
04c
 50
88.93985199185238
 11
-45224.59718376525
 21
56419.40551640581
 31
0.0
100
AcDbText
 73
2
  0
TEXT
  5
361
330
17
100
AcDbEntity
  8
FIAÇÃO_COMERCIAL
100
AcDbText
 10
-45224.47682215269
 20
56419.18579341973
 30
0.0
 40
0.06
  1
1#2.5
 50
-88.74709786486713
 11
-45224.47682215269
 21
56419.18579341973
 31
0.0
100
AcDbText
 73
2
  0
LINE
  5
362
330
17
100
AcDbEntity
  8
FIAÇÃO_COMERCIAL
100
AcDbLine
 10
-45242.20868053355
 20
56423.23965533919
 30
0.0
 11
-45242.312134053565
 21
56423.36171011868
 31
0.0
  0
LINE
  5
363
330
17
100
AcDbEntity
  8
FIAÇÃO_COMERCIAL
100
AcDbLine
 10
-45242.312134053565
 20
56423.36171011868
 30
0.0
 11
-45242.28162035869
 21
56423.38757349869
 31
0.0
  0
LINE
  5
364
330
17
100
AcDbEntity
  8
FIAÇÃO_COMERCIAL
100
AcDbLine
 10
-45242.35119984553
 20
56423.22222058683
 30
0.0
 11
-45242.40403558312
 21
56423.282290419804
 31
0.0
  0
LINE
  5
365
330
17
100
AcDbEntity
  8
FIAÇÃO_COMERCIAL
100
AcDbLine
 10
-45242.38661472384
 20
56423.08301837839
 30
0.0
 11
-45242.49446870882
 21
56423.20120263252
 31
0.0
  0
LINE
  5
366
330
17
100
AcDbEntity
  8
FIAÇÃO_COMERCIAL
100
AcDbLine
 10
-45242.43019342192
 20
56423.04285002595
 30
0.0
 11
-45242.539125140545
 21
56423.16004166676
 31
0.0
  0
LINE
  5
367
330
17
100
AcDbEntity
  8
FIAÇÃO_COMERCIAL
100
AcDbLine
 10
-45242.539125140545
 20
56423.16004166676
 30
0.0
 11
-45242.509827230344
 21
56423.187274596414
 31
0.0
  0
LINE
  5
368
330
17
100
AcDbEntity
  8
FIAÇÃO_COMERCIAL
100
AcDbLine
 10
-45242.51623936404
 20
56422.96132579899
 30
0.0
 11
-45242.62729905571
 21
56423.076502814445
 31
0.0
  0
LINE
  5
369
330
17
100
AcDbEntity
  8
FIAÇÃO_COMERCIAL
100
AcDbLine
 10
-45242.55869940733
 20
56422.91997674687
 30
0.0
 11
-45242.67080915988
 21
56423.03413191927
 31
0.0
  0
LINE
  5
36A
330
17
100
AcDbEntity
  8
FIAÇÃO_COMERCIAL
100
AcDbLine
 10
-45242.67080915988
 20
56423.03413191927
 30
0.0
 11
-45242.64227036678
 21
56423.0621593574
 31
0.0
  0
LINE
  5
36B
330
17
100
AcDbEntity
  8
FIAÇÃO_COMERCIAL
100
AcDbLine
 10
-45242.64247587217
 20
56422.83612206663
 30
0.0
 11
-45242.75665745493
 21
56422.94820492061
 31
0.0
  0
LINE
  5
36C
330
17
100
AcDbEntity
  8
FIAÇÃO_COMERCIAL
100
AcDbLine
 10
-45242.735641919804
 20
56422.96961396738
 30
0.0
 11
-45242.77767299005
 21
56422.92679587384
 31
0.0
  0
TEXT
  5
36D
330
17
100
AcDbEntity
  8
FIAÇÃO_COMERCIAL
100
AcDbText
 10
-45242.36062789107
 20
56423.41892329657
 30
0.0
 40
0.06
  1
1#1.5
 72
1
 11
-45242.36062789107
 21
56423.41892329657
 31
0.0
100
AcDbText
 73
2
  0
TEXT
  5
36E
330
17
100
AcDbEntity
  8
FIAÇÃO_COMERCIAL
100
AcDbText
 10
-45242.16018669605
 20
56423.1824421613
 30
0.0
 40
0.06
  1
03
 72
1
 11
-45242.16018669605
 21
56423.1824421613
 31
0.0
100
AcDbText
 73
2
  0
TEXT
  5
36F
330
17
100
AcDbEntity
  8
FIAÇÃO_COMERCIAL
100
AcDbText
 10
-45242.453569087105
 20
56423.338605888224
 30
0.0
 40
0.06
  1
1#1.5
 72
1
 11
-45242.453569087105
 21
56423.338605888224
 31
0.0
100
AcDbText
 73
2
  0
TEXT
  5
370
330
17
100
AcDbEntity
  8
FIAÇÃO_COMERCIAL
100
AcDbText
 10
-45242.24883060395
 20
56423.10583528544
 30
0.0
 40
0.06
  1
03a
 72
1
 11
-45242.24883060395
 21
56423.10583528544
 31
0.0
100
AcDbText
 73
2
  0
TEXT
  5
371
330
17
100
AcDbEntity
  8
FIAÇÃO_COMERCIAL
100
AcDbText
 10
-45242.567084046736
 20
56423.236269172085
 30
0.0
 40
0.06
  1
2#2.5
 72
1
 11
-45242.567084046736
 21
56423.236269172085
 31
0.0
100
AcDbText
 73
2
  0
TEXT
  5
372
330
17
100
AcDbEntity
  8
FIAÇÃO_COMERCIAL
100
AcDbText
 10
-45242.358116950825
 20
56423.007287179724
 30
0.0
 40
0.06
  1
08
 72
1
 11
-45242.358116950825
 21
56423.007287179724
 31
0.0
100
AcDbText
 73
2
  0
TEXT
  5
373
330
17
100
AcDbEntity
  8
FIAÇÃO_COMERCIAL
100
AcDbText
 10
-45242.70085082304
 20
56423.109562053614
 30
0.0
 40
0.06
  1
2#2.5
 72
1
 11
-45242.70085082304
 21
56423.109562053614
 31
0.0
100
AcDbText
 73
2
  0
TEXT
  5
374
330
17
100
AcDbEntity
  8
FIAÇÃO_COMERCIAL
100
AcDbText
 10
-45242.48567267044
 20
56422.88640658618
 30
0.0
 40
0.06
  1
11
 72
1
 11
-45242.48567267044
 21
56422.88640658618
 31
0.0
100
AcDbText
 73
2
  0
TEXT
  5
375
330
17
100
AcDbEntity
  8
FIAÇÃO_COMERCIAL
100
AcDbText
 10
-45242.81018007185
 20
56423.00074375842
 30
0.0
 40
0.06
  1
1#2.5
 72
1
 11
-45242.81018007185
 21
56423.00074375842
 31
0.0
100
AcDbText
 73
2
  0
LINE
  5
376
330
17
100
AcDbEntity
  8
FIAÇÃO_COMERCIAL
100
AcDbLine
 10
-45244.308841307706
 20
56422.629029277596
 30
0.0
 11
-45244.30395231889
 21
56422.78895456574
 31
0.0
  0
LINE
  5
377
330
17
100
AcDbEntity
  8
FIAÇÃO_COMERCIAL
100
AcDbLine
 10
-45244.30395231889
 20
56422.78895456574
 30
0.0
 11
-45244.26397099686
 21
56422.78773231853
 31
0.0
  0
LINE
  5
378
330
17
100
AcDbEntity
  8
FIAÇÃO_COMERCIAL
100
AcDbLine
 10
-45244.426367381166
 20
56422.71156408676
 30
0.0
 11
-45244.42546665678
 21
56422.79155901595
 31
0.0
  0
LINE
  5
379
330
17
100
AcDbEntity
  8
FIAÇÃO_COMERCIAL
100
AcDbLine
 10
-45244.545721854396
 20
56422.63182929933
 30
0.0
 11
-45244.54700861681
 21
56422.79182412501
 31
0.0
  0
LINE
  5
37A
330
17
100
AcDbEntity
  8
FIAÇÃO_COMERCIAL
100
AcDbLine
 10
-45244.60494512258
 20
56422.63110440521
 30
0.0
 11
-45244.60777588274
 21
56422.791079361996
 31
0.0
  0
LINE
  5
37B
330
17
100
AcDbEntity
  8
FIAÇÃO_COMERCIAL
100
AcDbLine
 10
-45244.60777588274
 20
56422.791079361996
 30
0.0
 11
-45244.567782143546
 21
56422.79178705204
 31
0.0
  0
LINE
  5
37C
330
17
100
AcDbEntity
  8
FIAÇÃO_COMERCIAL
100
AcDbLine
 10
-45244.723357022376
 20
56422.62794502256
 30
0.0
 11
-45244.729274843354
 21
56422.787835545714
 31
0.0
  0
LINE
  5
37D
330
17
100
AcDbEntity
  8
FIAÇÃO_COMERCIAL
100
AcDbLine
 10
-45244.782534687445
 20
56422.62551082658
 30
0.0
 11
-45244.78999528382
 21
56422.785336792884
 31
0.0
  0
LINE
  5
37E
330
17
100
AcDbEntity
  8
FIAÇÃO_COMERCIAL
100
AcDbLine
 10
-45244.78999528382
 20
56422.785336792884
 30
0.0
 11
-45244.75003879225
 21
56422.787201941974
 31
0.0
  0
LINE
  5
37F
330
17
100
AcDbEntity
  8
FIAÇÃO_COMERCIAL
100
AcDbLine
 10
-45244.900806044716
 20
56422.61893455243
 30
0.0
 11
-45244.91134996394
 21
56422.77858675494
 31
0.0
  0
LINE
  5
380
330
17
100
AcDbEntity
  8
FIAÇÃO_COMERCIAL
100
AcDbLine
 10
-45244.88141517597
 20
56422.78056373979
 30
0.0
 11
-45244.94128475191
 21
56422.77660977009
 31
0.0
  0
TEXT
  5
381
330
17
100
AcDbEntity
  8
FIAÇÃO_COMERCIAL
100
AcDbText
 10
-45244.30303563349
 20
56422.81894055727
 30
0.0
 40
0.06
  1
1#1.5
 50
88.24898728999972
 11
-45244.30303563349
 21
56422.81894055727
 31
0.0
100
AcDbText
 73
2
  0
TEXT
  5
382
330
17
100
AcDbEntity
  8
FIAÇÃO_COMERCIAL
100
AcDbText
 10
-45244.309757993105
 20
56422.59904328606
 30
0.0
 40
0.06
  1
03
 50
88.24898728999972
 72
2
 11
-45244.309757993105
 21
56422.59904328606
 31
0.0
100
AcDbText
 73
2
  0
TEXT
  5
383
330
17
100
AcDbEntity
  8
FIAÇÃO_COMERCIAL
100
AcDbText
 10
-45244.42512888514
 20
56422.821557114396
 30
0.0
 40
0.06
  1
1#1.5
 50
89.35489004923963
 11
-45244.42512888514
 21
56422.821557114396
 31
0.0
100
AcDbText
 73
2
  0
TEXT
  5
384
330
17
100
AcDbEntity
  8
FIAÇÃO_COMERCIAL
100
AcDbText
 10
-45244.427605877194
 20
56422.60157105913
 30
0.0
 40
0.06
  1
03a
 50
89.35489004923963
 72
2
 11
-45244.427605877194
 21
56422.60157105913
 31
0.0
100
AcDbText
 73
2
  0
TEXT
  5
385
330
17
100
AcDbEntity
  8
FIAÇÃO_COMERCIAL
100
AcDbText
 10
-45244.5772475183
 20
56422.821455740544
 30
0.0
 40
0.06
  1
2#2.5
 50
-89.53920718348314
 72
2
 11
-45244.5772475183
 21
56422.821455740544
 31
0.0
100
AcDbText
 73
2
  0
TEXT
  5
386
330
17
100
AcDbEntity
  8
FIAÇÃO_COMERCIAL
100
AcDbText
 10
-45244.57547821997
 20
56422.60146285524
 30
0.0
 40
0.06
  1
08
 50
-89.53920718348314
 11
-45244.57547821997
 21
56422.60146285524
 31
0.0
100
AcDbText
 73
2
  0
TEXT
  5
387
330
17
100
AcDbEntity
  8
FIAÇÃO_COMERCIAL
100
AcDbText
 10
-45244.76035896117
 20
56422.816581781604
 30
0.0
 40
0.06
  1
2#2.5
 50
-87.88035299839719
 72
2
 11
-45244.76035896117
 21
56422.816581781604
 31
0.0
100
AcDbText
 73
2
  0
TEXT
  5
388
330
17
100
AcDbEntity
  8
FIAÇÃO_COMERCIAL
100
AcDbText
 10
-45244.75222195733
 20
56422.59673231226
 30
0.0
 40
0.06
  1
11
 50
-87.88035299839719
 11
-45244.75222195733
 21
56422.59673231226
 31
0.0
100
AcDbText
 73
2
  0
TEXT
  5
389
330
17
100
AcDbEntity
  8
FIAÇÃO_COMERCIAL
100
AcDbText
 10
-45244.913326948794
 20
56422.80852154292
 30
0.0
 40
0.06
  1
1#2.5
 50
-86.22149883980173
 72
2
 11
-45244.913326948794
 21
56422.80852154292
 31
0.0
100
AcDbText
 73
2
  0
LINE
  5
38A
330
17
100
AcDbEntity
  8
FIAÇÃO_COMERCIAL
100
AcDbLine
 10
-45226.9154900086
 20
56419.348480947454
 30
0.0
 11
-45226.89003080303
 21
56419.506442426464
 31
0.0
  0
LINE
  5
38B
330
17
100
AcDbEntity
  8
FIAÇÃO_COMERCIAL
100
AcDbLine
 10
-45226.97323248189
 20
56419.357113546546
 30
0.0
 11
-45226.950966725635
 21
56419.51555671016
 31
0.0
  0
LINE
  5
38C
330
17
100
AcDbEntity
  8
FIAÇÃO_COMERCIAL
100
AcDbLine
 10
-45226.950966725635
 20
56419.51555671016
 30
0.0
 11
-45226.91135593473
 21
56419.5099902711
 31
0.0
  0
LINE
  5
38D
330
17
100
AcDbEntity
  8
FIAÇÃO_COMERCIAL
100
AcDbLine
 10
-45227.08125195914
 20
56419.45050466988
 30
0.0
 11
-45227.073325485406
 21
56419.53011102022
 31
0.0
  0
LINE
  5
38E
330
17
100
AcDbEntity
  8
FIAÇÃO_COMERCIAL
100
AcDbLine
 10
-45227.1410172238
 20
56419.45579507533
 30
0.0
 11
-45227.13469912345
 21
56419.535545195125
 31
0.0
  0
LINE
  5
38F
330
17
100
AcDbEntity
  8
FIAÇÃO_COMERCIAL
100
AcDbLine
 10
-45227.200876532435
 20
56419.459886241966
 30
0.0
 11
-45227.19616937961
 21
56419.53974763885
 31
0.0
  0
LINE
  5
390
330
17
100
AcDbEntity
  8
FIAÇÃO_COMERCIAL
100
AcDbLine
 10
-45227.320781012815
 20
56419.46446476471
 30
0.0
 11
-45227.31930085141
 21
56419.54445107055
 31
0.0
  0
LINE
  5
391
330
17
100
AcDbEntity
  8
FIAÇÃO_COMERCIAL
100
AcDbLine
 10
-45227.439023397594
 20
56419.384252005286
 30
0.0
 11
-45227.44252188155
 21
56419.544213752626
 31
0.0
  0
LINE
  5
392
330
17
100
AcDbEntity
  8
FIAÇÃO_COMERCIAL
100
AcDbLine
 10
-45227.41252905393
 20
56419.54486971837
 30
0.0
 11
-45227.472514709174
 21
56419.543557786885
 31
0.0
  0
TEXT
  5
393
330
17
100
AcDbEntity
  8
FIAÇÃO_COMERCIAL
100
AcDbText
 10
-45226.91492680096
 20
56419.54049692447
 30
0.0
 40
0.06
  1
2#2.5
 50
80.84417640155425
 11
-45226.91492680096
 21
56419.54049692447
 31
0.0
100
AcDbText
 73
2
  0
TEXT
  5
394
330
17
100
AcDbEntity
  8
FIAÇÃO_COMERCIAL
100
AcDbText
 10
-45226.94993320862
 20
56419.323299890835
 30
0.0
 40
0.06
  1
04
 50
80.84417640155425
 72
2
 11
-45226.94993320862
 21
56419.323299890835
 31
0.0
100
AcDbText
 73
2
  0
TEXT
  5
395
330
17
100
AcDbEntity
  8
FIAÇÃO_COMERCIAL
100
AcDbText
 10
-45227.1301496704
 20
56419.56485406078
 30
0.0
 40
0.06
  1
3#2.5
 50
84.31375166908596
 11
-45227.1301496704
 21
56419.56485406078
 31
0.0
100
AcDbText
 73
2
  0
TEXT
  5
396
330
17
100
AcDbEntity
  8
FIAÇÃO_COMERCIAL
100
AcDbText
 10
-45227.15194747318
 20
56419.345936597354
 30
0.0
 40
0.06
  1
04a
 50
84.31375166908596
 72
2
 11
-45227.15194747318
 21
56419.345936597354
 31
0.0
100
AcDbText
 73
2
  0
TEXT
  5
397
330
17
100
AcDbEntity
  8
FIAÇÃO_COMERCIAL
100
AcDbText
 10
-45227.318745790886
 20
56419.57444593524
 30
0.0
 40
0.06
  1
1#2.5
 50
88.9398519918524
 11
-45227.318745790886
 21
56419.57444593524
 31
0.0
100
AcDbText
 73
2
  0
TEXT
  5
398
330
17
100
AcDbEntity
  8
FIAÇÃO_COMERCIAL
100
AcDbText
 10
-45227.322816234744
 20
56419.35448359417
 30
0.0
 40
0.06
  1
04c
 50
88.9398519918524
 72
2
 11
-45227.322816234744
 21
56419.35448359417
 31
0.0
100
AcDbText
 73
2
  0
TEXT
  5
399
330
17
100
AcDbEntity
  8
FIAÇÃO_COMERCIAL
100
AcDbText
 10
-45227.4431778473
 20
56419.57420658025
 30
0.0
 40
0.06
  1
1#2.5
 50
-88.74709786486711
 72
2
 11
-45227.4431778473
 21
56419.57420658025
 31
0.0
100
AcDbText
 73
2
  0
LINE
  5
39A
330
17
100
AcDbEntity
  8
FIAÇÃO_COMERCIAL
100
AcDbLine
 10
-45244.41389224725
 20
56425.70139629208
 30
0.0
 11
-45244.41157613072
 21
56425.861379527465
 31
0.0
  0
LINE
  5
39B
330
17
100
AcDbEntity
  8
FIAÇÃO_COMERCIAL
100
AcDbLine
 10
-45244.41157613072
 20
56425.861379527465
 30
0.0
 11
-45244.37158032187
 21
56425.86080049833
 31
0.0
  0
LINE
  5
39C
330
17
100
AcDbEntity
  8
FIAÇÃO_COMERCIAL
100
AcDbLine
 10
-45244.53273117571
 20
56425.78191262387
 30
0.0
 11
-45244.533117207124
 21
56425.86191169249
 31
0.0
  0
LINE
  5
39D
330
17
100
AcDbEntity
  8
FIAÇÃO_COMERCIAL
100
AcDbLine
 10
-45244.65078605348
 20
56425.700150952536
 30
0.0
 11
-45244.6546460079
 21
56425.86010438561
 31
0.0
  0
LINE
  5
39E
330
17
100
AcDbEntity
  8
FIAÇÃO_COMERCIAL
100
AcDbLine
 10
-45244.70998830065
 20
56425.698414872575
 30
0.0
 11
-45244.71539173353
 21
56425.858323605644
 31
0.0
  0
LINE
  5
39F
330
17
100
AcDbEntity
  8
FIAÇÃO_COMERCIAL
100
AcDbLine
 10
-45244.71539173353
 20
56425.858323605644
 30
0.0
 11
-45244.675414550264
 21
56425.85967446386
 31
0.0
  0
LINE
  5
3A0
330
17
100
AcDbEntity
  8
FIAÇÃO_COMERCIAL
100
AcDbLine
 10
-45244.82832896592
 20
56425.69323395937
 30
0.0
 11
-45244.83681770208
 21
56425.853008617436
 31
0.0
  0
LINE
  5
3A1
330
17
100
AcDbEntity
  8
FIAÇÃO_COMERCIAL
100
AcDbLine
 10
-45244.88745642386
 20
56425.689789605996
 30
0.0
 11
-45244.897486697744
 21
56425.84947490152
 31
0.0
  0
LINE
  5
3A2
330
17
100
AcDbEntity
  8
FIAÇÃO_COMERCIAL
100
AcDbLine
 10
-45244.897486697744
 20
56425.84947490152
 30
0.0
 11
-45244.857565373866
 21
56425.85198246999
 31
0.0
  0
LINE
  5
3A3
330
17
100
AcDbEntity
  8
FIAÇÃO_COMERCIAL
100
AcDbLine
 10
-45245.00559821102
 20
56425.68119470068
 30
0.0
 11
-45245.018708613905
 21
56425.84065666271
 31
0.0
  0
LINE
  5
3A4
330
17
100
AcDbEntity
  8
FIAÇÃO_COMERCIAL
100
AcDbLine
 10
-45244.988809496026
 20
56425.84311486325
 30
0.0
 11
-45245.048607731784
 21
56425.83819846217
 31
0.0
  0
TEXT
  5
3A5
330
17
100
AcDbEntity
  8
FIAÇÃO_COMERCIAL
100
AcDbText
 10
-45244.411141858865
 20
56425.8913763841
 30
0.0
 40
0.06
  1
1#1.5
 50
89.17057289120366
 11
-45244.411141858865
 21
56425.8913763841
 31
0.0
100
AcDbText
 73
2
  0
TEXT
  5
3A6
330
17
100
AcDbEntity
  8
FIAÇÃO_COMERCIAL
100
AcDbText
 10
-45244.4143265191
 20
56425.67139943545
 30
0.0
 40
0.06
  1
03
 50
89.17057289120366
 72
2
 11
-45244.4143265191
 21
56425.67139943545
 31
0.0
100
AcDbText
 73
2
  0
TEXT
  5
3A7
330
17
100
AcDbEntity
  8
FIAÇÃO_COMERCIAL
100
AcDbText
 10
-45244.53326196891
 20
56425.89191134322
 30
0.0
 40
0.06
  1
1#1.5
 50
-89.7235242887443
 72
2
 11
-45244.53326196891
 21
56425.89191134322
 31
0.0
100
AcDbText
 73
2
  0
TEXT
  5
3A8
330
17
100
AcDbEntity
  8
FIAÇÃO_COMERCIAL
100
AcDbText
 10
-45244.532200382506
 20
56425.671913904516
 30
0.0
 40
0.06
  1
03a
 50
-89.7235242887443
 11
-45244.532200382506
 21
56425.671913904516
 31
0.0
100
AcDbText
 73
2
  0
TEXT
  5
3A9
330
17
100
AcDbEntity
  8
FIAÇÃO_COMERCIAL
100
AcDbText
 10
-45244.68535674256
 20
56425.88921643933
 30
0.0
 40
0.06
  1
2#2.5
 50
-88.61762152943373
 72
2
 11
-45244.68535674256
 21
56425.88921643933
 31
0.0
100
AcDbText
 73
2
  0
TEXT
  5
3AA
330
17
100
AcDbEntity
  8
FIAÇÃO_COMERCIAL
100
AcDbText
 10
-45244.68004930523
 20
56425.66928046885
 30
0.0
 40
0.06
  1
42
 50
-88.61762152943373
 11
-45244.68004930523
 21
56425.66928046885
 31
0.0
100
AcDbText
 73
2
  0
TEXT
  5
3AB
330
17
100
AcDbEntity
  8
FIAÇÃO_COMERCIAL
100
AcDbText
 10
-45244.86835845351
 20
56425.881221848496
 30
0.0
 40
0.06
  1
2#1.5
 50
-86.95876740063784
 72
2
 11
-45244.86835845351
 21
56425.881221848496
 31
0.0
100
AcDbText
 73
2
  0
TEXT
  5
3AC
330
17
100
AcDbEntity
  8
FIAÇÃO_COMERCIAL
100
AcDbText
 10
-45244.85668644129
 20
56425.661531693666
 30
0.0
 40
0.06
  1
43
 50
-86.95876740063784
 11
-45244.85668644129
 21
56425.661531693666
 31
0.0
100
AcDbText
 73
2
  0
TEXT
  5
3AD
330
17
100
AcDbEntity
  8
FIAÇÃO_COMERCIAL
100
AcDbText
 10
-45245.02116681444
 20
56425.870555780595
 30
0.0
 40
0.06
  1
1#2.5
 50
-85.29991322862756
 72
2
 11
-45245.02116681444
 21
56425.870555780595
 31
0.0
100
AcDbText
 73
2
  0
LINE
  5
3AE
330
17
100
AcDbEntity
  8
FIAÇÃO_COMERCIAL
100
AcDbLine
 10
-45239.95958418283
 20
56424.37443921436
 30
0.0
 11
-45239.97394995783
 21
56424.533792985916
 31
0.0
  0
LINE
  5
3AF
330
17
100
AcDbEntity
  8
FIAÇÃO_COMERCIAL
100
AcDbLine
 10
-45239.90106707594
 20
56424.379208246384
 30
0.0
 11
-45239.91286506112
 21
56424.53877267709
 31
0.0
  0
LINE
  5
3B0
330
17
100
AcDbEntity
  8
FIAÇÃO_COMERCIAL
100
AcDbLine
 10
-45239.91286506112
 20
56424.53877267709
 30
0.0
 11
-45239.952756168794
 21
56424.5358231808
 31
0.0
  0
LINE
  5
3B1
330
17
100
AcDbEntity
  8
FIAÇÃO_COMERCIAL
100
AcDbLine
 10
-45239.78384078925
 20
56424.38592308567
 30
0.0
 11
-45239.790494684195
 21
56424.54578466855
 31
0.0
  0
LINE
  5
3B2
330
17
100
AcDbEntity
  8
FIAÇÃO_COMERCIAL
100
AcDbLine
 10
-45239.72516186904
 20
56424.3878671597
 30
0.0
 11
-45239.7292407971
 21
56424.54781515858
 31
0.0
  0
LINE
  5
3B3
330
17
100
AcDbEntity
  8
FIAÇÃO_COMERCIAL
100
AcDbLine
 10
-45239.7292407971
 20
56424.54781515858
 30
0.0
 11
-45239.76922779682
 21
56424.54679542656
 31
0.0
  0
LINE
  5
3B4
330
17
100
AcDbEntity
  8
FIAÇÃO_COMERCIAL
100
AcDbLine
 10
-45239.60774820417
 20
56424.3889261077
 30
0.0
 11
-45239.606674693816
 21
56424.548922506336
 31
0.0
  0
LINE
  5
3B5
330
17
100
AcDbEntity
  8
FIAÇÃO_COMERCIAL
100
AcDbLine
 10
-45239.54904376745
 20
56424.38804070839
 30
0.0
 11
-45239.54539412128
 21
56424.54799907823
 31
0.0
  0
LINE
  5
3B6
330
17
100
AcDbEntity
  8
FIAÇÃO_COMERCIAL
100
AcDbLine
 10
-45239.54539412128
 20
56424.54799907823
 30
0.0
 11
-45239.58538371375
 21
56424.54891148977
 31
0.0
  0
LINE
  5
3B7
330
17
100
AcDbEntity
  8
FIAÇÃO_COMERCIAL
100
AcDbLine
 10
-45239.43171544771
 20
56424.38344130591
 30
0.0
 11
-45239.42291703693
 21
56424.54319921015
 31
0.0
  0
LINE
  5
3B8
330
17
100
AcDbEntity
  8
FIAÇÃO_COMERCIAL
100
AcDbLine
 10
-45239.452871643975
 20
56424.54484891217
 30
0.0
 11
-45239.39296242988
 21
56424.54154950813
 31
0.0
  0
TEXT
  5
3B9
330
17
100
AcDbEntity
  8
FIAÇÃO_COMERCIAL
100
AcDbText
 10
-45239.94674303974
 20
56424.56610899888
 30
0.0
 40
0.06
  1
2#2.5
 50
-84.84869865310553
 72
2
 11
-45239.94674303974
 21
56424.56610899888
 31
0.0
100
AcDbText
 73
2
  0
TEXT
  5
3BA
330
17
100
AcDbEntity
  8
FIAÇÃO_COMERCIAL
100
AcDbText
 10
-45239.92699009911
 20
56424.34699756299
 30
0.0
 40
0.06
  1
11
 50
-84.84869865310553
 11
-45239.92699009911
 21
56424.34699756299
 31
0.0
100
AcDbText
 73
2
  0
TEXT
  5
3BB
330
17
100
AcDbEntity
  8
FIAÇÃO_COMERCIAL
100
AcDbText
 10
-45239.761759087676
 20
56424.576752356355
 30
0.0
 40
0.06
  1
2#4.0
 50
-87.61656204135622
 72
2
 11
-45239.761759087676
 21
56424.576752356355
 31
0.0
100
AcDbText
 73
2
  0
TEXT
  5
3BC
330
17
100
AcDbEntity
  8
FIAÇÃO_COMERCIAL
100
AcDbText
 10
-45239.752609982126
 20
56424.35694267989
 30
0.0
 40
0.06
  1
31
 50
-87.61656204135622
 11
-45239.752609982126
 21
56424.35694267989
 31
0.0
100
AcDbText
 73
2
  0
TEXT
  5
3BD
330
17
100
AcDbEntity
  8
FIAÇÃO_COMERCIAL
100
AcDbText
 10
-45239.57647715831
 20
56424.578469624226
 30
0.0
 40
0.06
  1
2#2.5
 50
89.61557453640087
 11
-45239.57647715831
 21
56424.578469624226
 31
0.0
100
AcDbText
 73
2
  0
TEXT
  5
3BE
330
17
100
AcDbEntity
  8
FIAÇÃO_COMERCIAL
100
AcDbText
 10
-45239.57795323505
 20
56424.35847457611
 30
0.0
 40
0.06
  1
42
 50
89.61557453640087
 72
2
 11
-45239.57795323505
 21
56424.35847457611
 31
0.0
100
AcDbText
 73
2
  0
TEXT
  5
3BF
330
17
100
AcDbEntity
  8
FIAÇÃO_COMERCIAL
100
AcDbText
 10
-45239.42126733491
 20
56424.5731538172
 30
0.0
 40
0.06
  1
1#4.0
 50
86.84771115515045
 11
-45239.42126733491
 21
56424.5731538172
 31
0.0
100
AcDbText
 73
2
  0
LINE
  5
3C0
330
17
100
AcDbEntity
  8
FIAÇÃO_COMERCIAL
100
AcDbLine
 10
-45247.322360439
 20
56422.357441607324
 30
0.0
 11
-45247.30732402288
 21
56422.19814971741
 31
0.0
  0
LINE
  5
3C1
330
17
100
AcDbEntity
  8
FIAÇÃO_COMERCIAL
100
AcDbLine
 10
-45247.26331875942
 20
56422.36325685636
 30
0.0
 11
-45247.24694395352
 21
56422.204096981615
 31
0.0
  0
LINE
  5
3C2
330
17
100
AcDbEntity
  8
FIAÇÃO_COMERCIAL
100
AcDbLine
 10
-45247.24694395352
 20
56422.204096981615
 30
0.0
 11
-45247.28673392221
 21
56422.20000328014
 31
0.0
  0
LINE
  5
3C3
330
17
100
AcDbEntity
  8
FIAÇÃO_COMERCIAL
100
AcDbLine
 10
-45247.14539241543
 20
56422.37637467174
 30
0.0
 11
-45247.126344395314
 21
56422.2175125525
 31
0.0
  0
LINE
  5
3C4
330
17
100
AcDbEntity
  8
FIAÇÃO_COMERCIAL
100
AcDbLine
 10
-45247.086516078016
 20
56422.383676311794
 30
0.0
 11
-45247.06613342222
 21
56422.224979911894
 31
0.0
  0
LINE
  5
3C5
330
17
100
AcDbEntity
  8
FIAÇÃO_COMERCIAL
100
AcDbLine
 10
-45247.06613342222
 20
56422.224979911894
 30
0.0
 11
-45247.105807522195
 21
56422.21988424795
 31
0.0
  0
LINE
  5
3C6
330
17
100
AcDbEntity
  8
FIAÇÃO_COMERCIAL
100
AcDbLine
 10
-45246.968957858626
 20
56422.39976247881
 30
0.0
 11
-45246.94591034607
 21
56422.24143114217
 31
0.0
  0
LINE
  5
3C7
330
17
100
AcDbEntity
  8
FIAÇÃO_COMERCIAL
100
AcDbLine
 10
-45246.9102842777
 20
56422.4085458699
 30
0.0
 11
-45246.88590673214
 21
56422.250413851405
 31
0.0
  0
LINE
  5
3C8
330
17
100
AcDbEntity
  8
FIAÇÃO_COMERCIAL
100
AcDbLine
 10
-45246.88590673214
 20
56422.250413851405
 30
0.0
 11
-45246.92543973676
 21
56422.24431946502
 31
0.0
  0
LINE
  5
3C9
330
17
100
AcDbEntity
  8
FIAÇÃO_COMERCIAL
100
AcDbLine
 10
-45246.793168887874
 20
56422.42759016627
 30
0.0
 11
-45246.76613653755
 21
56422.26989028663
 31
0.0
  0
LINE
  5
3CA
330
17
100
AcDbEntity
  8
FIAÇÃO_COMERCIAL
100
AcDbLine
 10
-45246.79570526499
 20
56422.26482172095
 30
0.0
 11
-45246.73656781012
 21
56422.274958852315
 31
0.0
  0
TEXT
  5
3CB
330
17
100
AcDbEntity
  8
FIAÇÃO_COMERCIAL
100
AcDbText
 10
-45247.27464925762
 20
56422.17122311636
 30
0.0
 40
0.06
  1
2#2.5
 50
-84.60752261708636
 11
-45247.27464925762
 21
56422.17122311636
 31
0.0
100
AcDbText
 73
2
  0
TEXT
  5
3CC
330
17
100
AcDbEntity
  8
FIAÇÃO_COMERCIAL
100
AcDbText
 10
-45247.29532432979
 20
56422.39024946499
 30
0.0
 40
0.06
  1
08
 50
-84.60752261708636
 72
2
 11
-45247.29532432979
 21
56422.39024946499
 31
0.0
100
AcDbText
 73
2
  0
TEXT
  5
3CD
330
17
100
AcDbEntity
  8
FIAÇÃO_COMERCIAL
100
AcDbText
 10
-45247.09300106391
 20
56422.191418155
 30
0.0
 40
0.06
  1
2#2.5
 50
-83.16271418021562
 11
-45247.09300106391
 21
56422.191418155
 31
0.0
100
AcDbText
 73
2
  0
TEXT
  5
3CE
330
17
100
AcDbEntity
  8
FIAÇÃO_COMERCIAL
100
AcDbText
 10
-45247.11919209157
 20
56422.40985356896
 30
0.0
 40
0.06
  1
11
 50
-83.16271418021562
 72
2
 11
-45247.11919209157
 21
56422.40985356896
 31
0.0
100
AcDbText
 73
2
  0
TEXT
  5
3CF
330
17
100
AcDbEntity
  8
FIAÇÃO_COMERCIAL
100
AcDbText
 10
-45246.911919638755
 20
56422.21618554163
 30
0.0
 40
0.06
  1
2#4.0
 50
-81.71790572273143
 11
-45246.911919638755
 21
56422.21618554163
 31
0.0
100
AcDbText
 73
2
  0
TEXT
  5
3D0
330
17
100
AcDbEntity
  8
FIAÇÃO_COMERCIAL
100
AcDbText
 10
-45246.94360996852
 20
56422.43389112951
 30
0.0
 40
0.06
  1
31
 50
-81.71790572273143
 72
2
 11
-45246.94360996852
 21
56422.43389112951
 31
0.0
100
AcDbText
 73
2
  0
TEXT
  5
3D1
330
17
100
AcDbEntity
  8
FIAÇÃO_COMERCIAL
100
AcDbText
 10
-45246.76106797187
 20
56422.240321559206
 30
0.0
 40
0.06
  1
1#4.0
 50
-80.27309726353333
 11
-45246.76106797187
 21
56422.240321559206
 31
0.0
100
AcDbText
 73
2
  0
LINE
  5
3D2
330
17
100
AcDbEntity
  8
FIAÇÃO_COMERCIAL
100
AcDbLine
 10
-45225.50078051648
 20
56419.34835322979
 30
0.0
 11
-45225.47532131095
 21
56419.506314708815
 31
0.0
  0
LINE
  5
3D3
330
17
100
AcDbEntity
  8
FIAÇÃO_COMERCIAL
100
AcDbLine
 10
-45225.55852195044
 20
56419.35699270059
 30
0.0
 11
-45225.5362561942
 21
56419.51543586422
 31
0.0
  0
LINE
  5
3D4
330
17
100
AcDbEntity
  8
FIAÇÃO_COMERCIAL
100
AcDbLine
 10
-45225.5362561942
 20
56419.51543586422
 30
0.0
 11
-45225.4966454033
 21
56419.50986942516
 31
0.0
  0
LINE
  5
3D5
330
17
100
AcDbEntity
  8
FIAÇÃO_COMERCIAL
100
AcDbLine
 10
-45225.66654036436
 20
56419.450392491985
 30
0.0
 11
-45225.65861389064
 21
56419.52999884232
 31
0.0
  0
LINE
  5
3D6
330
17
100
AcDbEntity
  8
FIAÇÃO_COMERCIAL
100
AcDbLine
 10
-45225.72630546742
 20
56419.45568467369
 30
0.0
 11
-45225.7199873671
 21
56419.53543479349
 31
0.0
  0
LINE
  5
3D7
330
17
100
AcDbEntity
  8
FIAÇÃO_COMERCIAL
100
AcDbLine
 10
-45225.786164769
 20
56419.459775901494
 30
0.0
 11
-45225.78145761617
 21
56419.53963729838
 31
0.0
  0
LINE
  5
3D8
330
17
100
AcDbEntity
  8
FIAÇÃO_COMERCIAL
100
AcDbLine
 10
-45225.906069421435
 20
56419.464349384114
 30
0.0
 11
-45225.90458926002
 21
56419.544335689956
 31
0.0
  0
LINE
  5
3D9
330
17
100
AcDbEntity
  8
FIAÇÃO_COMERCIAL
100
AcDbLine
 10
-45226.0243117631
 20
56419.38412469375
 30
0.0
 11
-45226.027810247135
 21
56419.54408644108
 31
0.0
  0
LINE
  5
3DA
330
17
100
AcDbEntity
  8
FIAÇÃO_COMERCIAL
100
AcDbLine
 10
-45225.99781741951
 20
56419.54474240683
 30
0.0
 11
-45226.05780307476
 21
56419.54343047532
 31
0.0
  0
TEXT
  5
3DB
330
17
100
AcDbEntity
  8
FIAÇÃO_COMERCIAL
100
AcDbText
 10
-45225.50021678922
 20
56419.54037264268
 30
0.0
 40
0.06
  1
2#2.5
 50
80.84417641985307
 11
-45225.50021678922
 21
56419.54037264268
 31
0.0
100
AcDbText
 73
2
  0
TEXT
  5
3DC
330
17
100
AcDbEntity
  8
FIAÇÃO_COMERCIAL
100
AcDbText
 10
-45225.53522319681
 20
56419.32317560903
 30
0.0
 40
0.06
  1
04
 50
80.84417641985307
 72
2
 11
-45225.53522319681
 21
56419.32317560903
 31
0.0
100
AcDbText
 73
2
  0
TEXT
  5
3DD
330
17
100
AcDbEntity
  8
FIAÇÃO_COMERCIAL
100
AcDbText
 10
-45225.71543796558
 20
56419.564743087445
 30
0.0
 40
0.06
  1
3#2.5
 50
84.31375168610222
 11
-45225.71543796558
 21
56419.564743087445
 31
0.0
100
AcDbText
 73
2
  0
TEXT
  5
3DE
330
17
100
AcDbEntity
  8
FIAÇÃO_COMERCIAL
100
AcDbText
 10
-45225.73723576828
 20
56419.345825624005
 30
0.0
 40
0.06
  1
04a
 50
84.31375168610222
 72
2
 11
-45225.73723576828
 21
56419.345825624005
 31
0.0
100
AcDbText
 73
2
  0
TEXT
  5
3DF
330
17
100
AcDbEntity
  8
FIAÇÃO_COMERCIAL
100
AcDbText
 10
-45225.904034199484
 20
56419.57433055465
 30
0.0
 40
0.06
  1
1#2.5
 50
88.93985198021801
 11
-45225.904034199484
 21
56419.57433055465
 31
0.0
100
AcDbText
 73
2
  0
TEXT
  5
3E0
330
17
100
AcDbEntity
  8
FIAÇÃO_COMERCIAL
100
AcDbText
 10
-45225.908104643386
 20
56419.35436821358
 30
0.0
 40
0.06
  1
04c
 50
88.93985198021801
 72
2
 11
-45225.908104643386
 21
56419.35436821358
 31
0.0
100
AcDbText
 73
2
  0
TEXT
  5
3E1
330
17
100
AcDbEntity
  8
FIAÇÃO_COMERCIAL
100
AcDbText
 10
-45226.02846621289
 20
56419.57407926871
 30
0.0
 40
0.06
  1
1#2.5
 50
-88.74709784166895
 72
2
 11
-45226.02846621289
 21
56419.57407926871
 31
0.0
100
AcDbText
 73
2
  0
LINE
  5
3E2
330
17
100
AcDbEntity
  8
FIAÇÃO_COMERCIAL
100
AcDbLine
 10
-45241.292601053436
 20
56420.929855183094
 30
0.0
 11
-45241.17506322254
 21
56420.82129709585
 31
0.0
  0
LINE
  5
3E3
330
17
100
AcDbEntity
  8
FIAÇÃO_COMERCIAL
100
AcDbLine
 10
-45241.17506322254
 20
56420.82129709585
 30
0.0
 11
-45241.20220274435
 21
56420.791912638124
 31
0.0
  0
LINE
  5
3E4
330
17
100
AcDbEntity
  8
FIAÇÃO_COMERCIAL
100
AcDbLine
 10
-45241.153182725706
 20
56420.9644318589
 30
0.0
 11
-45241.09352005318
 21
56420.911136779316
 31
0.0
  0
LINE
  5
3E5
330
17
100
AcDbEntity
  8
FIAÇÃO_COMERCIAL
100
AcDbLine
 10
-45241.13455963707
 20
56421.10691073414
 30
0.0
 11
-45241.01347972268
 21
56421.002317931656
 31
0.0
  0
LINE
  5
3E6
330
17
100
AcDbEntity
  8
FIAÇÃO_COMERCIAL
100
AcDbLine
 10
-45241.09597472672
 20
56421.151986978235
 30
0.0
 11
-45240.974030033685
 21
56421.04840371781
 31
0.0
  0
LINE
  5
3E7
330
17
100
AcDbEntity
  8
FIAÇÃO_COMERCIAL
100
AcDbLine
 10
-45240.974030033685
 20
56421.04840371781
 30
0.0
 11
-45240.99992584879
 21
56421.01791754455
 31
0.0
  0
LINE
  5
3E8
330
17
100
AcDbEntity
  8
FIAÇÃO_COMERCIAL
100
AcDbLine
 10
-45241.0199341422
 20
56421.243092626406
 30
0.0
 11
-45240.896285202354
 21
56421.14154982913
 31
0.0
  0
LINE
  5
3E9
330
17
100
AcDbEntity
  8
FIAÇÃO_COMERCIAL
100
AcDbLine
 10
-45240.98248370857
 20
56421.28911575168
 30
0.0
 11
-45240.85799541817
 21
56421.18860373471
 31
0.0
  0
LINE
  5
3EA
330
17
100
AcDbEntity
  8
FIAÇÃO_COMERCIAL
100
AcDbLine
 10
-45240.85799541817
 20
56421.18860373471
 30
0.0
 11
-45240.88312342241
 21
56421.15748166211
 31
0.0
  0
LINE
  5
3EB
330
17
100
AcDbEntity
  8
FIAÇÃO_COMERCIAL
100
AcDbLine
 10
-45240.908735463316
 20
56421.382086745834
 30
0.0
 11
-45240.782594307246
 21
56421.2836570311
 31
0.0
  0
LINE
  5
3EC
330
17
100
AcDbEntity
  8
FIAÇÃO_COMERCIAL
100
AcDbLine
 10
-45240.80104987876
 20
56421.260005564334
 30
0.0
 11
-45240.76413873573
 21
56421.30730849786
 31
0.0
  0
TEXT
  5
3ED
330
17
100
AcDbEntity
  8
FIAÇÃO_COMERCIAL
100
AcDbText
 10
-45241.15302487925
 20
56420.80094245449
 30
0.0
 40
0.06
  1
1#1.5
 50
-42.725606252839526
 11
-45241.15302487925
 21
56420.80094245449
 31
0.0
100
AcDbText
 73
2
  0
TEXT
  5
3EE
330
17
100
AcDbEntity
  8
FIAÇÃO_COMERCIAL
100
AcDbText
 10
-45241.314639396725
 20
56420.950209824456
 30
0.0
 40
0.06
  1
03
 50
-42.725606252839526
 72
2
 11
-45241.314639396725
 21
56420.950209824456
 31
0.0
100
AcDbText
 73
2
  0
TEXT
  5
3EF
330
17
100
AcDbEntity
  8
FIAÇÃO_COMERCIAL
100
AcDbText
 10
-45241.07114655099
 20
56420.89115112447
 30
0.0
 40
0.06
  1
1#1.5
 50
-41.773568189380114
 11
-45241.07114655099
 21
56420.89115112447
 31
0.0
100
AcDbText
 73
2
  0
TEXT
  5
3F0
330
17
100
AcDbEntity
  8
FIAÇÃO_COMERCIAL
100
AcDbText
 10
-45241.23521890042
 20
56421.03771259332
 30
0.0
 40
0.06
  1
03a
 50
-41.773568189380114
 72
2
 11
-45241.23521890042
 21
56421.03771259332
 31
0.0
100
AcDbText
 73
2
  0
TEXT
  5
3F1
330
17
100
AcDbEntity
  8
FIAÇÃO_COMERCIAL
100
AcDbText
 10
-45240.971268588895
 20
56421.00549728875
 30
0.0
 40
0.06
  1
2#4.0
 50
-40.821530159468914
 11
-45240.971268588895
 21
56421.00549728875
 31
0.0
100
AcDbText
 73
2
  0
TEXT
  5
3F2
330
17
100
AcDbEntity
  8
FIAÇÃO_COMERCIAL
100
AcDbText
 10
-45241.13775347118
 20
56421.14931239216
 30
0.0
 40
0.06
  1
10
 50
-40.821530159468914
 72
2
 11
-45241.13775347118
 21
56421.14931239216
 31
0.0
100
AcDbText
 73
2
  0
TEXT
  5
3F3
330
17
100
AcDbEntity
  8
FIAÇÃO_COMERCIAL
100
AcDbText
 10
-45240.85416597169
 20
56421.14577981236
 30
0.0
 40
0.06
  1
2#2.5
 50
-39.39347313523147
 11
-45240.85416597169
 21
56421.14577981236
 31
0.0
100
AcDbText
 73
2
  0
TEXT
  5
3F4
330
17
100
AcDbEntity
  8
FIAÇÃO_COMERCIAL
100
AcDbText
 10
-45241.02418326396
 20
56421.2854011586
 30
0.0
 40
0.06
  1
32
 50
-39.39347313523147
 72
2
 11
-45241.02418326396
 21
56421.2854011586
 31
0.0
100
AcDbText
 73
2
  0
TEXT
  5
3F5
330
17
100
AcDbEntity
  8
FIAÇÃO_COMERCIAL
100
AcDbText
 10
-45240.758942840475
 20
56421.26520145958
 30
0.0
 40
0.06
  1
1#4.0
 50
-37.965416064437235
 11
-45240.758942840475
 21
56421.26520145958
 31
0.0
100
AcDbText
 73
2
  0
LINE
  5
3F6
330
17
100
AcDbEntity
  8
FIAÇÃO_COMERCIAL
100
AcDbLine
 10
-45239.67768785657
 20
56424.337250534765
 30
0.0
 11
-45239.67962014282
 21
56424.1772622031
 31
0.0
  0
LINE
  5
3F7
330
17
100
AcDbEntity
  8
FIAÇÃO_COMERCIAL
100
AcDbLine
 10
-45239.618977229984
 20
56424.33701221563
 30
0.0
 11
-45239.61833312058
 21
56424.177013512126
 31
0.0
  0
LINE
  5
3F8
330
17
100
AcDbEntity
  8
FIAÇÃO_COMERCIAL
100
AcDbLine
 10
-45239.61833312058
 20
56424.177013512126
 30
0.0
 11
-45239.65833279646
 21
56424.17685248478
 31
0.0
  0
LINE
  5
3F9
330
17
100
AcDbEntity
  8
FIAÇÃO_COMERCIAL
100
AcDbLine
 10
-45239.498684510574
 20
56424.25941770711
 30
0.0
 11
-45239.49578664491
 21
56424.17947020949
 31
0.0
  0
LINE
  5
3FA
330
17
100
AcDbEntity
  8
FIAÇÃO_COMERCIAL
100
AcDbLine
 10
-45239.37885304853
 20
56424.265675870876
 30
0.0
 11
-45239.373382377256
 21
56424.18586314159
 31
0.0
  0
LINE
  5
3FB
330
17
100
AcDbEntity
  8
FIAÇÃO_COMERCIAL
100
AcDbLine
 10
-45239.26732232405
 20
56424.355376079955
 30
0.0
 11
-45239.25124671758
 21
56424.196185706896
 31
0.0
  0
LINE
  5
3FC
330
17
100
AcDbEntity
  8
FIAÇÃO_COMERCIAL
100
AcDbLine
 10
-45239.208955861985
 20
56424.361728312986
 30
0.0
 11
-45239.19031904346
 21
56424.20281742916
 31
0.0
  0
LINE
  5
3FD
330
17
100
AcDbEntity
  8
FIAÇÃO_COMERCIAL
100
AcDbLine
 10
-45239.19031904346
 20
56424.20281742916
 30
0.0
 11
-45239.230046764416
 21
56424.19815822453
 31
0.0
  0
LINE
  5
3FE
330
17
100
AcDbEntity
  8
FIAÇÃO_COMERCIAL
100
AcDbLine
 10
-45239.0925667359
 20
56424.37724156731
 30
0.0
 11
-45239.068822653324
 21
56424.21901319267
 31
0.0
  0
LINE
  5
3FF
330
17
100
AcDbEntity
  8
FIAÇÃO_COMERCIAL
100
AcDbLine
 10
-45239.09849047357
 20
56424.214561177185
 30
0.0
 11
-45239.03915483308
 21
56424.22346520815
 31
0.0
  0
TEXT
  5
400
330
17
100
AcDbEntity
  8
FIAÇÃO_COMERCIAL
100
AcDbText
 10
-45239.649983034295
 20
56424.14714263838
 30
0.0
 40
0.06
  1
2#1.5
 50
89.30803413334482
 72
2
 11
-45239.649983034295
 21
56424.14714263838
 31
0.0
100
AcDbText
 73
2
  0
TEXT
  5
401
330
17
100
AcDbEntity
  8
FIAÇÃO_COMERCIAL
100
AcDbText
 10
-45239.64732614069
 20
56424.36712659443
 30
0.0
 40
0.06
  1
03
 50
89.30803413334482
 11
-45239.64732614069
 21
56424.36712659443
 31
0.0
100
AcDbText
 73
2
  0
TEXT
  5
402
330
17
100
AcDbEntity
  8
FIAÇÃO_COMERCIAL
100
AcDbText
 10
-45239.49469994529
 20
56424.14948989789
 30
0.0
 40
0.06
  1
1#1.5
 50
-87.92410245767155
 11
-45239.49469994529
 21
56424.14948989789
 31
0.0
100
AcDbText
 73
2
  0
TEXT
  5
403
330
17
100
AcDbEntity
  8
FIAÇÃO_COMERCIAL
100
AcDbText
 10
-45239.50266907586
 20
56424.36934551632
 30
0.0
 40
0.06
  1
03a
 50
-87.92410245767155
 72
2
 11
-45239.50266907586
 21
56424.36934551632
 31
0.0
100
AcDbText
 73
2
  0
TEXT
  5
404
330
17
100
AcDbEntity
  8
FIAÇÃO_COMERCIAL
100
AcDbText
 10
-45239.371330875525
 20
56424.155933368114
 30
0.0
 40
0.06
  1
1#1.5
 50
-86.07886018633442
 11
-45239.371330875525
 21
56424.155933368114
 31
0.0
100
AcDbText
 73
2
  0
TEXT
  5
405
330
17
100
AcDbEntity
  8
FIAÇÃO_COMERCIAL
100
AcDbText
 10
-45239.38637522154
 20
56424.37541837364
 30
0.0
 40
0.06
  1
03b
 50
-86.07886018633442
 72
2
 11
-45239.38637522154
 21
56424.37541837364
 31
0.0
100
AcDbText
 73
2
  0
TEXT
  5
406
330
17
100
AcDbEntity
  8
FIAÇÃO_COMERCIAL
100
AcDbText
 10
-45239.21840900731
 20
56424.16958350077
 30
0.0
 40
0.06
  1
2#2.5
 50
-84.23361790148428
 11
-45239.21840900731
 21
56424.16958350077
 31
0.0
100
AcDbText
 73
2
  0
TEXT
  5
407
330
17
100
AcDbEntity
  8
FIAÇÃO_COMERCIAL
100
AcDbText
 10
-45239.24051296622
 20
56424.38847026373
 30
0.0
 40
0.06
  1
08
 50
-84.23361790148428
 72
2
 11
-45239.24051296622
 21
56424.38847026373
 31
0.0
100
AcDbText
 73
2
  0
TEXT
  5
408
330
17
100
AcDbEntity
  8
FIAÇÃO_COMERCIAL
100
AcDbText
 10
-45239.06437063784
 20
56424.18934537242
 30
0.0
 40
0.06
  1
1#2.5
 50
-81.46575450861727
 11
-45239.06437063784
 21
56424.18934537242
 31
0.0
100
AcDbText
 73
2
  0
LINE
  5
409
330
17
100
AcDbEntity
  8
FIAÇÃO_COMERCIAL
100
AcDbLine
 10
-45215.47040008784
 20
56420.7506639132
 30
0.0
 11
-45215.5738893113
 21
56420.62863940489
 31
0.0
  0
LINE
  5
40A
330
17
100
AcDbEntity
  8
FIAÇÃO_COMERCIAL
100
AcDbLine
 10
-45215.5738893113
 20
56420.62863940489
 30
0.0
 11
-45215.60439543838
 21
56420.65451171075
 31
0.0
  0
LINE
  5
40B
330
17
100
AcDbEntity
  8
FIAÇÃO_COMERCIAL
100
AcDbLine
 10
-45215.43002972248
 20
56420.61274534839
 30
0.0
 11
-45215.480885715675
 21
56420.55099044611
 31
0.0
  0
LINE
  5
40C
330
17
100
AcDbEntity
  8
FIAÇÃO_COMERCIAL
100
AcDbLine
 10
-45215.28685675537
 20
56420.59966223971
 30
0.0
 11
-45215.38677019019
 21
56420.47469302133
 31
0.0
  0
LINE
  5
40D
330
17
100
AcDbEntity
  8
FIAÇÃO_COMERCIAL
100
AcDbLine
 10
-45215.24029529819
 20
56420.56274524406
 30
0.0
 11
-45215.33930158194
 21
56420.43705612052
 31
0.0
  0
LINE
  5
40E
330
17
100
AcDbEntity
  8
FIAÇÃO_COMERCIAL
100
AcDbLine
 10
-45215.33930158194
 20
56420.43705612052
 30
0.0
 11
-45215.37072386283
 21
56420.46180769146
 31
0.0
  0
LINE
  5
40F
330
17
100
AcDbEntity
  8
FIAÇÃO_COMERCIAL
100
AcDbLine
 10
-45215.14637858731
 20
56420.48992490096
 30
0.0
 11
-45215.24355505565
 21
56420.36281575888
 31
0.0
  0
LINE
  5
410
330
17
100
AcDbEntity
  8
FIAÇÃO_COMERCIAL
100
AcDbLine
 10
-45215.09902823249
 20
56420.45402535193
 30
0.0
 11
-45215.19528213257
 21
56420.32621617104
 31
0.0
  0
LINE
  5
411
330
17
100
AcDbEntity
  8
FIAÇÃO_COMERCIAL
100
AcDbLine
 10
-45215.19528213257
 20
56420.32621617104
 30
0.0
 11
-45215.227234427795
 21
56420.35027964605
 31
0.0
  0
LINE
  5
412
330
17
100
AcDbEntity
  8
FIAÇÃO_COMERCIAL
100
AcDbLine
 10
-45215.00355587381
 20
56420.38325686203
 30
0.0
 11
-45215.09794955757
 21
56420.254067727554
 31
0.0
  0
LINE
  5
413
330
17
100
AcDbEntity
  8
FIAÇÃO_COMERCIAL
100
AcDbLine
 10
-45215.122172520285
 20
56420.27176654326
 30
0.0
 11
-45215.07372659485
 21
56420.23636891185
 31
0.0
  0
TEXT
  5
414
330
17
100
AcDbEntity
  8
FIAÇÃO_COMERCIAL
100
AcDbText
 10
-45215.593293540696
 20
56420.60575980958
 30
0.0
 40
0.06
  1
1#2.5
 50
49.69865771429909
 72
2
 11
-45215.593293540696
 21
56420.60575980958
 31
0.0
100
AcDbText
 73
2
  0
TEXT
  5
415
330
17
100
AcDbEntity
  8
FIAÇÃO_COMERCIAL
100
AcDbText
 10
-45215.450995858446
 20
56420.773543508505
 30
0.0
 40
0.06
  1
04
 50
49.69865771429909
 11
-45215.450995858446
 21
56420.773543508505
 31
0.0
100
AcDbText
 73
2
  0
TEXT
  5
416
330
17
100
AcDbEntity
  8
FIAÇÃO_COMERCIAL
100
AcDbText
 10
-45215.49995671312
 20
56420.527832357744
 30
0.0
 40
0.06
  1
1#2.5
 50
50.528084804421354
 72
2
 11
-45215.49995671312
 21
56420.527832357744
 31
0.0
100
AcDbText
 73
2
  0
TEXT
  5
417
330
17
100
AcDbEntity
  8
FIAÇÃO_COMERCIAL
100
AcDbText
 10
-45215.360102731844
 20
56420.69765833904
 30
0.0
 40
0.06
  1
04f
 50
50.528084804421354
 11
-45215.360102731844
 21
56420.69765833904
 31
0.0
100
AcDbText
 73
2
  0
TEXT
  5
418
330
17
100
AcDbEntity
  8
FIAÇÃO_COMERCIAL
100
AcDbText
 10
-45215.38199644286
 20
56420.43262281877
 30
0.0
 40
0.06
  1
2#10.0
 50
51.35751187090278
 72
2
 11
-45215.38199644286
 21
56420.43262281877
 31
0.0
100
AcDbText
 73
2
  0
TEXT
  5
419
330
17
100
AcDbEntity
  8
FIAÇÃO_COMERCIAL
100
AcDbText
 10
-45215.24461546998
 20
56420.60445549403
 30
0.0
 40
0.06
  1
29
 50
51.35751187090278
 11
-45215.24461546998
 21
56420.60445549403
 31
0.0
100
AcDbText
 73
2
  0
TEXT
  5
41A
330
17
100
AcDbEntity
  8
FIAÇÃO_COMERCIAL
100
AcDbText
 10
-45215.23786982399
 20
56420.32085801052
 30
0.0
 40
0.06
  1
2#2.5
 50
52.60165251288264
 72
2
 11
-45215.23786982399
 21
56420.32085801052
 31
0.0
100
AcDbText
 73
2
  0
TEXT
  5
41B
330
17
100
AcDbEntity
  8
FIAÇÃO_COMERCIAL
100
AcDbText
 10
-45215.10425218003
 20
56420.495633080885
 30
0.0
 40
0.06
  1
41
 50
52.60165251288264
 11
-45215.10425218003
 21
56420.495633080885
 31
0.0
100
AcDbText
 73
2
  0
TEXT
  5
41C
330
17
100
AcDbEntity
  8
FIAÇÃO_COMERCIAL
100
AcDbText
 10
-45215.11564837327
 20
56420.229844764835
 30
0.0
 40
0.06
  1
1#10.0
 50
53.84579312367457
 72
2
 11
-45215.11564837327
 21
56420.229844764835
 31
0.0
100
AcDbText
 73
2
  0
LINE
  5
41D
330
17
100
AcDbEntity
  8
FIAÇÃO_COMERCIAL
100
AcDbLine
 10
-45241.03948424081
 20
56419.05913409432
 30
0.0
 11
-45241.04076068137
 21
56419.21912900268
 31
0.0
  0
LINE
  5
41E
330
17
100
AcDbEntity
  8
FIAÇÃO_COMERCIAL
100
AcDbLine
 10
-45240.97692550181
 20
56419.06050499885
 30
0.0
 11
-45240.98335311446
 21
56419.220375839825
 31
0.0
  0
LINE
  5
41F
330
17
100
AcDbEntity
  8
FIAÇÃO_COMERCIAL
100
AcDbLine
 10
-45240.98335311446
 20
56419.220375839825
 30
0.0
 11
-45241.02332082471
 21
56419.21876893666
 31
0.0
  0
LINE
  5
420
330
17
100
AcDbEntity
  8
FIAÇÃO_COMERCIAL
100
AcDbLine
 10
-45240.85210125482
 20
56419.06926740122
 30
0.0
 11
-45240.868805877464
 21
56419.2283929981
 31
0.0
  0
LINE
  5
421
330
17
100
AcDbEntity
  8
FIAÇÃO_COMERCIAL
100
AcDbLine
 10
-45240.78996447558
 20
56419.07664986425
 30
0.0
 11
-45240.81178427796
 21
56419.23515505729
 31
0.0
  0
LINE
  5
422
330
17
100
AcDbEntity
  8
FIAÇÃO_COMERCIAL
100
AcDbLine
 10
-45240.81178427796
 20
56419.23515505729
 30
0.0
 11
-45240.85141057622
 21
56419.2297001067
 31
0.0
  0
LINE
  5
423
330
17
100
AcDbEntity
  8
FIAÇÃO_COMERCIAL
100
AcDbLine
 10
-45240.6669830938
 20
56419.0972954603
 30
0.0
 11
-45240.69811814077
 21
56419.254236878834
 31
0.0
  0
LINE
  5
424
330
17
100
AcDbEntity
  8
FIAÇÃO_COMERCIAL
100
AcDbLine
 10
-45240.727544656744
 20
56419.24839905753
 30
0.0
 11
-45240.66869162479
 21
56419.26007470014
 31
0.0
  0
TEXT
  5
425
330
17
100
AcDbEntity
  8
FIAÇÃO_COMERCIAL
100
AcDbText
 10
-45241.0110084375
 20
56419.24978248341
 30
0.0
 40
0.06
  1
2#4.0
 50
-89.54290354690347
 72
2
 11
-45241.0110084375
 21
56419.24978248341
 31
0.0
100
AcDbText
 73
2
  0
TEXT
  5
426
330
17
100
AcDbEntity
  8
FIAÇÃO_COMERCIAL
100
AcDbText
 10
-45241.00925333173
 20
56419.029789484426
 30
0.0
 40
0.06
  1
10
 50
-89.54290354690347
 11
-45241.00925333173
 21
56419.029789484426
 31
0.0
100
AcDbText
 73
2
  0
TEXT
  5
427
330
17
100
AcDbEntity
  8
FIAÇÃO_COMERCIAL
100
AcDbText
 10
-45240.842148399526
 20
56419.26176517807
 30
0.0
 40
0.06
  1
2#2.5
 50
-84.00717670248248
 72
2
 11
-45240.842148399526
 21
56419.26176517807
 31
0.0
100
AcDbText
 73
2
  0
TEXT
  5
428
330
17
100
AcDbEntity
  8
FIAÇÃO_COMERCIAL
100
AcDbText
 10
-45240.81917954339
 20
56419.04296748236
 30
0.0
 40
0.06
  1
33
 50
-84.00717670248248
 11
-45240.81917954339
 21
56419.04296748236
 31
0.0
100
AcDbText
 73
2
  0
TEXT
  5
429
330
17
100
AcDbEntity
  8
FIAÇÃO_COMERCIAL
100
AcDbText
 10
-45240.703955962075
 20
56419.2836633948
 30
0.0
 40
0.06
  1
1#4.0
 50
-78.77899027206671
 72
2
 11
-45240.703955962075
 21
56419.2836633948
 31
0.0
100
AcDbText
 73
2
  0
LINE
  5
42A
330
17
100
AcDbEntity
  8
FIAÇÃO_COMERCIAL
100
AcDbLine
 10
-45214.00421955989
 20
56419.544617140426
 30
0.0
 11
-45214.03617680401
 21
56419.38784107545
 31
0.0
  0
LINE
  5
42B
330
17
100
AcDbEntity
  8
FIAÇÃO_COMERCIAL
100
AcDbLine
 10
-45213.94701434537
 20
56419.533714091434
 30
0.0
 11
-45213.97550743815
 21
56419.376271582354
 31
0.0
  0
LINE
  5
42C
330
17
100
AcDbEntity
  8
FIAÇÃO_COMERCIAL
100
AcDbLine
 10
-45213.97550743815
 20
56419.376271582354
 30
0.0
 11
-45214.01486806542
 21
56419.38339485555
 31
0.0
  0
LINE
  5
42D
330
17
100
AcDbEntity
  8
FIAÇÃO_COMERCIAL
100
AcDbLine
 10
-45213.83195630128
 20
56419.51567906218
 30
0.0
 11
-45213.85348122932
 21
56419.35713355618
 31
0.0
  0
LINE
  5
42E
330
17
100
AcDbEntity
  8
FIAÇÃO_COMERCIAL
100
AcDbLine
 10
-45213.77415866511
 20
56419.50855573218
 30
0.0
 11
-45213.79218296707
 21
56419.34957420955
 31
0.0
  0
LINE
  5
42F
330
17
100
AcDbEntity
  8
FIAÇÃO_COMERCIAL
100
AcDbLine
 10
-45213.79218296707
 20
56419.34957420955
 30
0.0
 11
-45213.831928347725
 21
56419.35408028504
 31
0.0
  0
LINE
  5
430
330
17
100
AcDbEntity
  8
FIAÇÃO_COMERCIAL
100
AcDbLine
 10
-45213.658164778666
 20
56419.49811452267
 30
0.0
 11
-45213.6691632491
 21
56419.338492990144
 31
0.0
  0
LINE
  5
431
330
17
100
AcDbEntity
  8
FIAÇÃO_COMERCIAL
100
AcDbLine
 10
-45213.69909228645
 20
56419.34055520335
 30
0.0
 11
-45213.63923421175
 21
56419.33643077694
 31
0.0
  0
TEXT
  5
432
330
17
100
AcDbEntity
  8
FIAÇÃO_COMERCIAL
100
AcDbText
 10
-45214.012700142186
 20
56419.35282742774
 30
0.0
 40
0.06
  1
2#10.0
 50
78.47866707405242
 72
2
 11
-45214.012700142186
 21
56419.35282742774
 31
0.0
100
AcDbText
 73
2
  0
TEXT
  5
433
330
17
100
AcDbEntity
  8
FIAÇÃO_COMERCIAL
100
AcDbText
 10
-45213.96875893152
 20
56419.56839451708
 30
0.0
 40
0.06
  1
29
 50
78.47866707405242
 11
-45213.96875893152
 21
56419.56839451708
 31
0.0
100
AcDbText
 73
2
  0
TEXT
  5
434
330
17
100
AcDbEntity
  8
FIAÇÃO_COMERCIAL
100
AcDbText
 10
-45213.82774317873
 20
56419.323735604645
 30
0.0
 40
0.06
  1
2#2.5
 50
82.268510773042
 72
2
 11
-45213.82774317873
 21
56419.323735604645
 31
0.0
100
AcDbText
 73
2
  0
TEXT
  5
435
330
17
100
AcDbEntity
  8
FIAÇÃO_COMERCIAL
100
AcDbText
 10
-45213.79814640267
 20
56419.54173567539
 30
0.0
 40
0.06
  1
41
 50
82.268510773042
 11
-45213.79814640267
 21
56419.54173567539
 31
0.0
100
AcDbText
 73
2
  0
TEXT
  5
436
330
17
100
AcDbEntity
  8
FIAÇÃO_COMERCIAL
100
AcDbText
 10
-45213.67122546231
 20
56419.30856395279
 30
0.0
 40
0.06
  1
1#10.0
 50
86.05835451718313
 72
2
 11
-45213.67122546231
 21
56419.30856395279
 31
0.0
100
AcDbText
 73
2
  0
LINE
  5
437
330
17
100
AcDbEntity
  8
FIAÇÃO_COMERCIAL
100
AcDbLine
 10
-45241.581276005425
 20
56419.86334718266
 30
0.0
 11
-45241.74079308487
 21
56419.850925372564
 31
0.0
  0
LINE
  5
438
330
17
100
AcDbEntity
  8
FIAÇÃO_COMERCIAL
100
AcDbLine
 10
-45241.57626145787
 20
56419.80465864176
 30
0.0
 11
-45241.735593184916
 21
56419.79005039905
 31
0.0
  0
LINE
  5
439
330
17
100
AcDbEntity
  8
FIAÇÃO_COMERCIAL
100
AcDbLine
 10
-45241.735593184916
 20
56419.79005039905
 30
0.0
 11
-45241.7392452456
 21
56419.829883330814
 31
0.0
  0
LINE
  5
43A
330
17
100
AcDbEntity
  8
FIAÇÃO_COMERCIAL
100
AcDbLine
 10
-45241.56382603615
 20
56419.6875148324
 30
0.0
 11
-45241.7226971977
 21
56419.66854237788
 31
0.0
  0
LINE
  5
43B
330
17
100
AcDbEntity
  8
FIAÇÃO_COMERCIAL
100
AcDbLine
 10
-45241.55640748986
 20
56419.62908149203
 30
0.0
 11
-45241.71500352488
 21
56419.60793207886
 31
0.0
  0
LINE
  5
43C
330
17
100
AcDbEntity
  8
FIAÇÃO_COMERCIAL
100
AcDbLine
 10
-45241.71500352488
 20
56419.60793207886
 30
0.0
 11
-45241.72029087817
 21
56419.647581087615
 31
0.0
  0
LINE
  5
43D
330
17
100
AcDbEntity
  8
FIAÇÃO_COMERCIAL
100
AcDbLine
 10
-45241.53917566956
 20
56419.51254662769
 30
0.0
 11
-45241.697132022775
 21
56419.487055639525
 31
0.0
  0
LINE
  5
43E
330
17
100
AcDbEntity
  8
FIAÇÃO_COMERCIAL
100
AcDbLine
 10
-45241.701911583055
 20
56419.51667245576
 30
0.0
 11
-45241.692352462494
 21
56419.457438823294
 31
0.0
  0
TEXT
  5
43F
330
17
100
AcDbEntity
  8
FIAÇÃO_COMERCIAL
100
AcDbText
 10
-45241.81301310398
 20
56419.81521177047
 30
0.0
 40
0.06
  1
2#4.0
 72
1
 11
-45241.81301310398
 21
56419.81521177047
 31
0.0
100
AcDbText
 73
2
  0
TEXT
  5
440
330
17
100
AcDbEntity
  8
FIAÇÃO_COMERCIAL
100
AcDbText
 10
-45241.50394876256
 20
56419.83927902755
 30
0.0
 40
0.06
  1
10
 72
1
 11
-45241.50394876256
 21
56419.83927902755
 31
0.0
100
AcDbText
 73
2
  0
TEXT
  5
441
330
17
100
AcDbEntity
  8
FIAÇÃO_COMERCIAL
100
AcDbText
 10
-45241.79338999989
 20
56419.62988812998
 30
0.0
 40
0.06
  1
2#2.5
 72
1
 11
-45241.79338999989
 21
56419.62988812998
 31
0.0
100
AcDbText
 73
2
  0
TEXT
  5
442
330
17
100
AcDbEntity
  8
FIAÇÃO_COMERCIAL
100
AcDbText
 10
-45241.485577124404
 20
56419.66664726061
 30
0.0
 40
0.06
  1
32
 72
1
 11
-45241.485577124404
 21
56419.66664726061
 31
0.0
100
AcDbText
 73
2
  0
TEXT
  5
443
330
17
100
AcDbEntity
  8
FIAÇÃO_COMERCIAL
100
AcDbText
 10
-45241.771174063346
 20
56419.47510673882
 30
0.0
 40
0.06
  1
1#4.0
 72
1
 11
-45241.771174063346
 21
56419.47510673882
 31
0.0
100
AcDbText
 73
2
  0
LINE
  5
444
330
17
100
AcDbEntity
  8
FIAÇÃO_COMERCIAL
100
AcDbLine
 10
-45250.707249231455
 20
56422.60878755249
 30
0.0
 11
-45250.69273808046
 21
56422.76812815152
 31
0.0
  0
LINE
  5
445
330
17
100
AcDbEntity
  8
FIAÇÃO_COMERCIAL
100
AcDbLine
 10
-45250.76609980092
 20
56422.61375554242
 30
0.0
 11
-45250.753461399334
 21
56422.77325560764
 31
0.0
  0
LINE
  5
446
330
17
100
AcDbEntity
  8
FIAÇÃO_COMERCIAL
100
AcDbLine
 10
-45250.753461399334
 20
56422.77325560764
 30
0.0
 11
-45250.713586383026
 21
56422.77009600724
 31
0.0
  0
LINE
  5
447
330
17
100
AcDbEntity
  8
FIAÇÃO_COMERCIAL
100
AcDbLine
 10
-45250.88395562219
 20
56422.62161723866
 30
0.0
 11
-45250.87506769252
 21
56422.781370187644
 31
0.0
  0
LINE
  5
448
330
17
100
AcDbEntity
  8
FIAÇÃO_COMERCIAL
100
AcDbLine
 10
-45250.94294463036
 20
56422.62450986144
 30
0.0
 11
-45250.93593390579
 21
56422.784356193086
 31
0.0
  0
LINE
  5
449
330
17
100
AcDbEntity
  8
FIAÇÃO_COMERCIAL
100
AcDbLine
 10
-45250.93593390579
 20
56422.784356193086
 30
0.0
 11
-45250.89597232288
 21
56422.78260351194
 31
0.0
  0
LINE
  5
44A
330
17
100
AcDbEntity
  8
FIAÇÃO_COMERCIAL
100
AcDbLine
 10
-45251.06100419184
 20
56422.628216663004
 30
0.0
 11
-45251.05775052075
 21
56422.78818357716
 31
0.0
  0
LINE
  5
44B
330
17
100
AcDbEntity
  8
FIAÇÃO_COMERCIAL
100
AcDbLine
 10
-45251.02775672435
 20
56422.78757351383
 30
0.0
 11
-45251.08774431715
 21
56422.788793640495
 31
0.0
  0
TEXT
  5
44C
330
17
100
AcDbEntity
  8
FIAÇÃO_COMERCIAL
100
AcDbText
 10
-45250.719910711734
 20
56422.800528375345
 30
0.0
 40
0.06
  1
2#2.5
 50
84.79642644076834
 11
-45250.719910711734
 21
56422.800528375345
 31
0.0
100
AcDbText
 73
2
  0
TEXT
  5
44D
330
17
100
AcDbEntity
  8
FIAÇÃO_COMERCIAL
100
AcDbText
 10
-45250.73986354435
 20
56422.58143505169
 30
0.0
 40
0.06
  1
08
 50
84.79642644076834
 72
2
 11
-45250.73986354435
 21
56422.58143505169
 31
0.0
100
AcDbText
 73
2
  0
TEXT
  5
44E
330
17
100
AcDbEntity
  8
FIAÇÃO_COMERCIAL
100
AcDbText
 10
-45250.903365011065
 20
56422.81279352262
 30
0.0
 40
0.06
  1
2#4.0
 50
86.81560548869074
 11
-45250.903365011065
 21
56422.81279352262
 31
0.0
100
AcDbText
 73
2
  0
TEXT
  5
44F
330
17
100
AcDbEntity
  8
FIAÇÃO_COMERCIAL
100
AcDbText
 10
-45250.915585914365
 20
56422.593133217786
 30
0.0
 40
0.06
  1
31
 50
86.81560548869074
 72
2
 11
-45250.915585914365
 21
56422.593133217786
 31
0.0
100
AcDbText
 73
2
  0
TEXT
  5
450
330
17
100
AcDbEntity
  8
FIAÇÃO_COMERCIAL
100
AcDbText
 10
-45251.05714045742
 20
56422.81817737356
 30
0.0
 40
0.06
  1
1#4.0
 50
88.8347845486451
 11
-45251.05714045742
 21
56422.81817737356
 31
0.0
100
AcDbText
 73
2
  0
LINE
  5
451
330
17
100
AcDbEntity
  8
FIAÇÃO_COMERCIAL
100
AcDbLine
 10
-45225.40132622822
 20
56425.816019021724
 30
0.0
 11
-45225.39079959345
 21
56425.65636567864
 31
0.0
  0
LINE
  5
452
330
17
100
AcDbEntity
  8
FIAÇÃO_COMERCIAL
100
AcDbLine
 10
-45225.46262856336
 20
56425.811494954796
 30
0.0
 11
-45225.44917045091
 21
56425.65206196195
 31
0.0
  0
LINE
  5
453
330
17
100
AcDbEntity
  8
FIAÇÃO_COMERCIAL
100
AcDbLine
 10
-45225.44917045091
 20
56425.65206196195
 30
0.0
 11
-45225.4093122027
 21
56425.655426490055
 31
0.0
  0
LINE
  5
454
330
17
100
AcDbEntity
  8
FIAÇÃO_COMERCIAL
100
AcDbLine
 10
-45225.58469001551
 20
56425.79911154548
 30
0.0
 11
-45225.56587003984
 21
56425.64022224906
 31
0.0
  0
LINE
  5
455
330
17
100
AcDbEntity
  8
FIAÇÃO_COMERCIAL
100
AcDbLine
 10
-45225.645651830724
 20
56425.791231078874
 30
0.0
 11
-45225.62391581472
 21
56425.63271437436
 31
0.0
  0
LINE
  5
456
330
17
100
AcDbEntity
  8
FIAÇÃO_COMERCIAL
100
AcDbLine
 10
-45225.62391581472
 20
56425.63271437436
 30
0.0
 11
-45225.584286638594
 21
56425.63814837836
 31
0.0
  0
LINE
  5
457
330
17
100
AcDbEntity
  8
FIAÇÃO_COMERCIAL
100
AcDbLine
 10
-45225.76709131968
 20
56425.77212721075
 30
0.0
 11
-45225.73954621804
 21
56425.61451608368
 31
0.0
  0
LINE
  5
458
330
17
100
AcDbEntity
  8
FIAÇÃO_COMERCIAL
100
AcDbLine
 10
-45225.70999413172
 20
56425.61968079024
 30
0.0
 11
-45225.769098304365
 21
56425.60935137713
 31
0.0
  0
TEXT
  5
459
330
17
100
AcDbEntity
  8
FIAÇÃO_COMERCIAL
100
AcDbText
 10
-45225.41874414758
 20
56425.624223730905
 30
0.0
 40
0.06
  1
2#2.5
 50
-86.22770183991942
 11
-45225.41874414758
 21
56425.624223730905
 31
0.0
100
AcDbText
 73
2
  0
TEXT
  5
45A
330
17
100
AcDbEntity
  8
FIAÇÃO_COMERCIAL
100
AcDbText
 10
-45225.433218270395
 20
56425.843747077655
 30
0.0
 40
0.06
  1
09
 50
-86.22770183991942
 72
2
 11
-45225.433218270395
 21
56425.843747077655
 31
0.0
100
AcDbText
 73
2
  0
TEXT
  5
45B
330
17
100
AcDbEntity
  8
FIAÇÃO_COMERCIAL
100
AcDbText
 10
-45225.59209319192
 20
56425.60658342066
 30
0.0
 40
0.06
  1
2#2.5
 50
-83.24495445575242
 11
-45225.59209319192
 21
56425.60658342066
 31
0.0
100
AcDbText
 73
2
  0
TEXT
  5
45C
330
17
100
AcDbEntity
  8
FIAÇÃO_COMERCIAL
100
AcDbText
 10
-45225.61797065847
 20
56425.825056203226
 30
0.0
 40
0.06
  1
35
 50
-83.24495445575242
 72
2
 11
-45225.61797065847
 21
56425.825056203226
 31
0.0
100
AcDbText
 73
2
  0
TEXT
  5
45D
330
17
100
AcDbEntity
  8
FIAÇÃO_COMERCIAL
100
AcDbText
 10
-45225.73438151149
 20
56425.58496399736
 30
0.0
 40
0.06
  1
1#2.5
 50
-80.08675134031883
 11
-45225.73438151149
 21
56425.58496399736
 31
0.0
100
AcDbText
 73
2
  0
LINE
  5
45E
330
17
100
AcDbEntity
  8
FIAÇÃO_COMERCIAL
100
AcDbLine
 10
-45239.303772285886
 20
56417.75585045351
 30
0.0
 11
-45239.290835021326
 21
56417.915326555754
 31
0.0
  0
LINE
  5
45F
330
17
100
AcDbEntity
  8
FIAÇÃO_COMERCIAL
100
AcDbLine
 10
-45239.24266622452
 20
56417.75132710869
 30
0.0
 11
-45239.23226996743
 21
56417.91098899468
 31
0.0
  0
LINE
  5
460
330
17
100
AcDbEntity
  8
FIAÇÃO_COMERCIAL
100
AcDbLine
 10
-45239.23226996743
 20
56417.91098899468
 30
0.0
 11
-45239.27218543893
 21
56417.91358805895
 31
0.0
  0
LINE
  5
461
330
17
100
AcDbEntity
  8
FIAÇÃO_COMERCIAL
100
AcDbLine
 10
-45239.12027685523
 20
56417.745200335856
 30
0.0
 11
-45239.11496987654
 21
56417.90511229907
 31
0.0
  0
LINE
  5
462
330
17
100
AcDbEntity
  8
FIAÇÃO_COMERCIAL
100
AcDbLine
 10
-45239.05902454449
 20
56417.7435984596
 30
0.0
 11
-45239.05626454622
 21
56417.90357465286
 31
0.0
  0
LINE
  5
463
330
17
100
AcDbEntity
  8
FIAÇÃO_COMERCIAL
100
AcDbLine
 10
-45239.05626454622
 20
56417.90357465286
 30
0.0
 11
-45239.09625859453
 21
56417.904264652425
 31
0.0
  0
LINE
  5
464
330
17
100
AcDbEntity
  8
FIAÇÃO_COMERCIAL
100
AcDbLine
 10
-45238.93648223273
 20
56417.74331975589
 30
0.0
 11
-45238.93881764883
 21
56417.903302710714
 31
0.0
  0
LINE
  5
465
330
17
100
AcDbEntity
  8
FIAÇÃO_COMERCIAL
100
AcDbLine
 10
-45238.968814452855
 20
56417.9028648202
 30
0.0
 11
-45238.9088208448
 21
56417.90374060123
 31
0.0
  0
TEXT
  5
466
330
17
100
AcDbEntity
  8
FIAÇÃO_COMERCIAL
100
AcDbText
 10
-45239.2584915054
 20
56417.943013098455
 30
0.0
 40
0.06
  1
2#4.0
 50
85.36212025268844
 11
-45239.2584915054
 21
56417.943013098455
 31
0.0
100
AcDbText
 73
2
  0
TEXT
  5
467
330
17
100
AcDbEntity
  8
FIAÇÃO_COMERCIAL
100
AcDbText
 10
-45239.27628024417
 20
56417.72373345787
 30
0.0
 40
0.06
  1
10
 50
85.36212025268844
 72
2
 11
-45239.27628024417
 21
56417.72373345787
 31
0.0
100
AcDbText
 73
2
  0
TEXT
  5
468
330
17
100
AcDbEntity
  8
FIAÇÃO_COMERCIAL
100
AcDbText
 10
-45239.08398540777
 20
56417.93431091155
 30
0.0
 40
0.06
  1
2#2.5
 50
88.09922961100773
 11
-45239.08398540777
 21
56417.93431091155
 31
0.0
100
AcDbText
 73
2
  0
TEXT
  5
469
330
17
100
AcDbEntity
  8
FIAÇÃO_COMERCIAL
100
AcDbText
 10
-45239.09128250347
 20
56417.71443196214
 30
0.0
 40
0.06
  1
33
 50
88.09922961100773
 72
2
 11
-45239.09128250347
 21
56417.71443196214
 31
0.0
100
AcDbText
 73
2
  0
TEXT
  5
46A
330
17
100
AcDbEntity
  8
FIAÇÃO_COMERCIAL
100
AcDbText
 10
-45238.93925553934
 20
56417.93329951474
 30
0.0
 40
0.06
  1
1#4.0
 50
-89.16366101656132
 72
2
 11
-45238.93925553934
 21
56417.93329951474
 31
0.0
100
AcDbText
 73
2
  0
LINE
  5
46B
330
17
100
AcDbEntity
  8
FIAÇÃO_COMERCIAL
100
AcDbLine
 10
-45214.85910953773
 20
56420.38022030869
 30
0.0
 11
-45214.69971583857
 21
56420.36630453813
 31
0.0
  0
LINE
  5
46C
330
17
100
AcDbEntity
  8
FIAÇÃO_COMERCIAL
100
AcDbLine
 10
-45214.863728291224
 20
56420.31800523428
 30
0.0
 11
-45214.70399020823
 21
56420.30885401339
 31
0.0
  0
LINE
  5
46D
330
17
100
AcDbEntity
  8
FIAÇÃO_COMERCIAL
100
AcDbLine
 10
-45214.70399020823
 20
56420.30885401339
 30
0.0
 11
-45214.70170240301
 21
56420.34878853414
 31
0.0
  0
LINE
  5
46E
330
17
100
AcDbEntity
  8
FIAÇÃO_COMERCIAL
100
AcDbLine
 10
-45214.86741975238
 20
56420.193699048
 30
0.0
 11
-45214.707420247636
 21
56420.193300951985
 31
0.0
  0
LINE
  5
46F
330
17
100
AcDbEntity
  8
FIAÇÃO_COMERCIAL
100
AcDbLine
 10
-45214.8664991764
 20
56420.131319507884
 30
0.0
 11
-45214.7065590982
 21
56420.13569802184
 31
0.0
  0
LINE
  5
470
330
17
100
AcDbEntity
  8
FIAÇÃO_COMERCIAL
100
AcDbLine
 10
-45214.7065590982
 20
56420.13569802184
 30
0.0
 11
-45214.70765372669
 21
56420.175683041394
 31
0.0
  0
LINE
  5
471
330
17
100
AcDbEntity
  8
FIAÇÃO_COMERCIAL
100
AcDbLine
 10
-45214.85910953772
 20
56420.00677969125
 30
0.0
 11
-45214.69971583858
 21
56420.02069546192
 31
0.0
  0
LINE
  5
472
330
17
100
AcDbEntity
  8
FIAÇÃO_COMERCIAL
100
AcDbLine
 10
-45214.70232504558
 20
56420.05058178051
 30
0.0
 11
-45214.697106631575
 21
56419.99080914333
 31
0.0
  0
TEXT
  5
473
330
17
100
AcDbEntity
  8
FIAÇÃO_COMERCIAL
100
AcDbText
 10
-45214.67205280077
 20
56420.33377893137
 30
0.0
 40
0.06
  1
2#10.0
 50
-4.989522252086513
 11
-45214.67205280077
 21
56420.33377893137
 31
0.0
100
AcDbText
 73
2
  0
TEXT
  5
474
330
17
100
AcDbEntity
  8
FIAÇÃO_COMERCIAL
100
AcDbText
 10
-45214.891219137106
 20
56420.35291311589
 30
0.0
 40
0.06
  1
29
 50
-4.989522252086513
 72
2
 11
-45214.891219137106
 21
56420.35291311589
 31
0.0
100
AcDbText
 73
2
  0
TEXT
  5
475
330
17
100
AcDbEntity
  8
FIAÇÃO_COMERCIAL
100
AcDbText
 10
-45214.67697490914
 20
56420.16323069141
 30
0.0
 40
0.06
  1
2#2.5
 50
-0.14255778349894824
 11
-45214.67697490914
 21
56420.16323069141
 31
0.0
100
AcDbText
 73
2
  0
TEXT
  5
476
330
17
100
AcDbEntity
  8
FIAÇÃO_COMERCIAL
100
AcDbText
 10
-45214.89697422817
 20
56420.163778073445
 30
0.0
 40
0.06
  1
41
 50
-0.14255778349894824
 72
2
 11
-45214.89697422817
 21
56420.163778073445
 31
0.0
100
AcDbText
 73
2
  0
TEXT
  5
477
330
17
100
AcDbEntity
  8
FIAÇÃO_COMERCIAL
100
AcDbText
 10
-45214.66982951999
 20
56420.02330466892
 30
0.0
 40
0.06
  1
1#10.0
 50
4.989522293351924
 11
-45214.66982951999
 21
56420.02330466892
 31
0.0
100
AcDbText
 73
2
  0
LINE
  5
478
330
17
100
AcDbEntity
  8
FIAÇÃO_COMERCIAL
100
AcDbLine
 10
-45232.41302798373
 20
56418.52759127068
 30
0.0
 11
-45232.56912071778
 21
56418.56273466805
 31
0.0
  0
LINE
  5
479
330
17
100
AcDbEntity
  8
FIAÇÃO_COMERCIAL
100
AcDbLine
 10
-45232.42495974299
 20
56418.4710873798
 30
0.0
 11
-45232.581978282804
 21
56418.501831129644
 31
0.0
  0
LINE
  5
47A
330
17
100
AcDbEntity
  8
FIAÇÃO_COMERCIAL
100
AcDbLine
 10
-45232.581978282804
 20
56418.501831129644
 30
0.0
 11
-45232.57429234534
 21
56418.5410857646
 31
0.0
  0
LINE
  5
47B
330
17
100
AcDbEntity
  8
FIAÇÃO_COMERCIAL
100
AcDbLine
 10
-45232.44406136057
 20
56418.35718939524
 30
0.0
 11
-45232.6025589286
 21
56418.37906451648
 31
0.0
  0
LINE
  5
47C
330
17
100
AcDbEntity
  8
FIAÇÃO_COMERCIAL
100
AcDbLine
 10
-45232.451216280926
 20
56418.29988436801
 30
0.0
 11
-45232.61026590355
 21
56418.31729751082
 31
0.0
  0
LINE
  5
47D
330
17
100
AcDbEntity
  8
FIAÇÃO_COMERCIAL
100
AcDbLine
 10
-45232.61026590355
 20
56418.31729751082
 30
0.0
 11
-45232.60591261785
 21
56418.357059916474
 31
0.0
  0
LINE
  5
47E
330
17
100
AcDbEntity
  8
FIAÇÃO_COMERCIAL
100
AcDbLine
 10
-45232.460706371516
 20
56418.18478626653
 30
0.0
 11
-45232.62048300508
 21
56418.19323773794
 31
0.0
  0
LINE
  5
47F
330
17
100
AcDbEntity
  8
FIAÇÃO_COMERCIAL
100
AcDbLine
 10
-45232.61889835419
 20
56418.223195856735
 30
0.0
 11
-45232.62206765597
 21
56418.16327961915
 31
0.0
  0
TEXT
  5
480
330
17
100
AcDbEntity
  8
FIAÇÃO_COMERCIAL
100
AcDbText
 10
-45232.604585436486
 20
56418.53997219773
 30
0.0
 40
0.06
  1
2#2.5
 50
-12.688255445281186
 72
2
 11
-45232.604585436486
 21
56418.53997219773
 31
0.0
100
AcDbText
 73
2
  0
TEXT
  5
481
330
17
100
AcDbEntity
  8
FIAÇÃO_COMERCIAL
100
AcDbText
 10
-45232.389957927175
 20
56418.49165002635
 30
0.0
 40
0.06
  1
34
 50
-12.688255445281186
 11
-45232.389957927175
 21
56418.49165002635
 31
0.0
100
AcDbText
 73
2
  0
TEXT
  5
482
330
17
100
AcDbEntity
  8
FIAÇÃO_COMERCIAL
100
AcDbText
 10
-45232.635992696436
 20
56418.35339809349
 30
0.0
 40
0.06
  1
2#2.5
 50
-7.858062462340911
 72
2
 11
-45232.635992696436
 21
56418.35339809349
 31
0.0
100
AcDbText
 73
2
  0
TEXT
  5
483
330
17
100
AcDbEntity
  8
FIAÇÃO_COMERCIAL
100
AcDbText
 10
-45232.418058540396
 20
56418.323319801784
 30
0.0
 40
0.06
  1
42
 50
-7.858062462340911
 11
-45232.418058540396
 21
56418.323319801784
 31
0.0
100
AcDbText
 73
2
  0
TEXT
  5
484
330
17
100
AcDbEntity
  8
FIAÇÃO_COMERCIAL
100
AcDbText
 10
-45232.650441123864
 20
56418.19482238883
 30
0.0
 40
0.06
  1
1#2.5
 50
-3.0278694059544478
 72
2
 11
-45232.650441123864
 21
56418.19482238883
 31
0.0
100
AcDbText
 73
2
  0
LINE
  5
485
330
17
100
AcDbEntity
  8
FIAÇÃO_COMERCIAL
100
AcDbLine
 10
-45250.18874338375
 20
56422.26976925621
 30
0.0
 11
-45250.18110680399
 21
56422.429586910584
 31
0.0
  0
LINE
  5
486
330
17
100
AcDbEntity
  8
FIAÇÃO_COMERCIAL
100
AcDbLine
 10
-45250.249594682005
 20
56422.27304492416
 30
0.0
 11
-45250.24008127713
 21
56422.432761846016
 31
0.0
  0
LINE
  5
487
330
17
100
AcDbEntity
  8
FIAÇÃO_COMERCIAL
100
AcDbLine
 10
-45250.24008127713
 20
56422.432761846016
 30
0.0
 11
-45250.200152046666
 21
56422.4303834948
 31
0.0
  0
LINE
  5
488
330
17
100
AcDbEntity
  8
FIAÇÃO_COMERCIAL
100
AcDbLine
 10
-45250.364529518854
 20
56422.36146288115
 30
0.0
 11
-45250.35789808988
 21
56422.44118755832
 31
0.0
  0
LINE
  5
489
330
17
100
AcDbEntity
  8
FIAÇÃO_COMERCIAL
100
AcDbLine
 10
-45250.48398710509
 20
56422.372830140346
 30
0.0
 11
-45250.47548460989
 21
56422.452377029505
 31
0.0
  0
LINE
  5
48A
330
17
100
AcDbEntity
  8
FIAÇÃO_COMERCIAL
100
AcDbLine
 10
-45250.6135137506
 20
56422.307673700954
 30
0.0
 11
-45250.59277601346
 21
56422.46632409099
 31
0.0
  0
LINE
  5
48B
330
17
100
AcDbEntity
  8
FIAÇÃO_COMERCIAL
100
AcDbLine
 10
-45250.56302906533
 20
56422.46243576527
 30
0.0
 11
-45250.62252296159
 21
56422.4702124167
 31
0.0
  0
TEXT
  5
48C
330
17
100
AcDbEntity
  8
FIAÇÃO_COMERCIAL
100
AcDbText
 10
-45250.20963138814
 20
56422.46116537162
 30
0.0
 40
0.06
  1
2#1.5
 50
87.26431198412308
 11
-45250.20963138814
 21
56422.46116537162
 31
0.0
100
AcDbText
 73
2
  0
TEXT
  5
48D
330
17
100
AcDbEntity
  8
FIAÇÃO_COMERCIAL
100
AcDbText
 10
-45250.220131685295
 20
56422.241416096855
 30
0.0
 40
0.06
  1
43
 50
87.26431198412308
 72
2
 11
-45250.220131685295
 21
56422.241416096855
 31
0.0
100
AcDbText
 73
2
  0
TEXT
  5
48E
330
17
100
AcDbEntity
  8
FIAÇÃO_COMERCIAL
100
AcDbText
 10
-45250.355411304015
 20
56422.47108431226
 30
0.0
 40
0.06
  1
1#1.5
 50
85.24513291350308
 11
-45250.355411304015
 21
56422.47108431226
 31
0.0
100
AcDbText
 73
2
  0
TEXT
  5
48F
330
17
100
AcDbEntity
  8
FIAÇÃO_COMERCIAL
100
AcDbText
 10
-45250.37364773369
 20
56422.25184145004
 30
0.0
 40
0.06
  1
43c
 50
85.24513291350308
 72
2
 11
-45250.37364773369
 21
56422.25184145004
 31
0.0
100
AcDbText
 73
2
  0
TEXT
  5
490
330
17
100
AcDbEntity
  8
FIAÇÃO_COMERCIAL
100
AcDbText
 10
-45250.472296174186
 20
56422.482207112946
 30
0.0
 40
0.06
  1
1#1.5
 50
83.89901358352915
 11
-45250.472296174186
 21
56422.482207112946
 31
0.0
100
AcDbText
 73
2
  0
TEXT
  5
491
330
17
100
AcDbEntity
  8
FIAÇÃO_COMERCIAL
100
AcDbText
 10
-45250.495678036
 20
56422.26345316775
 30
0.0
 40
0.06
  1
43f
 50
83.89901358352915
 72
2
 11
-45250.495678036
 21
56422.26345316775
 31
0.0
100
AcDbText
 73
2
  0
TEXT
  5
492
330
17
100
AcDbEntity
  8
FIAÇÃO_COMERCIAL
100
AcDbText
 10
-45250.58888768775
 20
56422.49607103912
 30
0.0
 40
0.06
  1
1#1.5
 50
82.55289417668601
 11
-45250.58888768775
 21
56422.49607103912
 31
0.0
100
AcDbText
 73
2
  0
LINE
  5
493
330
17
100
AcDbEntity
  8
FIAÇÃO_COMERCIAL
100
AcDbLine
 10
-45224.86848166583
 20
56419.366938742016
 30
0.0
 11
-45224.88647560366
 21
56419.5259237042
 31
0.0
  0
LINE
  5
494
330
17
100
AcDbEntity
  8
FIAÇÃO_COMERCIAL
100
AcDbLine
 10
-45224.810396556575
 20
56419.37284089615
 30
0.0
 11
-45224.82517790804
 21
56419.53215665698
 31
0.0
  0
LINE
  5
495
330
17
100
AcDbEntity
  8
FIAÇÃO_COMERCIAL
100
AcDbLine
 10
-45224.82517790804
 20
56419.53215665698
 30
0.0
 11
-45224.865006848246
 21
56419.52846131911
 31
0.0
  0
LINE
  5
496
330
17
100
AcDbEntity
  8
FIAÇÃO_COMERCIAL
100
AcDbLine
 10
-45224.6939298461
 20
56419.38114692225
 30
0.0
 11
-45224.70226926945
 21
56419.540929443254
 31
0.0
  0
LINE
  5
497
330
17
100
AcDbEntity
  8
FIAÇÃO_COMERCIAL
100
AcDbLine
 10
-45224.635595040534
 20
56419.38354745763
 30
0.0
 11
-45224.640707746636
 21
56419.543465750015
 31
0.0
  0
LINE
  5
498
330
17
100
AcDbEntity
  8
FIAÇÃO_COMERCIAL
100
AcDbLine
 10
-45224.640707746636
 20
56419.543465750015
 30
0.0
 11
-45224.68068731973
 21
56419.54218757349
 31
0.0
  0
LINE
  5
499
330
17
100
AcDbEntity
  8
FIAÇÃO_COMERCIAL
100
AcDbLine
 10
-45224.51883971214
 20
56419.384838752405
 30
0.0
 11
-45224.51749404997
 21
56419.54483309353
 31
0.0
  0
LINE
  5
49A
330
17
100
AcDbEntity
  8
FIAÇÃO_COMERCIAL
100
AcDbLine
 10
-45224.54749298893
 20
56419.54508540519
 30
0.0
 11
-45224.48749511101
 21
56419.544580781876
 31
0.0
  0
TEXT
  5
49B
330
17
100
AcDbEntity
  8
FIAÇÃO_COMERCIAL
100
AcDbText
 10
-45224.86000376579
 20
56419.55876716134
 30
0.0
 40
0.06
  1
2#2.5
 50
-83.54273493986403
 72
2
 11
-45224.86000376579
 21
56419.55876716134
 31
0.0
100
AcDbText
 73
2
  0
TEXT
  5
49C
330
17
100
AcDbEntity
  8
FIAÇÃO_COMERCIAL
100
AcDbText
 10
-45224.83526210126
 20
56419.340162838336
 30
0.0
 40
0.06
  1
09
 50
-83.54273493986403
 11
-45224.83526210126
 21
56419.340162838336
 31
0.0
100
AcDbText
 73
2
  0
TEXT
  5
49D
330
17
100
AcDbEntity
  8
FIAÇÃO_COMERCIAL
100
AcDbText
 10
-45224.67385882924
 20
56419.572122876474
 30
0.0
 40
0.06
  1
2#2.5
 50
-87.01231019921758
 72
2
 11
-45224.67385882924
 21
56419.572122876474
 31
0.0
100
AcDbText
 73
2
  0
TEXT
  5
49E
330
17
100
AcDbEntity
  8
FIAÇÃO_COMERCIAL
100
AcDbText
 10
-45224.662392122125
 20
56419.352421910095
 30
0.0
 40
0.06
  1
36
 50
-87.01231019921758
 11
-45224.662392122125
 21
56419.352421910095
 31
0.0
100
AcDbText
 73
2
  0
TEXT
  5
49F
330
17
100
AcDbEntity
  8
FIAÇÃO_COMERCIAL
100
AcDbText
 10
-45224.51724173832
 20
56419.57483203249
 30
0.0
 40
0.06
  1
1#2.5
 50
89.51811455306078
 11
-45224.51724173832
 21
56419.57483203249
 31
0.0
100
AcDbText
 73
2
  0
LINE
  5
4A0
330
17
100
AcDbEntity
  8
FIAÇÃO_COMERCIAL
100
AcDbLine
 10
-45226.571787241344
 20
56417.92772178694
 30
0.0
 11
-45226.56945344581
 21
56418.08770476541
 31
0.0
  0
LINE
  5
4A1
330
17
100
AcDbEntity
  8
FIAÇÃO_COMERCIAL
100
AcDbLine
 10
-45226.63003527215
 20
56417.92792024941
 30
0.0
 11
-45226.631202200886
 21
56418.087915993965
 31
0.0
  0
LINE
  5
4A2
330
17
100
AcDbEntity
  8
FIAÇÃO_COMERCIAL
100
AcDbLine
 10
-45226.631202200886
 20
56418.087915993965
 30
0.0
 11
-45226.59120326475
 21
56418.08820772615
 31
0.0
  0
LINE
  5
4A3
330
17
100
AcDbEntity
  8
FIAÇÃO_COMERCIAL
100
AcDbLine
 10
-45226.74647489428
 20
56417.92450177412
 30
0.0
 11
-45226.754639920015
 21
56418.084293301916
 31
0.0
  0
LINE
  5
4A4
330
17
100
AcDbEntity
  8
FIAÇÃO_COMERCIAL
100
AcDbLine
 10
-45226.804610957755
 20
56417.920886466614
 30
0.0
 11
-45226.816270006224
 21
56418.080461109304
 31
0.0
  0
LINE
  5
4A5
330
17
100
AcDbEntity
  8
FIAÇÃO_COMERCIAL
100
AcDbLine
 10
-45226.816270006224
 20
56418.080461109304
 30
0.0
 11
-45226.77637634555
 21
56418.08337587142
 31
0.0
  0
LINE
  5
4A6
330
17
100
AcDbEntity
  8
FIAÇÃO_COMERCIAL
100
AcDbLine
 10
-45226.920576983146
 20
56417.909852331446
 30
0.0
 11
-45226.93920566264
 21
56418.068764169584
 31
0.0
  0
LINE
  5
4A7
330
17
100
AcDbEntity
  8
FIAÇÃO_COMERCIAL
100
AcDbLine
 10
-45226.909409692984
 20
56418.07225704699
 30
0.0
 11
-45226.96900163229
 21
56418.06527129218
 31
0.0
  0
TEXT
  5
4A8
330
17
100
AcDbEntity
  8
FIAÇÃO_COMERCIAL
100
AcDbText
 10
-45226.599015055624
 20
56418.117803996625
 30
0.0
 40
0.06
  1
2#2.5
 50
89.16424139961575
 11
-45226.599015055624
 21
56418.117803996625
 31
0.0
100
AcDbText
 73
2
  0
TEXT
  5
4A9
330
17
100
AcDbEntity
  8
FIAÇÃO_COMERCIAL
100
AcDbText
 10
-45226.60222402447
 20
56417.89782740124
 30
0.0
 40
0.06
  1
09
 50
89.16424139961575
 72
2
 11
-45226.60222402447
 21
56417.89782740124
 31
0.0
100
AcDbText
 73
2
  0
TEXT
  5
4AA
330
17
100
AcDbEntity
  8
FIAÇÃO_COMERCIAL
100
AcDbText
 10
-45226.786112399765
 20
56418.11239233835
 30
0.0
 40
0.06
  1
2#2.5
 50
-87.07484498079563
 72
2
 11
-45226.786112399765
 21
56418.11239233835
 31
0.0
100
AcDbText
 73
2
  0
TEXT
  5
4AB
330
17
100
AcDbEntity
  8
FIAÇÃO_COMERCIAL
100
AcDbText
 10
-45226.77488548938
 20
56417.892678987635
 30
0.0
 40
0.06
  1
36
 50
-87.07484498079563
 11
-45226.77488548938
 21
56417.892678987635
 31
0.0
100
AcDbText
 73
2
  0
TEXT
  5
4AC
330
17
100
AcDbEntity
  8
FIAÇÃO_COMERCIAL
100
AcDbText
 10
-45226.94269854004
 20
56418.09856013924
 30
0.0
 40
0.06
  1
1#2.5
 50
-83.31393131875511
 72
2
 11
-45226.94269854004
 21
56418.09856013924
 31
0.0
100
AcDbText
 73
2
  0
LINE
  5
4AD
330
17
100
AcDbEntity
  8
FIAÇÃO_COMERCIAL
100
AcDbLine
 10
-45241.06280943451
 20
56423.90120624463
 30
0.0
 11
-45240.95263191171
 21
56423.78518506781
 31
0.0
  0
LINE
  5
4AE
330
17
100
AcDbEntity
  8
FIAÇÃO_COMERCIAL
100
AcDbLine
 10
-45241.105968877055
 20
56423.8605877579
 30
0.0
 11
-45240.996858421866
 21
56423.74356251033
 31
0.0
  0
LINE
  5
4AF
330
17
100
AcDbEntity
  8
FIAÇÃO_COMERCIAL
100
AcDbLine
 10
-45240.996858421866
 20
56423.74356251033
 30
0.0
 11
-45240.96760210997
 21
56423.77084012413
 31
0.0
  0
LINE
  5
4B0
330
17
100
AcDbEntity
  8
FIAÇÃO_COMERCIAL
100
AcDbLine
 10
-45241.193393422356
 20
56423.78054370266
 30
0.0
 11
-45241.08644446161
 21
56423.66153983803
 31
0.0
  0
LINE
  5
4B1
330
17
100
AcDbEntity
  8
FIAÇÃO_COMERCIAL
100
AcDbLine
 10
-45241.23765120883
 20
56423.741124832784
 30
0.0
 11
-45241.13179649387
 21
56423.62114658758
 31
0.0
  0
LINE
  5
4B2
330
17
100
AcDbEntity
  8
FIAÇÃO_COMERCIAL
100
AcDbLine
 10
-45241.13179649387
 20
56423.62114658758
 30
0.0
 11
-45241.10180193257
 21
56423.64761026632
 31
0.0
  0
LINE
  5
4B3
330
17
100
AcDbEntity
  8
FIAÇÃO_COMERCIAL
100
AcDbLine
 10
-45241.327239291175
 20
56423.663509902064
 30
0.0
 11
-45241.223599605844
 21
56423.541613160414
 31
0.0
  0
LINE
  5
4B4
330
17
100
AcDbEntity
  8
FIAÇÃO_COMERCIAL
100
AcDbLine
 10
-45241.20074396679
 20
56423.56104560141
 30
0.0
 11
-45241.2464552449
 21
56423.52218071942
 31
0.0
  0
TEXT
  5
4B5
330
17
100
AcDbEntity
  8
FIAÇÃO_COMERCIAL
100
AcDbText
 10
-45240.95382011436
 20
56423.742870836104
 30
0.0
 40
0.06
  1
2#4.0
 50
-46.47985933043083
 11
-45240.95382011436
 21
56423.742870836104
 31
0.0
100
AcDbText
 73
2
  0
TEXT
  5
4B6
330
17
100
AcDbEntity
  8
FIAÇÃO_COMERCIAL
100
AcDbText
 10
-45241.10531420821
 20
56423.90239995423
 30
0.0
 40
0.06
  1
31
 50
-46.47985933043083
 72
2
 11
-45241.10531420821
 21
56423.90239995423
 31
0.0
100
AcDbText
 73
2
  0
TEXT
  5
4B7
330
17
100
AcDbEntity
  8
FIAÇÃO_COMERCIAL
100
AcDbText
 10
-45241.08879398616
 20
56423.61927358333
 30
0.0
 40
0.06
  1
2#1.5
 50
-48.053915813319264
 11
-45241.08879398616
 21
56423.61927358333
 31
0.0
100
AcDbText
 73
2
  0
TEXT
  5
4B8
330
17
100
AcDbEntity
  8
FIAÇÃO_COMERCIAL
100
AcDbText
 10
-45241.23584880718
 20
56423.7829038972
 30
0.0
 40
0.06
  1
43
 50
-48.053915813319264
 72
2
 11
-45241.23584880718
 21
56423.7829038972
 31
0.0
100
AcDbText
 73
2
  0
TEXT
  5
4B9
330
17
100
AcDbEntity
  8
FIAÇÃO_COMERCIAL
100
AcDbText
 10
-45241.20416716485
 20
56423.51875752135
 30
0.0
 40
0.06
  1
1#4.0
 50
-49.62797236769875
 11
-45241.20416716485
 21
56423.51875752135
 31
0.0
100
AcDbText
 73
2
  0
LINE
  5
4BA
330
17
100
AcDbEntity
  8
FIAÇÃO_COMERCIAL
100
AcDbLine
 10
-45237.43634452964
 20
56418.1897225682
 30
0.0
 11
-45237.49985648435
 21
56418.336577025424
 31
0.0
  0
LINE
  5
4BB
330
17
100
AcDbEntity
  8
FIAÇÃO_COMERCIAL
100
AcDbLine
 10
-45237.49028603027
 20
56418.16602366542
 30
0.0
 11
-45237.55577762956
 21
56418.31200602881
 31
0.0
  0
LINE
  5
4BC
330
17
100
AcDbEntity
  8
FIAÇÃO_COMERCIAL
100
AcDbLine
 10
-45237.55577762956
 20
56418.31200602881
 30
0.0
 11
-45237.51928203871
 21
56418.328378928636
 31
0.0
  0
LINE
  5
4BD
330
17
100
AcDbEntity
  8
FIAÇÃO_COMERCIAL
100
AcDbLine
 10
-45237.59718798677
 20
56418.1164591636
 30
0.0
 11
-45237.666602600846
 21
56418.26061744935
 31
0.0
  0
LINE
  5
4BE
330
17
100
AcDbEntity
  8
FIAÇÃO_COMERCIAL
100
AcDbLine
 10
-45237.65029024693
 20
56418.09052176445
 30
0.0
 11
-45237.72132463504
 21
56418.23388883077
 31
0.0
  0
LINE
  5
4BF
330
17
100
AcDbEntity
  8
FIAÇÃO_COMERCIAL
100
AcDbLine
 10
-45237.72132463504
 20
56418.23388883077
 30
0.0
 11
-45237.68548286846
 21
56418.251647427795
 31
0.0
  0
LINE
  5
4C0
330
17
100
AcDbEntity
  8
FIAÇÃO_COMERCIAL
100
AcDbLine
 10
-45237.75510192569
 20
56418.03667774638
 30
0.0
 11
-45237.82998659187
 21
56418.17807182961
 31
0.0
  0
LINE
  5
4C1
330
17
100
AcDbEntity
  8
FIAÇÃO_COMERCIAL
100
AcDbLine
 10
-45237.80347520126
 20
56418.19211270451
 30
0.0
 11
-45237.85649798247
 21
56418.1640309547
 31
0.0
  0
TEXT
  5
4C2
330
17
100
AcDbEntity
  8
FIAÇÃO_COMERCIAL
100
AcDbText
 10
-45237.53923063732
 20
56418.35204476131
 30
0.0
 40
0.06
  1
2#4.0
 50
-66.61237148270446
 72
2
 11
-45237.53923063732
 21
56418.35204476131
 31
0.0
100
AcDbText
 73
2
  0
TEXT
  5
4C3
330
17
100
AcDbEntity
  8
FIAÇÃO_COMERCIAL
100
AcDbText
 10
-45237.451901699584
 20
56418.150119882615
 30
0.0
 40
0.06
  1
10
 50
-66.61237148270446
 11
-45237.451901699584
 21
56418.150119882615
 31
0.0
100
AcDbText
 73
2
  0
TEXT
  5
4C4
330
17
100
AcDbEntity
  8
FIAÇÃO_COMERCIAL
100
AcDbText
 10
-45237.70657391457
 20
56418.2744806235
 30
0.0
 40
0.06
  1
2#2.5
 50
-64.28841069279648
 72
2
 11
-45237.70657391457
 21
56418.2744806235
 31
0.0
100
AcDbText
 73
2
  0
TEXT
  5
4C5
330
17
100
AcDbEntity
  8
FIAÇÃO_COMERCIAL
100
AcDbText
 10
-45237.611128820216
 20
56418.07626298058
 30
0.0
 40
0.06
  1
33
 50
-64.28841069279648
 11
-45237.611128820216
 21
56418.07626298058
 31
0.0
100
AcDbText
 73
2
  0
TEXT
  5
4C6
330
17
100
AcDbEntity
  8
FIAÇÃO_COMERCIAL
100
AcDbText
 10
-45237.844027466774
 20
56418.20458322021
 30
0.0
 40
0.06
  1
1#4.0
 50
-62.0935588506473
 72
2
 11
-45237.844027466774
 21
56418.20458322021
 31
0.0
100
AcDbText
 73
2
  0
LINE
  5
4C7
330
17
100
AcDbEntity
  8
FIAÇÃO_COMERCIAL
100
AcDbLine
 10
-45242.33881937211
 20
56419.150689126116
 30
0.0
 11
-45242.30598723917
 21
56419.30728430818
 31
0.0
  0
LINE
  5
4C8
330
17
100
AcDbEntity
  8
FIAÇÃO_COMERCIAL
100
AcDbLine
 10
-45242.27851223565
 20
56419.138596250144
 30
0.0
 11
-45242.24863871144
 21
56419.29578267625
 31
0.0
  0
LINE
  5
4C9
330
17
100
AcDbEntity
  8
FIAÇÃO_COMERCIAL
100
AcDbLine
 10
-45242.24863871144
 20
56419.29578267625
 30
0.0
 11
-45242.28793531797
 21
56419.3032510573
 31
0.0
  0
LINE
  5
4CA
330
17
100
AcDbEntity
  8
FIAÇÃO_COMERCIAL
100
AcDbLine
 10
-45242.157267581824
 20
56419.1178322878
 30
0.0
 11
-45242.13334208688
 21
56419.276033332964
 31
0.0
  0
LINE
  5
4CB
330
17
100
AcDbEntity
  8
FIAÇÃO_COMERCIAL
100
AcDbLine
 10
-45242.096373176384
 20
56419.109168584626
 30
0.0
 11
-45242.07543498706
 21
56419.267792644045
 31
0.0
  0
LINE
  5
4CC
330
17
100
AcDbEntity
  8
FIAÇÃO_COMERCIAL
100
AcDbLine
 10
-45242.07543498706
 20
56419.267792644045
 30
0.0
 11
-45242.11509100192
 21
56419.273027191375
 31
0.0
  0
LINE
  5
4CD
330
17
100
AcDbEntity
  8
FIAÇÃO_COMERCIAL
100
AcDbLine
 10
-45241.97414846467
 20
56419.09529313634
 30
0.0
 11
-45241.95920615724
 21
56419.25459388163
 31
0.0
  0
LINE
  5
4CE
330
17
100
AcDbEntity
  8
FIAÇÃO_COMERCIAL
100
AcDbLine
 10
-45241.98907504698
 20
56419.25739556427
 30
0.0
 11
-45241.9293372675
 21
56419.25179219899
 31
0.0
  0
TEXT
  5
4CF
330
17
100
AcDbEntity
  8
FIAÇÃO_COMERCIAL
100
AcDbText
 10
-45242.2704172982
 20
56419.33074727785
 30
0.0
 40
0.06
  1
2#4.0
 50
78.15874425353563
 11
-45242.2704172982
 21
56419.33074727785
 31
0.0
100
AcDbText
 73
2
  0
TEXT
  5
4D0
330
17
100
AcDbEntity
  8
FIAÇÃO_COMERCIAL
100
AcDbText
 10
-45242.31556148099
 20
56419.11542890251
 30
0.0
 40
0.06
  1
10
 50
78.15874425353563
 72
2
 11
-45242.31556148099
 21
56419.11542890251
 31
0.0
100
AcDbText
 73
2
  0
TEXT
  5
4D1
330
17
100
AcDbEntity
  8
FIAÇÃO_COMERCIAL
100
AcDbText
 10
-45242.09915568027
 20
56419.30146993091
 30
0.0
 40
0.06
  1
2#2.5
 50
81.40005795218606
 11
-45242.09915568027
 21
56419.30146993091
 31
0.0
100
AcDbText
 73
2
  0
TEXT
  5
4D2
330
17
100
AcDbEntity
  8
FIAÇÃO_COMERCIAL
100
AcDbText
 10
-45242.132053235815
 20
56419.08394349381
 30
0.0
 40
0.06
  1
32
 50
81.40005795218606
 72
2
 11
-45242.132053235815
 21
56419.08394349381
 31
0.0
100
AcDbText
 73
2
  0
TEXT
  5
4D3
330
17
100
AcDbEntity
  8
FIAÇÃO_COMERCIAL
100
AcDbText
 10
-45241.9564044746
 20
56419.28446277137
 30
0.0
 40
0.06
  1
1#4.0
 50
84.64137167692192
 11
-45241.9564044746
 21
56419.28446277137
 31
0.0
100
AcDbText
 73
2
  0
LINE
  5
4D4
330
17
100
AcDbEntity
  8
FIAÇÃO_COMERCIAL
100
AcDbLine
 10
-45254.33041365327
 20
56422.29677212585
 30
0.0
 11
-45254.31660363609
 21
56422.45617502238
 31
0.0
  0
LINE
  5
4D5
330
17
100
AcDbEntity
  8
FIAÇÃO_COMERCIAL
100
AcDbLine
 10
-45254.388945513485
 20
56422.30135648744
 30
0.0
 11
-45254.377704005085
 21
56422.4609610879
 31
0.0
  0
LINE
  5
4D6
330
17
100
AcDbEntity
  8
FIAÇÃO_COMERCIAL
100
AcDbLine
 10
-45254.377704005085
 20
56422.4609610879
 30
0.0
 11
-45254.33780285497
 21
56422.4581507108
 31
0.0
  0
LINE
  5
4D7
330
17
100
AcDbEntity
  8
FIAÇÃO_COMERCIAL
100
AcDbLine
 10
-45254.50619198082
 20
56422.30770951003
 30
0.0
 11
-45254.500095567695
 21
56422.46759332331
 31
0.0
  0
LINE
  5
4D8
330
17
100
AcDbEntity
  8
FIAÇÃO_COMERCIAL
100
AcDbLine
 10
-45254.56487649751
 20
56422.3094765406
 30
0.0
 11
-45254.56135533678
 21
56422.469437790365
 31
0.0
  0
LINE
  5
4D9
330
17
100
AcDbEntity
  8
FIAÇÃO_COMERCIAL
100
AcDbLine
 10
-45254.56135533678
 20
56422.469437790365
 30
0.0
 11
-45254.52136502434
 21
56422.46855750018
 31
0.0
  0
LINE
  5
4DA
330
17
100
AcDbEntity
  8
FIAÇÃO_COMERCIAL
100
AcDbLine
 10
-45254.68229279601
 20
56422.310189372896
 30
0.0
 11
-45254.68392421121
 21
56422.47018105545
 31
0.0
  0
LINE
  5
4DB
330
17
100
AcDbEntity
  8
FIAÇÃO_COMERCIAL
100
AcDbLine
 10
-45254.65392577073
 20
56422.4704869458
 30
0.0
 11
-45254.71392265169
 21
56422.469875165094
 31
0.0
  0
TEXT
  5
4DC
330
17
100
AcDbEntity
  8
FIAÇÃO_COMERCIAL
100
AcDbText
 10
-45254.34392231517
 20
56422.488405672266
 30
0.0
 40
0.06
  1
2#2.5
 50
85.04849083854725
 11
-45254.34392231517
 21
56422.488405672266
 31
0.0
100
AcDbText
 73
2
  0
TEXT
  5
4DD
330
17
100
AcDbEntity
  8
FIAÇÃO_COMERCIAL
100
AcDbText
 10
-45254.36291108879
 20
56422.26922668952
 30
0.0
 40
0.06
  1
08
 50
85.04849083854725
 72
2
 11
-45254.36291108879
 21
56422.26922668952
 31
0.0
100
AcDbText
 73
2
  0
TEXT
  5
4DE
330
17
100
AcDbEntity
  8
FIAÇÃO_COMERCIAL
100
AcDbText
 10
-45254.52893856167
 20
56422.4984744127
 30
0.0
 40
0.06
  1
2#4.0
 50
87.81635426904643
 11
-45254.52893856167
 21
56422.4984744127
 31
0.0
100
AcDbText
 73
2
  0
TEXT
  5
4DF
330
17
100
AcDbEntity
  8
FIAÇÃO_COMERCIAL
100
AcDbText
 10
-45254.537321129734
 20
56422.278634169445
 30
0.0
 40
0.06
  1
31
 50
87.81635426904643
 72
2
 11
-45254.537321129734
 21
56422.278634169445
 31
0.0
100
AcDbText
 73
2
  0
TEXT
  5
4E0
330
17
100
AcDbEntity
  8
FIAÇÃO_COMERCIAL
100
AcDbText
 10
-45254.684230101564
 20
56422.500179495924
 30
0.0
 40
0.06
  1
1#4.0
 50
-89.4157823396502
 72
2
 11
-45254.684230101564
 21
56422.500179495924
 31
0.0
100
AcDbText
 73
2
  0
LINE
  5
4E1
330
17
100
AcDbEntity
  8
FIAÇÃO_COMERCIAL
100
AcDbLine
 10
-45227.05151833416
 20
56419.393061257964
 30
0.0
 11
-45227.033524396335
 21
56419.23407629578
 31
0.0
  0
LINE
  5
4E2
330
17
100
AcDbEntity
  8
FIAÇÃO_COMERCIAL
100
AcDbLine
 10
-45227.109603443416
 20
56419.38715910383
 30
0.0
 11
-45227.09482209195
 21
56419.227843343004
 31
0.0
  0
LINE
  5
4E3
330
17
100
AcDbEntity
  8
FIAÇÃO_COMERCIAL
100
AcDbLine
 10
-45227.09482209195
 20
56419.227843343004
 30
0.0
 11
-45227.054993151745
 21
56419.23153868087
 31
0.0
  0
LINE
  5
4E4
330
17
100
AcDbEntity
  8
FIAÇÃO_COMERCIAL
100
AcDbLine
 10
-45227.22607015389
 20
56419.37885307773
 30
0.0
 11
-45227.21773073054
 21
56419.21907055673
 31
0.0
  0
LINE
  5
4E5
330
17
100
AcDbEntity
  8
FIAÇÃO_COMERCIAL
100
AcDbLine
 10
-45227.28440495946
 20
56419.37645254235
 30
0.0
 11
-45227.279292253355
 21
56419.216534249965
 31
0.0
  0
LINE
  5
4E6
330
17
100
AcDbEntity
  8
FIAÇÃO_COMERCIAL
100
AcDbLine
 10
-45227.279292253355
 20
56419.216534249965
 30
0.0
 11
-45227.23931268026
 21
56419.21781242649
 31
0.0
  0
LINE
  5
4E7
330
17
100
AcDbEntity
  8
FIAÇÃO_COMERCIAL
100
AcDbLine
 10
-45227.40116028785
 20
56419.375161247575
 30
0.0
 11
-45227.40250595002
 21
56419.21516690645
 31
0.0
  0
LINE
  5
4E8
330
17
100
AcDbEntity
  8
FIAÇÃO_COMERCIAL
100
AcDbLine
 10
-45227.37250701106
 20
56419.21491459479
 30
0.0
 11
-45227.43250488898
 21
56419.215419218104
 31
0.0
  0
TEXT
  5
4E9
330
17
100
AcDbEntity
  8
FIAÇÃO_COMERCIAL
100
AcDbText
 10
-45227.0599962342
 20
56419.20123283864
 30
0.0
 40
0.06
  1
2#2.5
 50
-83.54273493986402
 11
-45227.0599962342
 21
56419.20123283864
 31
0.0
100
AcDbText
 73
2
  0
TEXT
  5
4EA
330
17
100
AcDbEntity
  8
FIAÇÃO_COMERCIAL
100
AcDbText
 10
-45227.08473789873
 20
56419.419837161644
 30
0.0
 40
0.06
  1
09
 50
-83.54273493986402
 72
2
 11
-45227.08473789873
 21
56419.419837161644
 31
0.0
100
AcDbText
 73
2
  0
TEXT
  5
4EB
330
17
100
AcDbEntity
  8
FIAÇÃO_COMERCIAL
100
AcDbText
 10
-45227.246141170755
 20
56419.187877123506
 30
0.0
 40
0.06
  1
2#2.5
 50
-87.0123101992176
 11
-45227.246141170755
 21
56419.187877123506
 31
0.0
100
AcDbText
 73
2
  0
TEXT
  5
4EC
330
17
100
AcDbEntity
  8
FIAÇÃO_COMERCIAL
100
AcDbText
 10
-45227.25760787787
 20
56419.407578089886
 30
0.0
 40
0.06
  1
36
 50
-87.0123101992176
 72
2
 11
-45227.25760787787
 21
56419.407578089886
 31
0.0
100
AcDbText
 73
2
  0
TEXT
  5
4ED
330
17
100
AcDbEntity
  8
FIAÇÃO_COMERCIAL
100
AcDbText
 10
-45227.40275826167
 20
56419.18516796749
 30
0.0
 40
0.06
  1
1#2.5
 50
89.5181145530608
 72
2
 11
-45227.40275826167
 21
56419.18516796749
 31
0.0
100
AcDbText
 73
2
  0
LINE
  5
4EE
330
17
100
AcDbEntity
  8
FIAÇÃO_COMERCIAL
100
AcDbLine
 10
-45234.26368478122
 20
56417.78451414144
 30
0.0
 11
-45234.23806875644
 21
56417.942450265466
 31
0.0
  0
LINE
  5
4EF
330
17
100
AcDbEntity
  8
FIAÇÃO_COMERCIAL
100
AcDbLine
 10
-45234.203292077895
 20
56417.775126062545
 30
0.0
 11
-45234.17988673584
 21
56417.93340489866
 31
0.0
  0
LINE
  5
4F0
330
17
100
AcDbEntity
  8
FIAÇÃO_COMERCIAL
100
AcDbLine
 10
-45234.17988673584
 20
56417.93340489866
 30
0.0
 11
-45234.219456444866
 21
56417.939256234175
 31
0.0
  0
LINE
  5
4F1
330
17
100
AcDbEntity
  8
FIAÇÃO_COMERCIAL
100
AcDbLine
 10
-45234.08214395611
 20
56417.75887586668
 30
0.0
 11
-45234.063173272836
 21
56417.91774723974
 31
0.0
  0
LINE
  5
4F2
330
17
100
AcDbEntity
  8
FIAÇÃO_COMERCIAL
100
AcDbLine
 10
-45234.02141200478
 20
56417.752016897604
 30
0.0
 11
-45234.004664430824
 21
56417.911137979696
 31
0.0
  0
LINE
  5
4F3
330
17
100
AcDbEntity
  8
FIAÇÃO_COMERCIAL
100
AcDbLine
 10
-45234.004664430824
 20
56417.911137979696
 30
0.0
 11
-45234.04444470135
 21
56417.91532487318
 31
0.0
  0
LINE
  5
4F4
330
17
100
AcDbEntity
  8
FIAÇÃO_COMERCIAL
100
AcDbLine
 10
-45233.899691140236
 20
56417.740837860365
 30
0.0
 11
-45233.88739917142
 21
56417.90036499756
 31
0.0
  0
LINE
  5
4F5
330
17
100
AcDbEntity
  8
FIAÇÃO_COMERCIAL
100
AcDbLine
 10
-45233.91731050965
 20
56417.90266974171
 30
0.0
 11
-45233.85748783319
 21
56417.89806025341
 31
0.0
  0
TEXT
  5
4F6
330
17
100
AcDbEntity
  8
FIAÇÃO_COMERCIAL
100
AcDbText
 10
-45234.20362207081
 20
56417.9674549273
 30
0.0
 40
0.06
  1
2#2.5
 50
80.78729038690786
 11
-45234.20362207081
 21
56417.9674549273
 31
0.0
100
AcDbText
 73
2
  0
TEXT
  5
4F7
330
17
100
AcDbEntity
  8
FIAÇÃO_COMERCIAL
100
AcDbText
 10
-45234.23884410488
 20
56417.75029275675
 30
0.0
 40
0.06
  1
34
 50
80.78729038690786
 72
2
 11
-45234.23884410488
 21
56417.75029275675
 31
0.0
100
AcDbText
 73
2
  0
TEXT
  5
4F8
330
17
100
AcDbEntity
  8
FIAÇÃO_COMERCIAL
100
AcDbText
 10
-45234.02980607138
 20
56417.94416856491
 30
0.0
 40
0.06
  1
2#2.5
 50
83.19060594869008
 11
-45234.02980607138
 21
56417.94416856491
 31
0.0
100
AcDbText
 73
2
  0
TEXT
  5
4F9
330
17
100
AcDbEntity
  8
FIAÇÃO_COMERCIAL
100
AcDbText
 10
-45234.055890760894
 20
56417.725720426955
 30
0.0
 40
0.06
  1
42
 50
83.19060594869008
 72
2
 11
-45234.055890760894
 21
56417.725720426955
 31
0.0
100
AcDbText
 73
2
  0
TEXT
  5
4FA
330
17
100
AcDbEntity
  8
FIAÇÃO_COMERCIAL
100
AcDbText
 10
-45233.88509442726
 20
56417.930276335785
 30
0.0
 40
0.06
  1
1#2.5
 50
85.59392148619919
 11
-45233.88509442726
 21
56417.930276335785
 31
0.0
100
AcDbText
 73
2
  0
LINE
  5
4FB
330
17
100
AcDbEntity
  8
FIAÇÃO_COMERCIAL
100
AcDbLine
 10
-45249.68030760501
 20
56422.31028026025
 30
0.0
 11
-45249.68125260022
 21
56422.47027746955
 31
0.0
  0
LINE
  5
4FC
330
17
100
AcDbEntity
  8
FIAÇÃO_COMERCIAL
100
AcDbLine
 10
-45249.73901202465
 20
56422.309390944174
 30
0.0
 11
-45249.74253318538
 21
56422.46935219394
 31
0.0
  0
LINE
  5
4FD
330
17
100
AcDbEntity
  8
FIAÇÃO_COMERCIAL
100
AcDbLine
 10
-45249.74253318538
 20
56422.46935219394
 30
0.0
 11
-45249.70254287294
 21
56422.47023248413
 31
0.0
  0
LINE
  5
4FE
330
17
100
AcDbEntity
  8
FIAÇÃO_COMERCIAL
100
AcDbLine
 10
-45249.8563404473
 20
56422.30479183167
 30
0.0
 11
-45249.865010532136
 21
56422.46455675157
 31
0.0
  0
LINE
  5
4FF
330
17
100
AcDbEntity
  8
FIAÇÃO_COMERCIAL
100
AcDbLine
 10
-45249.914934338834
 20
56422.30108321591
 30
0.0
 11
-45249.926175847235
 21
56422.46068781637
 31
0.0
  0
LINE
  5
500
330
17
100
AcDbEntity
  8
FIAÇÃO_COMERCIAL
100
AcDbLine
 10
-45249.926175847235
 20
56422.46068781637
 30
0.0
 11
-45249.88627469712
 21
56422.463498193465
 31
0.0
  0
LINE
  5
501
330
17
100
AcDbEntity
  8
FIAÇÃO_COMERCIAL
100
AcDbLine
 10
-45250.031906297816
 20
56422.290852624785
 30
0.0
 11
-45250.04828124273
 21
56422.45001248524
 31
0.0
  0
LINE
  5
502
330
17
100
AcDbEntity
  8
FIAÇÃO_COMERCIAL
100
AcDbLine
 10
-45250.01843876889
 20
56422.45308278741
 30
0.0
 11
-45250.078123716565
 21
56422.44694218307
 31
0.0
  0
TEXT
  5
503
330
17
100
AcDbEntity
  8
FIAÇÃO_COMERCIAL
100
AcDbText
 10
-45249.71142603802
 20
56422.49982329837
 30
0.0
 40
0.06
  1
2#2.5
 50
-89.66159655264391
 72
2
 11
-45249.71142603802
 21
56422.49982329837
 31
0.0
100
AcDbText
 73
2
  0
TEXT
  5
504
330
17
100
AcDbEntity
  8
FIAÇÃO_COMERCIAL
100
AcDbText
 10
-45249.71012666961
 20
56422.27982713558
 30
0.0
 40
0.06
  1
08
 50
-89.66159655264391
 11
-45249.71012666961
 21
56422.27982713558
 31
0.0
100
AcDbText
 73
2
  0
TEXT
  5
505
330
17
100
AcDbEntity
  8
FIAÇÃO_COMERCIAL
100
AcDbText
 10
-45249.8965759747
 20
56422.49261828631
 30
0.0
 40
0.06
  1
2#4.0
 50
-86.89373312375241
 72
2
 11
-45249.8965759747
 21
56422.49261828631
 31
0.0
100
AcDbText
 73
2
  0
TEXT
  5
506
330
17
100
AcDbEntity
  8
FIAÇÃO_COMERCIAL
100
AcDbText
 10
-45249.88465460805
 20
56422.272941521456
 30
0.0
 40
0.06
  1
31
 50
-86.89373312375241
 11
-45249.88465460805
 21
56422.272941521456
 31
0.0
100
AcDbText
 73
2
  0
TEXT
  5
507
330
17
100
AcDbEntity
  8
FIAÇÃO_COMERCIAL
100
AcDbText
 10
-45250.0513515449
 20
56422.47985495908
 30
0.0
 40
0.06
  1
1#4.0
 50
-84.12586975492188
 72
2
 11
-45250.0513515449
 21
56422.47985495908
 31
0.0
100
AcDbText
 73
2
  0
LINE
  5
508
330
17
100
AcDbEntity
  8
FIAÇÃO_COMERCIAL
100
AcDbLine
 10
-45226.082499763914
 20
56419.377745299076
 30
0.0
 11
-45226.08922617127
 21
56419.217886750834
 31
0.0
  0
LINE
  5
509
330
17
100
AcDbEntity
  8
FIAÇÃO_COMERCIAL
100
AcDbLine
 10
-45226.14080447282
 20
56419.38078993191
 30
0.0
 11
-45226.15075606283
 21
56419.2210997135
 31
0.0
  0
LINE
  5
50A
330
17
100
AcDbEntity
  8
FIAÇÃO_COMERCIAL
100
AcDbLine
 10
-45226.15075606283
 20
56419.2210997135
 30
0.0
 11
-45226.110833508224
 21
56419.218611815995
 31
0.0
  0
LINE
  5
50B
330
17
100
AcDbEntity
  8
FIAÇÃO_COMERCIAL
100
AcDbLine
 10
-45226.257171828154
 20
56419.39038684167
 30
0.0
 11
-45226.27356030753
 21
56419.231228374265
 31
0.0
  0
LINE
  5
50C
330
17
100
AcDbEntity
  8
FIAÇÃO_COMERCIAL
100
AcDbLine
 10
-45226.315187580396
 20
56419.39693525126
 30
0.0
 11
-45226.33478514391
 21
56419.23813998841
 31
0.0
  0
LINE
  5
50D
330
17
100
AcDbEntity
  8
FIAÇÃO_COMERCIAL
100
AcDbLine
 10
-45226.33478514391
 20
56419.23813998841
 30
0.0
 11
-45226.295086328195
 21
56419.23324059753
 31
0.0
  0
LINE
  5
50E
330
17
100
AcDbEntity
  8
FIAÇÃO_COMERCIAL
100
AcDbLine
 10
-45226.43076634641
 20
56419.41351878684
 30
0.0
 11
-45226.45675682009
 21
56419.255643851284
 31
0.0
  0
LINE
  5
50F
330
17
100
AcDbEntity
  8
FIAÇÃO_COMERCIAL
100
AcDbLine
 10
-45226.42715526967
 20
56419.25077063747
 30
0.0
 11
-45226.48635837051
 21
56419.2605170651
 31
0.0
  0
TEXT
  5
510
330
17
100
AcDbEntity
  8
FIAÇÃO_COMERCIAL
100
AcDbText
 10
-45226.12044602277
 20
56419.18947767191
 30
0.0
 40
0.06
  1
2#2.5
 50
87.59057271721994
 72
2
 11
-45226.12044602277
 21
56419.18947767191
 31
0.0
100
AcDbText
 73
2
  0
TEXT
  5
511
330
17
100
AcDbEntity
  8
FIAÇÃO_COMERCIAL
100
AcDbText
 10
-45226.11119721266
 20
56419.409283175744
 30
0.0
 40
0.06
  1
09
 50
87.59057271721994
 11
-45226.11119721266
 21
56419.409283175744
 31
0.0
100
AcDbText
 73
2
  0
TEXT
  5
512
330
17
100
AcDbEntity
  8
FIAÇÃO_COMERCIAL
100
AcDbText
 10
-45226.30644329456
 20
56419.20475116756
 30
0.0
 40
0.06
  1
2#2.5
 50
84.1209974786223
 72
2
 11
-45226.30644329456
 21
56419.20475116756
 31
0.0
100
AcDbText
 73
2
  0
TEXT
  5
513
330
17
100
AcDbEntity
  8
FIAÇÃO_COMERCIAL
100
AcDbText
 10
-45226.28390913543
 20
56419.42359406024
 30
0.0
 40
0.06
  1
36
 50
84.1209974786223
 11
-45226.28390913543
 21
56419.42359406024
 31
0.0
100
AcDbText
 73
2
  0
TEXT
  5
514
330
17
100
AcDbEntity
  8
FIAÇÃO_COMERCIAL
100
AcDbText
 10
-45226.461630033904
 20
56419.22604230086
 30
0.0
 40
0.06
  1
1#2.5
 50
80.65142223973463
 72
2
 11
-45226.461630033904
 21
56419.22604230086
 31
0.0
100
AcDbText
 73
2
  0
LINE
  5
515
330
17
100
AcDbEntity
  8
FIAÇÃO_COMERCIAL
100
AcDbLine
 10
-45223.36861953896
 20
56426.689514182646
 30
0.0
 11
-45223.35529563014
 21
56426.84895844706
 31
0.0
  0
LINE
  5
516
330
17
100
AcDbEntity
  8
FIAÇÃO_COMERCIAL
100
AcDbLine
 10
-45223.35529563014
 20
56426.84895844706
 30
0.0
 11
-45223.31543456404
 21
56426.845627469855
 31
0.0
  0
LINE
  5
517
330
17
100
AcDbEntity
  8
FIAÇÃO_COMERCIAL
100
AcDbLine
 10
-45223.48158996012
 20
56426.77861572593
 30
0.0
 11
-45223.47572590723
 21
56426.85840051699
 31
0.0
  0
LINE
  5
518
330
17
100
AcDbEntity
  8
FIAÇÃO_COMERCIAL
100
AcDbLine
 10
-45223.54143981501
 20
56426.78285683547
 30
0.0
 11
-45223.53597493801
 21
56426.8626699617
 31
0.0
  0
LINE
  5
519
330
17
100
AcDbEntity
  8
FIAÇÃO_COMERCIAL
100
AcDbLine
 10
-45223.60131012107
 20
56426.78679873722
 30
0.0
 11
-45223.59624455672
 21
56426.866638201514
 31
0.0
  0
LINE
  5
51A
330
17
100
AcDbEntity
  8
FIAÇÃO_COMERCIAL
100
AcDbLine
 10
-45223.72537267184
 20
56426.713898384536
 30
0.0
 11
-45223.71683953402
 21
56426.87367067738
 31
0.0
  0
LINE
  5
51B
330
17
100
AcDbEntity
  8
FIAÇÃO_COMERCIAL
100
AcDbLine
 10
-45223.686882229114
 20
56426.87207071404
 30
0.0
 11
-45223.746796838925
 21
56426.87527064072
 31
0.0
  0
TEXT
  5
51C
330
17
100
AcDbEntity
  8
FIAÇÃO_COMERCIAL
100
AcDbText
 10
-45223.352797397245
 20
56426.878854246635
 30
0.0
 40
0.06
  1
1#1.5
 50
85.22319483254707
 11
-45223.352797397245
 21
56426.878854246635
 31
0.0
100
AcDbText
 73
2
  0
TEXT
  5
51D
330
17
100
AcDbEntity
  8
FIAÇÃO_COMERCIAL
100
AcDbText
 10
-45223.37111777186
 20
56426.65961838307
 30
0.0
 40
0.06
  1
43
 50
85.22319483254707
 72
2
 11
-45223.37111777186
 21
56426.65961838307
 31
0.0
100
AcDbText
 73
2
  0
TEXT
  5
51E
330
17
100
AcDbEntity
  8
FIAÇÃO_COMERCIAL
100
AcDbText
 10
-45223.533383559334
 20
56426.89246118724
 30
0.0
 40
0.06
  1
3#1.5
 50
85.79641142617523
 11
-45223.533383559334
 21
56426.89246118724
 31
0.0
100
AcDbText
 73
2
  0
TEXT
  5
51F
330
17
100
AcDbEntity
  8
FIAÇÃO_COMERCIAL
100
AcDbText
 10
-45223.5495097048
 20
56426.673053011844
 30
0.0
 40
0.06
  1
43b
 50
85.79641142617523
 72
2
 11
-45223.5495097048
 21
56426.673053011844
 31
0.0
100
AcDbText
 73
2
  0
TEXT
  5
520
330
17
100
AcDbEntity
  8
FIAÇÃO_COMERCIAL
100
AcDbText
 10
-45223.71523957067
 20
56426.90362798228
 30
0.0
 40
0.06
  1
1#1.5
 50
86.94284468285014
 11
-45223.71523957067
 21
56426.90362798228
 31
0.0
100
AcDbText
 73
2
  0
LINE
  5
521
330
17
100
AcDbEntity
  8
FIAÇÃO_COMERCIAL
100
AcDbLine
 10
-45215.84448959611
 20
56421.77176850121
 30
0.0
 11
-45215.848810764226
 21
56421.611826863395
 31
0.0
  0
LINE
  5
522
330
17
100
AcDbEntity
  8
FIAÇÃO_COMERCIAL
100
AcDbLine
 10
-45215.78581003469
 20
56421.770714449034
 30
0.0
 11
-45215.787511084476
 21
56421.61072349169
 31
0.0
  0
LINE
  5
523
330
17
100
AcDbEntity
  8
FIAÇÃO_COMERCIAL
100
AcDbLine
 10
-45215.787511084476
 20
56421.61072349169
 30
0.0
 11
-45215.82750882381
 21
56421.61114875414
 31
0.0
  0
LINE
  5
524
330
17
100
AcDbEntity
  8
FIAÇÃO_COMERCIAL
100
AcDbLine
 10
-45215.66843838241
 20
56421.771478710834
 30
0.0
 11
-45215.66489852928
 21
56421.61151787363
 31
0.0
  0
LINE
  5
525
330
17
100
AcDbEntity
  8
FIAÇÃO_COMERCIAL
100
AcDbLine
 10
-45215.60977753162
 20
56421.77329682121
 30
0.0
 11
-45215.60361830006
 21
56421.61341541557
 31
0.0
  0
LINE
  5
526
330
17
100
AcDbEntity
  8
FIAÇÃO_COMERCIAL
100
AcDbLine
 10
-45215.60361830006
 20
56421.61341541557
 30
0.0
 11
-45215.64358865147
 21
56421.61187560768
 31
0.0
  0
LINE
  5
527
330
17
100
AcDbEntity
  8
FIAÇÃO_COMERCIAL
100
AcDbLine
 10
-45215.492583844025
 20
56421.77980258102
 30
0.0
 11
-45215.48119151448
 21
56421.62020867503
 31
0.0
  0
LINE
  5
528
330
17
100
AcDbEntity
  8
FIAÇÃO_COMERCIAL
100
AcDbLine
 10
-45215.51111537185
 20
56421.61807261324
 30
0.0
 11
-45215.45126765711
 21
56421.62234473682
 31
0.0
  0
TEXT
  5
529
330
17
100
AcDbEntity
  8
FIAÇÃO_COMERCIAL
100
AcDbText
 10
-45215.81962617296
 20
56421.581298450335
 30
0.0
 40
0.06
  1
2#10.0
 50
88.45240747768572
 72
2
 11
-45215.81962617296
 21
56421.581298450335
 31
0.0
100
AcDbText
 73
2
  0
TEXT
  5
52A
330
17
100
AcDbEntity
  8
FIAÇÃO_COMERCIAL
100
AcDbText
 10
-45215.81368456679
 20
56421.80121820233
 30
0.0
 40
0.06
  1
28
 50
88.45240747768572
 11
-45215.81368456679
 21
56421.80121820233
 31
0.0
100
AcDbText
 73
2
  0
TEXT
  5
52B
330
17
100
AcDbEntity
  8
FIAÇÃO_COMERCIAL
100
AcDbText
 10
-45215.634249536815
 20
56421.58245412973
 30
0.0
 40
0.06
  1
2#2.5
 50
-88.7322800367703
 11
-45215.634249536815
 21
56421.58245412973
 31
0.0
100
AcDbText
 73
2
  0
TEXT
  5
52C
330
17
100
AcDbEntity
  8
FIAÇÃO_COMERCIAL
100
AcDbText
 10
-45215.63911683488
 20
56421.802400280896
 30
0.0
 40
0.06
  1
41
 50
-88.7322800367703
 72
2
 11
-45215.63911683488
 21
56421.802400280896
 31
0.0
100
AcDbText
 73
2
  0
TEXT
  5
52D
330
17
100
AcDbEntity
  8
FIAÇÃO_COMERCIAL
100
AcDbText
 10
-45215.47905545269
 20
56421.590284817656
 30
0.0
 40
0.06
  1
1#10.0
 50
-85.9169675386619
 11
-45215.47905545269
 21
56421.590284817656
 31
0.0
100
AcDbText
 73
2
  0
LINE
  5
52E
330
17
100
AcDbEntity
  8
FIAÇÃO_COMERCIAL
100
AcDbLine
 10
-45244.64088676177
 20
56422.279573828106
 30
0.0
 11
-45244.63728409271
 21
56422.439533262885
 31
0.0
  0
LINE
  5
52F
330
17
100
AcDbEntity
  8
FIAÇÃO_COMERCIAL
100
AcDbLine
 10
-45244.70163622483
 20
56422.28122210464
 30
0.0
 11
-45244.696490007314
 21
56422.441139322116
 31
0.0
  0
LINE
  5
530
330
17
100
AcDbEntity
  8
FIAÇÃO_COMERCIAL
100
AcDbLine
 10
-45244.696490007314
 20
56422.441139322116
 30
0.0
 11
-45244.656510702946
 21
56422.43985276773
 31
0.0
  0
LINE
  5
531
330
17
100
AcDbEntity
  8
FIAÇÃO_COMERCIAL
100
AcDbLine
 10
-45244.823073495696
 20
56422.28627222471
 30
0.0
 11
-45244.81484176314
 21
56422.44606032995
 31
0.0
  0
LINE
  5
532
330
17
100
AcDbEntity
  8
FIAÇÃO_COMERCIAL
100
AcDbLine
 10
-45244.883750055145
 20
56422.28967360046
 30
0.0
 11
-45244.873976643226
 21
56422.44937482281
 31
0.0
  0
LINE
  5
533
330
17
100
AcDbEntity
  8
FIAÇÃO_COMERCIAL
100
AcDbLine
 10
-45244.873976643226
 20
56422.44937482281
 30
0.0
 11
-45244.83405133764
 21
56422.446931469836
 31
0.0
  0
LINE
  5
534
330
17
100
AcDbEntity
  8
FIAÇÃO_COMERCIAL
100
AcDbLine
 10
-45245.004990920956
 20
56422.29822740822
 30
0.0
 11
-45244.99213702468
 21
56422.45771025165
 31
0.0
  0
LINE
  5
535
330
17
100
AcDbEntity
  8
FIAÇÃO_COMERCIAL
100
AcDbLine
 10
-45244.96223399154
 20
56422.455300146095
 30
0.0
 11
-45245.022040057826
 21
56422.4601203572
 31
0.0
  0
TEXT
  5
536
330
17
100
AcDbEntity
  8
FIAÇÃO_COMERCIAL
100
AcDbText
 10
-45244.66659743668
 20
56422.470339240856
 30
0.0
 40
0.06
  1
2#4.0
 50
88.7097801343966
 11
-45244.66659743668
 21
56422.470339240856
 31
0.0
100
AcDbText
 73
2
  0
TEXT
  5
537
330
17
100
AcDbEntity
  8
FIAÇÃO_COMERCIAL
100
AcDbText
 10
-45244.67155110664
 20
56422.250395018025
 30
0.0
 40
0.06
  1
31
 50
88.7097801343966
 72
2
 11
-45244.67155110664
 21
56422.250395018025
 31
0.0
100
AcDbText
 73
2
  0
TEXT
  5
538
330
17
100
AcDbEntity
  8
FIAÇÃO_COMERCIAL
100
AcDbText
 10
-45244.84325117317
 20
56422.47769956684
 30
0.0
 40
0.06
  1
2#1.5
 50
87.05092594050362
 11
-45244.84325117317
 21
56422.47769956684
 31
0.0
100
AcDbText
 73
2
  0
TEXT
  5
539
330
17
100
AcDbEntity
  8
FIAÇÃO_COMERCIAL
100
AcDbText
 10
-45244.85456980543
 20
56422.25799092213
 30
0.0
 40
0.06
  1
43
 50
87.05092594050362
 72
2
 11
-45244.85456980543
 21
56422.25799092213
 31
0.0
100
AcDbText
 73
2
  0
TEXT
  5
53A
330
17
100
AcDbEntity
  8
FIAÇÃO_COMERCIAL
100
AcDbText
 10
-45244.98972691913
 20
56422.48761328479
 30
0.0
 40
0.06
  1
1#4.0
 50
85.39207176030592
 11
-45244.98972691913
 21
56422.48761328479
 31
0.0
100
AcDbText
 73
2
  0
LINE
  5
53B
330
17
100
AcDbEntity
  8
FIAÇÃO_COMERCIAL
100
AcDbLine
 10
-45223.89402436076
 20
56424.82911747751
 30
0.0
 11
-45223.7786041335
 21
56424.93992438677
 31
0.0
  0
LINE
  5
53C
330
17
100
AcDbEntity
  8
FIAÇÃO_COMERCIAL
100
AcDbLine
 10
-45223.851276573376
 20
56424.78528597999
 30
0.0
 11
-45223.73756826138
 21
56424.89784893919
 31
0.0
  0
LINE
  5
53D
330
17
100
AcDbEntity
  8
FIAÇÃO_COMERCIAL
100
AcDbLine
 10
-45223.73756826138
 20
56424.89784893919
 30
0.0
 11
-45223.76570900118
 21
56424.926276017184
 31
0.0
  0
LINE
  5
53E
330
17
100
AcDbEntity
  8
FIAÇÃO_COMERCIAL
100
AcDbLine
 10
-45223.76379696143
 20
56424.69960788517
 30
0.0
 11
-45223.65359221396
 21
56424.81560320248
 31
0.0
  0
LINE
  5
53F
330
17
100
AcDbEntity
  8
FIAÇÃO_COMERCIAL
100
AcDbLine
 10
-45223.71908556056
 20
56424.657781290945
 30
0.0
 11
-45223.610671639355
 21
56424.77545211014
 31
0.0
  0
LINE
  5
540
330
17
100
AcDbEntity
  8
FIAÇÃO_COMERCIAL
100
AcDbLine
 10
-45223.610671639355
 20
56424.77545211014
 30
0.0
 11
-45223.64008934415
 21
56424.80255559044
 31
0.0
  0
LINE
  5
541
330
17
100
AcDbEntity
  8
FIAÇÃO_COMERCIAL
100
AcDbLine
 10
-45223.62777176025
 20
56424.576201832606
 30
0.0
 11
-45223.523015475745
 21
56424.69714033292
 31
0.0
  0
LINE
  5
542
330
17
100
AcDbEntity
  8
FIAÇÃO_COMERCIAL
100
AcDbLine
 10
-45223.54569144455
 20
56424.71678213627
 30
0.0
 11
-45223.500339506936
 21
56424.67749852958
 31
0.0
  0
TEXT
  5
543
330
17
100
AcDbEntity
  8
FIAÇÃO_COMERCIAL
100
AcDbText
 10
-45223.70355498709
 20
56424.97038838921
 30
0.0
 40
0.06
  1
2#2.5
 72
1
 11
-45223.70355498709
 21
56424.97038838921
 31
0.0
100
AcDbText
 73
2
  0
TEXT
  5
544
330
17
100
AcDbEntity
  8
FIAÇÃO_COMERCIAL
100
AcDbText
 10
-45223.92718167741
 20
56424.755700002526
 30
0.0
 40
0.06
  1
09
 72
1
 11
-45223.92718167741
 21
56424.755700002526
 31
0.0
100
AcDbText
 73
2
  0
TEXT
  5
545
330
17
100
AcDbEntity
  8
FIAÇÃO_COMERCIAL
100
AcDbText
 10
-45223.58002574472
 20
56424.84948158582
 30
0.0
 40
0.06
  1
2#2.5
 72
1
 11
-45223.58002574472
 21
56424.84948158582
 31
0.0
100
AcDbText
 73
2
  0
TEXT
  5
546
330
17
100
AcDbEntity
  8
FIAÇÃO_COMERCIAL
100
AcDbText
 10
-45223.79354744293
 20
56424.62474065855
 30
0.0
 40
0.06
  1
35
 72
1
 11
-45223.79354744293
 21
56424.62474065855
 31
0.0
100
AcDbText
 73
2
  0
TEXT
  5
547
330
17
100
AcDbEntity
  8
FIAÇÃO_COMERCIAL
100
AcDbText
 10
-45223.47391096738
 20
56424.75383025494
 30
0.0
 40
0.06
  1
1#2.5
 72
1
 11
-45223.47391096738
 21
56424.75383025494
 31
0.0
100
AcDbText
 73
2
  0
LINE
  5
548
330
17
100
AcDbEntity
  8
FIAÇÃO_COMERCIAL
100
AcDbLine
 10
-45247.21437712017
 20
56422.58559146739
 30
0.0
 11
-45247.21150406173
 21
56422.745565670106
 31
0.0
  0
LINE
  5
549
330
17
100
AcDbEntity
  8
FIAÇÃO_COMERCIAL
100
AcDbLine
 10
-45247.15506412251
 20
56422.58428557228
 30
0.0
 11
-45247.150846509445
 21
56422.744229974305
 31
0.0
  0
LINE
  5
54A
330
17
100
AcDbEntity
  8
FIAÇÃO_COMERCIAL
100
AcDbLine
 10
-45247.150846509445
 20
56422.744229974305
 30
0.0
 11
-45247.19083260995
 21
56422.745284377575
 31
0.0
  0
LINE
  5
54B
330
17
100
AcDbEntity
  8
FIAÇÃO_COMERCIAL
100
AcDbLine
 10
-45247.033028650185
 20
56422.66010428025
 30
0.0
 11
-45247.02957578347
 21
56422.74002973121
 31
0.0
  0
LINE
  5
54C
330
17
100
AcDbEntity
  8
FIAÇÃO_COMERCIAL
100
AcDbLine
 10
-45246.917984672764
 20
56422.57407984115
 30
0.0
 11
-45246.908392770696
 21
56422.73379206802
 31
0.0
  0
LINE
  5
54D
330
17
100
AcDbEntity
  8
FIAÇÃO_COMERCIAL
100
AcDbLine
 10
-45246.938338813234
 20
56422.73559054966
 30
0.0
 11
-45246.87844672816
 21
56422.731993586385
 31
0.0
  0
TEXT
  5
54E
330
17
100
AcDbEntity
  8
FIAÇÃO_COMERCIAL
100
AcDbText
 10
-45247.180972725786
 20
56422.77490043539
 30
0.0
 40
0.06
  1
2#1.5
 50
88.97110643291089
 11
-45247.180972725786
 21
56422.77490043539
 31
0.0
100
AcDbText
 73
2
  0
TEXT
  5
54F
330
17
100
AcDbEntity
  8
FIAÇÃO_COMERCIAL
100
AcDbText
 10
-45247.18492318114
 20
56422.55493590666
 30
0.0
 40
0.06
  1
43
 50
88.97110643291089
 72
2
 11
-45247.18492318114
 21
56422.55493590666
 31
0.0
100
AcDbText
 73
2
  0
TEXT
  5
550
330
17
100
AcDbEntity
  8
FIAÇÃO_COMERCIAL
100
AcDbText
 10
-45247.02828095845
 20
56422.77000177532
 30
0.0
 40
0.06
  1
1#1.5
 50
87.52629794421033
 11
-45247.02828095845
 21
56422.77000177532
 31
0.0
100
AcDbText
 73
2
  0
TEXT
  5
551
330
17
100
AcDbEntity
  8
FIAÇÃO_COMERCIAL
100
AcDbText
 10
-45247.03777634192
 20
56422.55020678518
 30
0.0
 40
0.06
  1
43g
 50
87.52629794421033
 72
2
 11
-45247.03777634192
 21
56422.55020678518
 31
0.0
100
AcDbText
 73
2
  0
TEXT
  5
552
330
17
100
AcDbEntity
  8
FIAÇÃO_COMERCIAL
100
AcDbText
 10
-45246.90659428906
 20
56422.76373811057
 30
0.0
 40
0.06
  1
1#1.5
 50
86.5630923191359
 11
-45246.90659428906
 21
56422.76373811057
 31
0.0
100
AcDbText
 73
2
  0
LINE
  5
553
330
17
100
AcDbEntity
  8
FIAÇÃO_COMERCIAL
100
AcDbLine
 10
-45215.02139564431
 20
56422.19949183943
 30
0.0
 11
-45215.04999980951
 21
56422.35691420675
 31
0.0
  0
LINE
  5
554
330
17
100
AcDbEntity
  8
FIAÇÃO_COMERCIAL
100
AcDbLine
 10
-45215.07967016768
 20
56422.1885901635
 30
0.0
 11
-45215.109678840054
 21
56422.34575084429
 31
0.0
  0
LINE
  5
555
330
17
100
AcDbEntity
  8
FIAÇÃO_COMERCIAL
100
AcDbLine
 10
-45215.109678840054
 20
56422.34575084429
 30
0.0
 11
-45215.07038866986
 21
56422.35325301238
 31
0.0
  0
LINE
  5
556
330
17
100
AcDbEntity
  8
FIAÇÃO_COMERCIAL
100
AcDbLine
 10
-45215.21232129581
 20
56422.243530440326
 30
0.0
 11
-45215.22872649422
 21
56422.32183030919
 31
0.0
  0
LINE
  5
557
330
17
100
AcDbEntity
  8
FIAÇÃO_COMERCIAL
100
AcDbLine
 10
-45215.31172709229
 20
56422.1398022489
 30
0.0
 11
-45215.34732874984
 21
56422.295791101
 31
0.0
  0
LINE
  5
558
330
17
100
AcDbEntity
  8
FIAÇÃO_COMERCIAL
100
AcDbLine
 10
-45215.31808084007
 20
56422.30246641179
 30
0.0
 11
-45215.37657665961
 21
56422.28911579021
 31
0.0
  0
TEXT
  5
559
330
17
100
AcDbEntity
  8
FIAÇÃO_COMERCIAL
100
AcDbText
 10
-45215.08485147896
 20
56422.38091464103
 30
0.0
 40
0.06
  1
2#2.5
 50
-79.7015247212899
 72
2
 11
-45215.08485147896
 21
56422.38091464103
 31
0.0
100
AcDbText
 73
2
  0
TEXT
  5
55A
330
17
100
AcDbEntity
  8
FIAÇÃO_COMERCIAL
100
AcDbText
 10
-45215.04552075182
 20
56422.164458885956
 30
0.0
 40
0.06
  1
04
 50
-79.7015247212899
 11
-45215.04552075182
 21
56422.164458885956
 31
0.0
100
AcDbText
 73
2
  0
TEXT
  5
55B
330
17
100
AcDbEntity
  8
FIAÇÃO_COMERCIAL
100
AcDbText
 10
-45215.234878443625
 20
56422.35119276002
 30
0.0
 40
0.06
  1
1#2.5
 50
-78.16669704991061
 72
2
 11
-45215.234878443625
 21
56422.35119276002
 31
0.0
100
AcDbText
 73
2
  0
TEXT
  5
55C
330
17
100
AcDbEntity
  8
FIAÇÃO_COMERCIAL
100
AcDbText
 10
-45215.189764147995
 20
56422.13586812063
 30
0.0
 40
0.06
  1
04f
 50
-78.16669704991061
 11
-45215.189764147995
 21
56422.13586812063
 31
0.0
100
AcDbText
 73
2
  0
TEXT
  5
55D
330
17
100
AcDbEntity
  8
FIAÇÃO_COMERCIAL
100
AcDbText
 10
-45215.35400406064
 20
56422.32503901077
 30
0.0
 40
0.06
  1
1#2.5
 50
-77.1434785812997
 72
2
 11
-45215.35400406064
 21
56422.32503901077
 31
0.0
100
AcDbText
 73
2
  0
LINE
  5
55E
330
17
100
AcDbEntity
  8
FIAÇÃO_COMERCIAL
100
AcDbLine
 10
-45215.1943172771
 20
56419.183097823305
 30
0.0
 11
-45215.04237255975
 21
56419.13296995808
 31
0.0
  0
LINE
  5
55F
330
17
100
AcDbEntity
  8
FIAÇÃO_COMERCIAL
100
AcDbLine
 10
-45215.2131208151
 20
56419.12485811134
 30
0.0
 11
-45215.060440977235
 21
56419.0770160053
 31
0.0
  0
LINE
  5
560
330
17
100
AcDbEntity
  8
FIAÇÃO_COMERCIAL
100
AcDbLine
 10
-45215.060440977235
 20
56419.0770160053
 30
0.0
 11
-45215.04848045072
 21
56419.115185964765
 31
0.0
  0
LINE
  5
561
330
17
100
AcDbEntity
  8
FIAÇÃO_COMERCIAL
100
AcDbLine
 10
-45215.248095809366
 20
56419.007565081614
 30
0.0
 11
-45215.094049038395
 21
56418.964326298665
 31
0.0
  0
LINE
  5
562
330
17
100
AcDbEntity
  8
FIAÇÃO_COMERCIAL
100
AcDbLine
 10
-45215.08594176659
 20
56418.99321006822
 30
0.0
 11
-45215.1021563102
 21
56418.93544252911
 31
0.0
  0
TEXT
  5
563
330
17
100
AcDbEntity
  8
FIAÇÃO_COMERCIAL
100
AcDbText
 10
-45215.02310091412
 20
56419.09502256717
 30
0.0
 40
0.06
  1
2#2.5
 50
-18.258165988429788
 11
-45215.02310091412
 21
56419.09502256717
 31
0.0
100
AcDbText
 73
2
  0
TEXT
  5
564
330
17
100
AcDbEntity
  8
FIAÇÃO_COMERCIAL
100
AcDbText
 10
-45215.23202490046
 20
56419.16394838184
 30
0.0
 40
0.06
  1
41
 50
-18.258165988429788
 72
2
 11
-45215.23202490046
 21
56419.16394838184
 31
0.0
100
AcDbText
 73
2
  0
TEXT
  5
565
330
17
100
AcDbEntity
  8
FIAÇÃO_COMERCIAL
100
AcDbText
 10
-45215.06516526883
 20
56418.95621902686
 30
0.0
 40
0.06
  1
1#2.5
 50
-15.678691178677461
 11
-45215.06516526883
 21
56418.95621902686
 31
0.0
100
AcDbText
 73
2
  0
LINE
  5
566
330
17
100
AcDbEntity
  8
FIAÇÃO_COMERCIAL
100
AcDbLine
 10
-45241.57523193859
 20
56419.76238595338
 30
0.0
 11
-45241.41572206283
 21
56419.77489992713
 31
0.0
  0
LINE
  5
567
330
17
100
AcDbEntity
  8
FIAÇÃO_COMERCIAL
100
AcDbLine
 10
-45241.56994096651
 20
56419.701341591106
 30
0.0
 11
-45241.41065057604
 21
56419.71639388341
 31
0.0
  0
LINE
  5
568
330
17
100
AcDbEntity
  8
FIAÇÃO_COMERCIAL
100
AcDbLine
 10
-45241.41065057604
 20
56419.71639388341
 30
0.0
 11
-45241.41441364912
 21
56419.75621648103
 31
0.0
  0
LINE
  5
569
330
17
100
AcDbEntity
  8
FIAÇÃO_COMERCIAL
100
AcDbLine
 10
-45241.55644986199
 20
56419.57954391332
 30
0.0
 11
-45241.397719547036
 21
56419.59966074984
 31
0.0
  0
LINE
  5
56A
330
17
100
AcDbEntity
  8
FIAÇÃO_COMERCIAL
100
AcDbLine
 10
-45241.401491453886
 20
56419.629422683895
 30
0.0
 11
-45241.39394764019
 21
56419.56989881578
 31
0.0
  0
TEXT
  5
56B
330
17
100
AcDbEntity
  8
FIAÇÃO_COMERCIAL
100
AcDbText
 10
-45241.38322334642
 20
56419.747358695706
 30
0.0
 40
0.06
  1
2#4.0
 50
4.485818124035869
 11
-45241.38322334642
 21
56419.747358695706
 31
0.0
100
AcDbText
 73
2
  0
TEXT
  5
56C
330
17
100
AcDbEntity
  8
FIAÇÃO_COMERCIAL
100
AcDbText
 10
-45241.602549425574
 20
56419.7301519818
 30
0.0
 40
0.06
  1
10
 50
4.485818124035869
 72
2
 11
-45241.602549425574
 21
56419.7301519818
 31
0.0
100
AcDbText
 73
2
  0
TEXT
  5
56D
330
17
100
AcDbEntity
  8
FIAÇÃO_COMERCIAL
100
AcDbText
 10
-45241.36795761298
 20
56419.60343265668
 30
0.0
 40
0.06
  1
1#4.0
 50
7.222927483237042
 11
-45241.36795761298
 21
56419.60343265668
 31
0.0
100
AcDbText
 73
2
  0
LINE
  5
56E
330
17
100
AcDbEntity
  8
FIAÇÃO_COMERCIAL
100
AcDbLine
 10
-45239.907548924406
 20
56424.218954167845
 30
0.0
 11
-45239.934804764365
 21
56424.06129276107
 31
0.0
  0
LINE
  5
56F
330
17
100
AcDbEntity
  8
FIAÇÃO_COMERCIAL
100
AcDbLine
 10
-45239.85104625387
 20
56424.21028718738
 30
0.0
 11
-45239.87270221977
 21
56424.05175952689
 31
0.0
  0
LINE
  5
570
330
17
100
AcDbEntity
  8
FIAÇÃO_COMERCIAL
100
AcDbLine
 10
-45239.87270221977
 20
56424.05175952689
 30
0.0
 11
-45239.9123341349
 21
56424.05717351837
 31
0.0
  0
LINE
  5
571
330
17
100
AcDbEntity
  8
FIAÇÃO_COMERCIAL
100
AcDbLine
 10
-45239.73730031704
 20
56424.1989528835
 30
0.0
 11
-45239.74768210622
 21
56424.0392900561
 31
0.0
  0
LINE
  5
572
330
17
100
AcDbEntity
  8
FIAÇÃO_COMERCIAL
100
AcDbLine
 10
-45239.77761888636
 20
56424.04123664157
 30
0.0
 11
-45239.71774532609
 21
56424.03734347063
 31
0.0
  0
TEXT
  5
573
330
17
100
AcDbEntity
  8
FIAÇÃO_COMERCIAL
100
AcDbText
 10
-45239.91026393057
 20
56424.02718119363
 30
0.0
 40
0.06
  1
2#1.5
 50
80.19188874770765
 72
2
 11
-45239.91026393057
 21
56424.02718119363
 31
0.0
100
AcDbText
 73
2
  0
TEXT
  5
574
330
17
100
AcDbEntity
  8
FIAÇÃO_COMERCIAL
100
AcDbText
 10
-45239.872787150634
 20
56424.24396562795
 30
0.0
 40
0.06
  1
43
 50
80.19188874770765
 11
-45239.872787150634
 21
56424.24396562795
 31
0.0
100
AcDbText
 73
2
  0
TEXT
  5
575
330
17
100
AcDbEntity
  8
FIAÇÃO_COMERCIAL
100
AcDbText
 10
-45239.7496286917
 20
56424.00935327596
 30
0.0
 40
0.06
  1
1#1.5
 50
86.279681920787
 72
2
 11
-45239.7496286917
 21
56424.00935327596
 31
0.0
100
AcDbText
 73
2
  0
LINE
  5
576
330
17
100
AcDbEntity
  8
FIAÇÃO_COMERCIAL
100
AcDbLine
 10
-45226.10184163471
 20
56420.97267031696
 30
0.0
 11
-45226.079030150984
 21
56421.13103583154
 31
0.0
  0
LINE
  5
577
330
17
100
AcDbEntity
  8
FIAÇÃO_COMERCIAL
100
AcDbLine
 10
-45226.160082631824
 20
56420.98056171147
 30
0.0
 11
-45226.139701123866
 21
56421.139258258794
 31
0.0
  0
LINE
  5
578
330
17
100
AcDbEntity
  8
FIAÇÃO_COMERCIAL
100
AcDbLine
 10
-45226.139701123866
 20
56421.139258258794
 30
0.0
 11
-45226.100026987035
 21
56421.134162881805
 31
0.0
  0
LINE
  5
579
330
17
100
AcDbEntity
  8
FIAÇÃO_COMERCIAL
100
AcDbLine
 10
-45226.27689198801
 20
56420.99367351016
 30
0.0
 11
-45226.26138422476
 21
56421.152920203305
 31
0.0
  0
LINE
  5
57A
330
17
100
AcDbEntity
  8
FIAÇÃO_COMERCIAL
100
AcDbLine
 10
-45226.2315254698
 20
56421.150012497696
 30
0.0
 11
-45226.29124297972
 21
56421.155827908915
 31
0.0
  0
TEXT
  5
57B
330
17
100
AcDbEntity
  8
FIAÇÃO_COMERCIAL
100
AcDbText
 10
-45226.10448099028
 20
56421.16475782097
 30
0.0
 40
0.06
  1
2#2.5
 50
81.80330886621198
 11
-45226.10448099028
 21
56421.16475782097
 31
0.0
100
AcDbText
 73
2
  0
TEXT
  5
57C
330
17
100
AcDbEntity
  8
FIAÇÃO_COMERCIAL
100
AcDbText
 10
-45226.13584678041
 20
56420.94700523841
 30
0.0
 40
0.06
  1
09
 50
81.80330886621198
 72
2
 11
-45226.13584678041
 21
56420.94700523841
 31
0.0
100
AcDbText
 73
2
  0
TEXT
  5
57D
330
17
100
AcDbEntity
  8
FIAÇÃO_COMERCIAL
100
AcDbText
 10
-45226.25847651915
 20
56421.182778958275
 30
0.0
 40
0.06
  1
1#2.5
 50
84.43795960018592
 11
-45226.25847651915
 21
56421.182778958275
 31
0.0
100
AcDbText
 73
2
  0
LINE
  5
57E
330
17
100
AcDbEntity
  8
FIAÇÃO_COMERCIAL
100
AcDbLine
 10
-45219.72757629963
 20
56417.9129084213
 30
0.0
 11
-45219.71192250616
 21
56417.75367601646
 31
0.0
  0
LINE
  5
57F
330
17
100
AcDbEntity
  8
FIAÇÃO_COMERCIAL
100
AcDbLine
 10
-45219.66907515095
 20
56417.919058555555
 30
0.0
 11
-45219.65108258463
 21
56417.76007343815
 31
0.0
  0
LINE
  5
580
330
17
100
AcDbEntity
  8
FIAÇÃO_COMERCIAL
100
AcDbLine
 10
-45219.65108258463
 20
56417.76007343815
 30
0.0
 11
-45219.69082886398
 21
56417.75557529656
 31
0.0
  0
LINE
  5
581
330
17
100
AcDbEntity
  8
FIAÇÃO_COMERCIAL
100
AcDbLine
 10
-45219.55237500445
 20
56417.93393020025
 30
0.0
 11
-45219.529717058715
 21
56417.77554264551
 31
0.0
  0
LINE
  5
582
330
17
100
AcDbEntity
  8
FIAÇÃO_COMERCIAL
100
AcDbLine
 10
-45219.55941472523
 20
56417.77129428069
 30
0.0
 11
-45219.5000193922
 21
56417.77979101033
 31
0.0
  0
TEXT
  5
583
330
17
100
AcDbEntity
  8
FIAÇÃO_COMERCIAL
100
AcDbText
 10
-45219.67915215234
 20
56417.72695682954
 30
0.0
 40
0.06
  1
2#2.5
 50
-84.38541666008821
 11
-45219.67915215234
 21
56417.72695682954
 31
0.0
100
AcDbText
 73
2
  0
TEXT
  5
584
330
17
100
AcDbEntity
  8
FIAÇÃO_COMERCIAL
100
AcDbText
 10
-45219.700676118344
 20
56417.945901386185
 30
0.0
 40
0.06
  1
41
 50
-84.38541666008821
 72
2
 11
-45219.700676118344
 21
56417.945901386185
 31
0.0
100
AcDbText
 73
2
  0
TEXT
  5
585
330
17
100
AcDbEntity
  8
FIAÇÃO_COMERCIAL
100
AcDbText
 10
-45219.52546869389
 20
56417.745844979
 30
0.0
 40
0.06
  1
1#2.5
 50
-81.85885420537092
 11
-45219.52546869389
 21
56417.745844979
 31
0.0
100
AcDbText
 73
2
  0
LINE
  5
586
330
17
100
AcDbEntity
  8
FIAÇÃO_COMERCIAL
100
AcDbLine
 10
-45232.94570366227
 20
56422.08920716552
 30
0.0
 11
-45232.9680019201
 21
56421.93076857269
 31
0.0
  0
LINE
  5
587
330
17
100
AcDbEntity
  8
FIAÇÃO_COMERCIAL
100
AcDbLine
 10
-45233.006279137044
 20
56422.09733285257
 30
0.0
 11
-45233.02636001124
 21
56421.93859798403
 31
0.0
  0
LINE
  5
588
330
17
100
AcDbEntity
  8
FIAÇÃO_COMERCIAL
100
AcDbLine
 10
-45233.02636001124
 20
56421.93859798403
 30
0.0
 11
-45232.9866762941
 21
56421.93357776548
 31
0.0
  0
LINE
  5
589
330
17
100
AcDbEntity
  8
FIAÇÃO_COMERCIAL
100
AcDbLine
 10
-45233.127740144664
 20
56422.111050013365
 30
0.0
 11
-45233.14337490909
 21
56421.95181573897
 31
0.0
  0
LINE
  5
58A
330
17
100
AcDbEntity
  8
FIAÇÃO_COMERCIAL
100
AcDbLine
 10
-45233.113518482634
 20
56421.94888422064
 30
0.0
 11
-45233.17323133554
 21
56421.954747257296
 31
0.0
  0
TEXT
  5
58B
330
17
100
AcDbEntity
  8
FIAÇÃO_COMERCIAL
100
AcDbText
 10
-45233.00191623492
 20
56421.905050111134
 30
0.0
 40
0.06
  1
2#2.5
 50
81.98894820053206
 72
2
 11
-45233.00191623492
 21
56421.905050111134
 31
0.0
100
AcDbText
 73
2
  0
TEXT
  5
58C
330
17
100
AcDbEntity
  8
FIAÇÃO_COMERCIAL
100
AcDbText
 10
-45232.971256130404
 20
56422.12290317628
 30
0.0
 40
0.06
  1
42
 50
81.98894820053206
 11
-45232.971256130404
 21
56422.12290317628
 31
0.0
100
AcDbText
 73
2
  0
TEXT
  5
58D
330
17
100
AcDbEntity
  8
FIAÇÃO_COMERCIAL
100
AcDbText
 10
-45233.146306427414
 20
56421.92195931252
 30
0.0
 40
0.06
  1
1#2.5
 50
84.39226374379467
 72
2
 11
-45233.146306427414
 21
56421.92195931252
 31
0.0
100
AcDbText
 73
2
  0
LINE
  5
58E
330
17
100
AcDbEntity
  8
FIAÇÃO_COMERCIAL
100
AcDbLine
 10
-45234.73217876823
 20
56420.30703943815
 30
0.0
 11
-45234.57283086024
 21
56420.32147010756
 31
0.0
  0
LINE
  5
58F
330
17
100
AcDbEntity
  8
FIAÇÃO_COMERCIAL
100
AcDbLine
 10
-45234.57283086024
 20
56420.32147010756
 30
0.0
 11
-45234.569223192884
 21
56420.281633130566
 31
0.0
  0
LINE
  5
590
330
17
100
AcDbEntity
  8
FIAÇÃO_COMERCIAL
100
AcDbLine
 10
-45234.66510945177
 20
56420.43358686668
 30
0.0
 11
-45234.58567365528
 21
56420.44307128736
 31
0.0
  0
LINE
  5
591
330
17
100
AcDbEntity
  8
FIAÇÃO_COMERCIAL
100
AcDbLine
 10
-45234.76022949109
 20
56420.54076726481
 30
0.0
 11
-45234.601963432055
 21
56420.56425884959
 31
0.0
  0
LINE
  5
592
330
17
100
AcDbEntity
  8
FIAÇÃO_COMERCIAL
100
AcDbLine
 10
-45234.59755875991
 20
56420.53458396352
 30
0.0
 11
-45234.6063681042
 21
56420.59393373566
 31
0.0
  0
TEXT
  5
593
330
17
100
AcDbEntity
  8
FIAÇÃO_COMERCIAL
100
AcDbText
 10
-45234.54295312749
 20
56420.32417585808
 30
0.0
 40
0.06
  1
1#1.5
 50
5.174634613446741
 11
-45234.54295312749
 21
56420.32417585808
 31
0.0
100
AcDbText
 73
2
  0
TEXT
  5
594
330
17
100
AcDbEntity
  8
FIAÇÃO_COMERCIAL
100
AcDbText
 10
-45234.76205650098
 20
56420.304333687636
 30
0.0
 40
0.06
  1
03
 50
5.174634613446741
 72
2
 11
-45234.76205650098
 21
56420.304333687636
 31
0.0
100
AcDbText
 73
2
  0
TEXT
  5
595
330
17
100
AcDbEntity
  8
FIAÇÃO_COMERCIAL
100
AcDbText
 10
-45234.555885231595
 20
56420.446627945115
 30
0.0
 40
0.06
  1
1#1.5
 50
6.80872977569206
 11
-45234.555885231595
 21
56420.446627945115
 31
0.0
100
AcDbText
 73
2
  0
TEXT
  5
596
330
17
100
AcDbEntity
  8
FIAÇÃO_COMERCIAL
100
AcDbText
 10
-45234.77433367195
 20
56420.42054578825
 30
0.0
 40
0.06
  1
03c
 50
6.80872977569206
 72
2
 11
-45234.77433367195
 21
56420.42054578825
 31
0.0
100
AcDbText
 73
2
  0
TEXT
  5
597
330
17
100
AcDbEntity
  8
FIAÇÃO_COMERCIAL
100
AcDbText
 10
-45234.57228854598
 20
56420.56866352174
 30
0.0
 40
0.06
  1
1#1.5
 50
8.442824898636921
 11
-45234.57228854598
 21
56420.56866352174
 31
0.0
100
AcDbText
 73
2
  0
LINE
  5
598
330
17
100
AcDbEntity
  8
FIAÇÃO_COMERCIAL
100
AcDbLine
 10
-45229.161086614484
 20
56418.70239628655
 30
0.0
 11
-45229.01812384916
 21
56418.77424089477
 31
0.0
  0
LINE
  5
599
330
17
100
AcDbEntity
  8
FIAÇÃO_COMERCIAL
100
AcDbLine
 10
-45229.14501210365
 20
56418.84475600013
 30
0.0
 11
-45229.07458563878
 21
56418.88270482154
 31
0.0
  0
LINE
  5
59A
330
17
100
AcDbEntity
  8
FIAÇÃO_COMERCIAL
100
AcDbLine
 10
-45229.173952124336
 20
56418.89731458104
 30
0.0
 11
-45229.104125335194
 21
56418.93635583509
 31
0.0
  0
TEXT
  5
59B
330
17
100
AcDbEntity
  8
FIAÇÃO_COMERCIAL
100
AcDbText
 10
-45228.951110052905
 20
56418.80791805487
 30
0.0
 40
0.06
  1
1#2.5
 72
1
 11
-45228.951110052905
 21
56418.80791805487
 31
0.0
100
AcDbText
 73
2
  0
TEXT
  5
59C
330
17
100
AcDbEntity
  8
FIAÇÃO_COMERCIAL
100
AcDbText
 10
-45229.228100410735
 20
56418.66871912645
 30
0.0
 40
0.06
  1
04
 72
1
 11
-45229.228100410735
 21
56418.66871912645
 31
0.0
100
AcDbText
 73
2
  0
TEXT
  5
59D
330
17
100
AcDbEntity
  8
FIAÇÃO_COMERCIAL
100
AcDbText
 10
-45229.02303083831
 20
56418.94456113207
 30
0.0
 40
0.06
  1
2#2.5
 72
1
 11
-45229.02303083831
 21
56418.94456113207
 31
0.0
100
AcDbText
 73
2
  0
TEXT
  5
59E
330
17
100
AcDbEntity
  8
FIAÇÃO_COMERCIAL
100
AcDbText
 10
-45229.295933389665
 20
56418.7975094491
 30
0.0
 40
0.06
  1
04a
 72
1
 11
-45229.295933389665
 21
56418.7975094491
 31
0.0
100
AcDbText
 73
2
  0
LINE
  5
59F
330
17
100
AcDbEntity
  8
FIAÇÃO_COMERCIAL
100
AcDbLine
 10
-45215.38473818393
 20
56426.02695703344
 30
0.0
 11
-45215.43195157452
 21
56425.962374560986
 31
0.0
  0
LINE
  5
5A0
330
17
100
AcDbEntity
  8
FIAÇÃO_COMERCIAL
100
AcDbLine
 10
-45215.33584622168
 20
56425.99218125108
 30
0.0
 11
-45215.38132918343
 21
56425.926368636865
 31
0.0
  0
LINE
  5
5A1
330
17
100
AcDbEntity
  8
FIAÇÃO_COMERCIAL
100
AcDbLine
 10
-45215.28605255859
 20
56425.95870931664
 30
0.0
 11
-45215.32977305713
 21
56425.89171291369
 31
0.0
  0
TEXT
  5
5A2
330
17
100
AcDbEntity
  8
FIAÇÃO_COMERCIAL
100
AcDbText
 10
-45215.42702159901
 20
56425.86748732667
 30
0.0
 40
0.06
  1
3#1.5
 72
1
 11
-45215.42702159901
 21
56425.86748732667
 31
0.0
100
AcDbText
 73
2
  0
TEXT
  5
5A3
330
17
100
AcDbEntity
  8
FIAÇÃO_COMERCIAL
100
AcDbText
 10
-45215.24406971046
 20
56426.11774440744
 30
0.0
 40
0.06
  1
43b
 72
1
 11
-45215.24406971046
 21
56426.11774440744
 31
0.0
100
AcDbText
 73
2
  0
LINE
  5
5A4
330
17
100
AcDbEntity
  8
FIAÇÃO_COMERCIAL
100
AcDbLine
 10
-45250.62304567073
 20
56425.20697092128
 30
0.0
 11
-45250.62267099213
 21
56425.36697048257
 31
0.0
  0
LINE
  5
5A5
330
17
100
AcDbEntity
  8
FIAÇÃO_COMERCIAL
100
AcDbLine
 10
-45250.62267099213
 20
56425.36697048257
 30
0.0
 11
-45250.58267110181
 21
56425.36687681293
 31
0.0
  0
LINE
  5
5A6
330
17
100
AcDbEntity
  8
FIAÇÃO_COMERCIAL
100
AcDbLine
 10
-45250.74285302375
 20
56425.28604660828
 30
0.0
 11
-45250.74416434146
 21
56425.366035860345
 31
0.0
  0
LINE
  5
5A7
330
17
100
AcDbEntity
  8
FIAÇÃO_COMERCIAL
100
AcDbLine
 10
-45250.85999987299
 20
56425.202925675774
 30
0.0
 11
-45250.865618902055
 21
56425.362826978184
 31
0.0
  0
LINE
  5
5A8
330
17
100
AcDbEntity
  8
FIAÇÃO_COMERCIAL
100
AcDbLine
 10
-45250.83563740785
 20
56425.36388054613
 30
0.0
 11
-45250.89560039626
 21
56425.36177341024
 31
0.0
  0
TEXT
  5
5A9
330
17
100
AcDbEntity
  8
FIAÇÃO_COMERCIAL
100
AcDbText
 10
-45250.6226007399
 20
56425.39697040032
 30
0.0
 40
0.06
  1
1#1.5
 50
89.86582799124709
 11
-45250.6226007399
 21
56425.39697040032
 31
0.0
100
AcDbText
 73
2
  0
TEXT
  5
5AA
330
17
100
AcDbEntity
  8
FIAÇÃO_COMERCIAL
100
AcDbText
 10
-45250.62311592296
 20
56425.17697100354
 30
0.0
 40
0.06
  1
43
 50
89.86582799124709
 72
2
 11
-45250.62311592296
 21
56425.17697100354
 31
0.0
100
AcDbText
 73
2
  0
TEXT
  5
5AB
330
17
100
AcDbEntity
  8
FIAÇÃO_COMERCIAL
100
AcDbText
 10
-45250.7446560856
 20
56425.39603182987
 30
0.0
 40
0.06
  1
1#1.5
 50
-89.06079581347262
 72
2
 11
-45250.7446560856
 21
56425.39603182987
 31
0.0
100
AcDbText
 73
2
  0
TEXT
  5
5AC
330
17
100
AcDbEntity
  8
FIAÇÃO_COMERCIAL
100
AcDbText
 10
-45250.74104996191
 20
56425.176061386686
 30
0.0
 40
0.06
  1
43a
 50
-89.06079581347262
 11
-45250.74104996191
 21
56425.176061386686
 31
0.0
100
AcDbText
 73
2
  0
TEXT
  5
5AD
330
17
100
AcDbEntity
  8
FIAÇÃO_COMERCIAL
100
AcDbText
 10
-45250.86667247
 20
56425.39280847239
 30
0.0
 40
0.06
  1
1#1.5
 50
-87.98741959382122
 72
2
 11
-45250.86667247
 21
56425.39280847239
 31
0.0
100
AcDbText
 73
2
  0
LINE
  5
5AE
330
17
100
AcDbEntity
  8
FIAÇÃO_COMERCIAL
100
AcDbLine
 10
-45239.27464141395
 20
56426.43014577445
 30
0.0
 11
-45239.11613739533
 21
56426.40831744238
 31
0.0
  0
LINE
  5
5AF
330
17
100
AcDbEntity
  8
FIAÇÃO_COMERCIAL
100
AcDbLine
 10
-45239.2673725486
 20
56426.48800381865
 30
0.0
 11
-45239.108443718076
 21
56426.46952066888
 31
0.0
  0
LINE
  5
5B0
330
17
100
AcDbEntity
  8
FIAÇÃO_COMERCIAL
100
AcDbLine
 10
-45239.108443718076
 20
56426.46952066888
 30
0.0
 11
-45239.11306450552
 21
56426.429788461246
 31
0.0
  0
LINE
  5
5B1
330
17
100
AcDbEntity
  8
FIAÇÃO_COMERCIAL
100
AcDbLine
 10
-45239.25649249838
 20
56426.604114442016
 30
0.0
 11
-45239.0969259748
 21
56426.59234479668
 31
0.0
  0
LINE
  5
5B2
330
17
100
AcDbEntity
  8
FIAÇÃO_COMERCIAL
100
AcDbLine
 10
-45239.0991327833
 20
56426.562426073506
 30
0.0
 11
-45239.0947191663
 21
56426.62226351985
 31
0.0
  0
TEXT
  5
5B3
330
17
100
AcDbEntity
  8
FIAÇÃO_COMERCIAL
100
AcDbText
 10
-45239.082677256185
 20
56426.43398994779
 30
0.0
 40
0.06
  1
2#2.5
 50
-7.841148843547953
 11
-45239.082677256185
 21
56426.43398994779
 31
0.0
100
AcDbText
 73
2
  0
TEXT
  5
5B4
330
17
100
AcDbEntity
  8
FIAÇÃO_COMERCIAL
100
AcDbText
 10
-45239.30062028179
 20
56426.46400390439
 30
0.0
 40
0.06
  1
11
 50
-7.841148843547953
 72
2
 11
-45239.30062028179
 21
56426.46400390439
 31
0.0
100
AcDbText
 73
2
  0
TEXT
  5
5B5
330
17
100
AcDbEntity
  8
FIAÇÃO_COMERCIAL
100
AcDbText
 10
-45239.06700725163
 20
56426.59013798818
 30
0.0
 40
0.06
  1
1#2.5
 50
-4.218504091772844
 11
-45239.06700725163
 21
56426.59013798818
 31
0.0
100
AcDbText
 73
2
  0
LINE
  5
5B6
330
17
100
AcDbEntity
  8
FIAÇÃO_COMERCIAL
100
AcDbLine
 10
-45237.7052502112
 20
56421.81245724154
 30
0.0
 11
-45237.69816730501
 21
56421.97230039103
 31
0.0
  0
LINE
  5
5B7
330
17
100
AcDbEntity
  8
FIAÇÃO_COMERCIAL
100
AcDbLine
 10
-45237.64661899116
 20
56421.80939544502
 30
0.0
 11
-45237.63696319595
 21
56421.96910382182
 31
0.0
  0
LINE
  5
5B8
330
17
100
AcDbEntity
  8
FIAÇÃO_COMERCIAL
100
AcDbLine
 10
-45237.63696319595
 20
56421.96910382182
 30
0.0
 11
-45237.67689029015
 21
56421.971517770624
 31
0.0
  0
LINE
  5
5B9
330
17
100
AcDbEntity
  8
FIAÇÃO_COMERCIAL
100
AcDbLine
 10
-45237.52954194293
 20
56421.800448180955
 30
0.0
 11
-45237.514748547226
 21
56421.95976282386
 31
0.0
  0
LINE
  5
5BA
330
17
100
AcDbEntity
  8
FIAÇÃO_COMERCIAL
100
AcDbLine
 10
-45237.54462004277
 20
56421.96253658555
 30
0.0
 11
-45237.484877051684
 21
56421.95698906217
 31
0.0
  0
TEXT
  5
5BB
330
17
100
AcDbEntity
  8
FIAÇÃO_COMERCIAL
100
AcDbText
 10
-45237.66688042782
 20
56422.00070639013
 30
0.0
 40
0.06
  1
2#2.5
 50
87.46279191086546
 11
-45237.66688042782
 21
56422.00070639013
 31
0.0
100
AcDbText
 73
2
  0
TEXT
  5
5BC
330
17
100
AcDbEntity
  8
FIAÇÃO_COMERCIAL
100
AcDbText
 10
-45237.67661942384
 20
56421.78092205958
 30
0.0
 40
0.06
  1
33
 50
87.46279191086546
 72
2
 11
-45237.67661942384
 21
56421.78092205958
 31
0.0
100
AcDbText
 73
2
  0
TEXT
  5
5BD
330
17
100
AcDbEntity
  8
FIAÇÃO_COMERCIAL
100
AcDbText
 10
-45237.511974785535
 20
56421.989634319405
 30
0.0
 40
0.06
  1
1#2.5
 50
84.69492849349956
 11
-45237.511974785535
 21
56421.989634319405
 31
0.0
100
AcDbText
 73
2
  0
LINE
  5
5BE
330
17
100
AcDbEntity
  8
FIAÇÃO_COMERCIAL
100
AcDbLine
 10
-45222.41292015307
 20
56425.01811731364
 30
0.0
 11
-45222.49524686828
 21
56425.15531174488
 31
0.0
  0
LINE
  5
5BF
330
17
100
AcDbEntity
  8
FIAÇÃO_COMERCIAL
100
AcDbLine
 10
-45222.46330802954
 20
56424.987506434605
 30
0.0
 11
-45222.54741515991
 21
56425.12361664959
 31
0.0
  0
LINE
  5
5C0
330
17
100
AcDbEntity
  8
FIAÇÃO_COMERCIAL
100
AcDbLine
 10
-45222.54741515991
 20
56425.12361664959
 30
0.0
 11
-45222.513387606166
 21
56425.14464343218
 31
0.0
  0
LINE
  5
5C1
330
17
100
AcDbEntity
  8
FIAÇÃO_COMERCIAL
100
AcDbLine
 10
-45222.56301499396
 20
56424.92423887737
 30
0.0
 11
-45222.650348922754
 21
56425.0583014929
 31
0.0
  0
LINE
  5
5C2
330
17
100
AcDbEntity
  8
FIAÇÃO_COMERCIAL
100
AcDbLine
 10
-45222.62521218234
 20
56425.07467660455
 30
0.0
 11
-45222.67548566317
 21
56425.04192638125
 31
0.0
  0
TEXT
  5
5C3
330
17
100
AcDbEntity
  8
FIAÇÃO_COMERCIAL
100
AcDbText
 10
-45222.53632216941
 20
56425.16545920716
 30
0.0
 40
0.06
  1
2#2.5
 50
-59.03315545564206
 72
2
 11
-45222.53632216941
 21
56425.16545920716
 31
0.0
100
AcDbText
 73
2
  0
TEXT
  5
5C4
330
17
100
AcDbEntity
  8
FIAÇÃO_COMERCIAL
100
AcDbText
 10
-45222.42312293599
 20
56424.976816864204
 30
0.0
 40
0.06
  1
41
 50
-59.03315545564206
 11
-45222.42312293599
 21
56424.976816864204
 31
0.0
100
AcDbText
 73
2
  0
TEXT
  5
5C5
330
17
100
AcDbEntity
  8
FIAÇÃO_COMERCIAL
100
AcDbText
 10
-45222.6667240344
 20
56425.083438233305
 30
0.0
 40
0.06
  1
1#2.5
 50
-56.91811638482929
 72
2
 11
-45222.6667240344
 21
56425.083438233305
 31
0.0
100
AcDbText
 73
2
  0
LINE
  5
5C6
330
17
100
AcDbEntity
  8
FIAÇÃO_COMERCIAL
100
AcDbLine
 10
-45219.25009433954
 20
56424.9156388392
 30
0.0
 11
-45219.220893631325
 21
56425.072951644266
 31
0.0
  0
LINE
  5
5C7
330
17
100
AcDbEntity
  8
FIAÇÃO_COMERCIAL
100
AcDbLine
 10
-45219.190198368764
 20
56424.90480276286
 30
0.0
 11
-45219.162707320625
 21
56425.06242332711
 31
0.0
  0
LINE
  5
5C8
330
17
100
AcDbEntity
  8
FIAÇÃO_COMERCIAL
100
AcDbLine
 10
-45219.162707320625
 20
56425.06242332711
 30
0.0
 11
-45219.20211246169
 21
56425.06929608914
 31
0.0
  0
LINE
  5
5C9
330
17
100
AcDbEntity
  8
FIAÇÃO_COMERCIAL
100
AcDbLine
 10
-45219.070214752566
 20
56424.88510337409
 30
0.0
 11
-45219.04586635221
 21
56425.043239882834
 31
0.0
  0
LINE
  5
5CA
330
17
100
AcDbEntity
  8
FIAÇÃO_COMERCIAL
100
AcDbLine
 10
-45219.075516947596
 20
56425.0478052079
 30
0.0
 11
-45219.01621575682
 21
56425.03867455777
 31
0.0
  0
TEXT
  5
5CB
330
17
100
AcDbEntity
  8
FIAÇÃO_COMERCIAL
100
AcDbText
 10
-45219.18589792817
 20
56425.09710669685
 30
0.0
 40
0.06
  1
2#2.5
 50
79.48433033582363
 11
-45219.18589792817
 21
56425.09710669685
 31
0.0
100
AcDbText
 73
2
  0
TEXT
  5
5CC
330
17
100
AcDbEntity
  8
FIAÇÃO_COMERCIAL
100
AcDbText
 10
-45219.22604890197
 20
56424.88080158987
 30
0.0
 40
0.06
  1
41
 50
79.48433033582363
 72
2
 11
-45219.22604890197
 21
56424.88080158987
 31
0.0
100
AcDbText
 73
2
  0
TEXT
  5
5CD
330
17
100
AcDbEntity
  8
FIAÇÃO_COMERCIAL
100
AcDbText
 10
-45219.041301027144
 20
56425.07289047823
 30
0.0
 40
0.06
  1
1#2.5
 50
81.246862856227
 11
-45219.041301027144
 21
56425.07289047823
 31
0.0
100
AcDbText
 73
2
  0
LINE
  5
5CE
330
17
100
AcDbEntity
  8
FIAÇÃO_COMERCIAL
100
AcDbLine
 10
-45224.84244976878
 20
56417.74202086465
 30
0.0
 11
-45224.84956233893
 21
56417.901862696934
 31
0.0
  0
LINE
  5
5CF
330
17
100
AcDbEntity
  8
FIAÇÃO_COMERCIAL
100
AcDbLine
 10
-45224.781316750756
 20
56417.74526633049
 30
0.0
 11
-45224.79086538762
 21
56417.904981149884
 31
0.0
  0
LINE
  5
5D0
330
17
100
AcDbEntity
  8
FIAÇÃO_COMERCIAL
100
AcDbLine
 10
-45224.79086538762
 20
56417.904981149884
 30
0.0
 11
-45224.83079409247
 21
56417.902593990664
 31
0.0
  0
LINE
  5
5D1
330
17
100
AcDbEntity
  8
FIAÇÃO_COMERCIAL
100
AcDbLine
 10
-45224.659233885344
 20
56417.754541170514
 30
0.0
 11
-45224.673647431664
 21
56417.91389062825
 31
0.0
  0
LINE
  5
5D2
330
17
100
AcDbEntity
  8
FIAÇÃO_COMERCIAL
100
AcDbLine
 10
-45224.70352545499
 20
56417.91118808832
 30
0.0
 11
-45224.643769408336
 21
56417.916593168185
 31
0.0
  0
TEXT
  5
5D3
330
17
100
AcDbEntity
  8
FIAÇÃO_COMERCIAL
100
AcDbText
 10
-45224.8209384535
 20
56417.933424020186
 30
0.0
 40
0.06
  1
2#2.5
 50
-87.45215881930429
 72
2
 11
-45224.8209384535
 21
56417.933424020186
 31
0.0
100
AcDbText
 73
2
  0
TEXT
  5
5D4
330
17
100
AcDbEntity
  8
FIAÇÃO_COMERCIAL
100
AcDbText
 10
-45224.811158669545
 20
56417.7136415008
 30
0.0
 40
0.06
  1
09
 50
-87.45215881930429
 11
-45224.811158669545
 21
56417.7136415008
 31
0.0
100
AcDbText
 73
2
  0
TEXT
  5
5D5
330
17
100
AcDbEntity
  8
FIAÇÃO_COMERCIAL
100
AcDbText
 10
-45224.676349971596
 20
56417.94376865158
 30
0.0
 40
0.06
  1
1#2.5
 50
-84.83152220595115
 72
2
 11
-45224.676349971596
 21
56417.94376865158
 31
0.0
100
AcDbText
 73
2
  0
LINE
  5
5D6
330
17
100
AcDbEntity
  8
FIAÇÃO_COMERCIAL
100
AcDbLine
 10
-45236.84033211178
 20
56425.876960218295
 30
0.0
 11
-45236.82193474419
 21
56426.03589900169
 31
0.0
  0
LINE
  5
5D7
330
17
100
AcDbEntity
  8
FIAÇÃO_COMERCIAL
100
AcDbLine
 10
-45236.89929814641
 20
56425.88351595087
 30
0.0
 11
-45236.88223347167
 21
56426.04260333841
 31
0.0
  0
LINE
  5
5D8
330
17
100
AcDbEntity
  8
FIAÇÃO_COMERCIAL
100
AcDbLine
 10
-45236.88223347167
 20
56426.04260333841
 30
0.0
 11
-45236.84246162478
 21
56426.03833716972
 31
0.0
  0
LINE
  5
5D9
330
17
100
AcDbEntity
  8
FIAÇÃO_COMERCIAL
100
AcDbLine
 10
-45237.01738432211
 20
56425.895147473115
 30
0.0
 11
-45237.002988535285
 21
56426.05449853625
 31
0.0
  0
LINE
  5
5DA
330
17
100
AcDbEntity
  8
FIAÇÃO_COMERCIAL
100
AcDbLine
 10
-45236.97311021095
 20
56426.05179932622
 30
0.0
 11
-45237.03286685962
 21
56426.05719774628
 31
0.0
  0
TEXT
  5
5DB
330
17
100
AcDbEntity
  8
FIAÇÃO_COMERCIAL
100
AcDbText
 10
-45236.8483014283
 20
56426.06901504089
 30
0.0
 40
0.06
  1
2#2.5
 50
83.39732391093288
 11
-45236.8483014283
 21
56426.06901504089
 31
0.0
100
AcDbText
 73
2
  0
TEXT
  5
5DC
330
17
100
AcDbEntity
  8
FIAÇÃO_COMERCIAL
100
AcDbText
 10
-45236.87359780872
 20
56425.85047421373
 30
0.0
 40
0.06
  1
11
 50
83.39732391093288
 72
2
 11
-45236.87359780872
 21
56425.85047421373
 31
0.0
100
AcDbText
 73
2
  0
TEXT
  5
5DD
330
17
100
AcDbEntity
  8
FIAÇÃO_COMERCIAL
100
AcDbText
 10
-45237.00028932525
 20
56426.084376860585
 30
0.0
 40
0.06
  1
1#2.5
 50
84.83790778367033
 11
-45237.00028932525
 21
56426.084376860585
 31
0.0
100
AcDbText
 73
2
  0
LINE
  5
5DE
330
17
100
AcDbEntity
  8
FIAÇÃO_COMERCIAL
100
AcDbLine
 10
-45232.462508071934
 20
56426.61820353723
 30
0.0
 11
-45232.30286280215
 21
56426.60755516472
 31
0.0
  0
LINE
  5
5DF
330
17
100
AcDbEntity
  8
FIAÇÃO_COMERCIAL
100
AcDbLine
 10
-45232.45919796666
 20
56426.67642233667
 30
0.0
 11
-45232.29936374635
 21
56426.66914071458
 31
0.0
  0
LINE
  5
5E0
330
17
100
AcDbEntity
  8
FIAÇÃO_COMERCIAL
100
AcDbLine
 10
-45232.29936374635
 20
56426.66914071458
 30
0.0
 11
-45232.301184151875
 21
56426.6291821595
 31
0.0
  0
LINE
  5
5E1
330
17
100
AcDbEntity
  8
FIAÇÃO_COMERCIAL
100
AcDbLine
 10
-45232.456253814744
 20
56426.79300437235
 30
0.0
 11
-45232.296254725705
 21
56426.792464456965
 31
0.0
  0
LINE
  5
5E2
330
17
100
AcDbEntity
  8
FIAÇÃO_COMERCIAL
100
AcDbLine
 10
-45232.29635595984
 20
56426.76246462777
 30
0.0
 11
-45232.29615349157
 21
56426.82246428616
 31
0.0
  0
TEXT
  5
5E3
330
17
100
AcDbEntity
  8
FIAÇÃO_COMERCIAL
100
AcDbText
 10
-45232.2712270238
 20
56426.63550968221
 30
0.0
 40
0.06
  1
2#2.5
 50
-3.8159880328915454
 11
-45232.2712270238
 21
56426.63550968221
 31
0.0
100
AcDbText
 73
2
  0
TEXT
  5
5E4
330
17
100
AcDbEntity
  8
FIAÇÃO_COMERCIAL
100
AcDbText
 10
-45232.49073926975
 20
56426.65015119439
 30
0.0
 40
0.06
  1
11
 50
-3.8159880328915454
 72
2
 11
-45232.49073926975
 21
56426.65015119439
 31
0.0
100
AcDbText
 73
2
  0
TEXT
  5
5E5
330
17
100
AcDbEntity
  8
FIAÇÃO_COMERCIAL
100
AcDbText
 10
-45232.266254896516
 20
56426.792363222834
 30
0.0
 40
0.06
  1
1#2.5
 50
-0.19334332310255103
 11
-45232.266254896516
 21
56426.792363222834
 31
0.0
100
AcDbText
 73
2
  0
LINE
  5
5E6
330
17
100
AcDbEntity
  8
FIAÇÃO_COMERCIAL
100
AcDbLine
 10
-45226.48566650181
 20
56420.804922849726
 30
0.0
 11
-45226.48931614795
 21
56420.644964479885
 31
0.0
  0
LINE
  5
5E7
330
17
100
AcDbEntity
  8
FIAÇÃO_COMERCIAL
100
AcDbLine
 10
-45226.426962930855
 20
56420.80397870115
 30
0.0
 11
-45226.4280364413
 21
56420.643982302514
 31
0.0
  0
LINE
  5
5E8
330
17
100
AcDbEntity
  8
FIAÇÃO_COMERCIAL
100
AcDbLine
 10
-45226.4280364413
 20
56420.643982302514
 30
0.0
 11
-45226.46803554096
 21
56420.644250680125
 31
0.0
  0
LINE
  5
5E9
330
17
100
AcDbEntity
  8
FIAÇÃO_COMERCIAL
100
AcDbLine
 10
-45226.30933349818
 20
56420.804922849726
 30
0.0
 11
-45226.30568385204
 21
56420.644964479885
 31
0.0
  0
LINE
  5
5EA
330
17
100
AcDbEntity
  8
FIAÇÃO_COMERCIAL
100
AcDbLine
 10
-45226.33567604639
 20
56420.64428017123
 30
0.0
 11
-45226.2756916577
 21
56420.64564878854
 31
0.0
  0
TEXT
  5
5EB
330
17
100
AcDbEntity
  8
FIAÇÃO_COMERCIAL
100
AcDbText
 10
-45226.4600046372
 20
56420.61449070406
 30
0.0
 40
0.06
  1
2#2.5
 50
88.69295338422386
 72
2
 11
-45226.4600046372
 21
56420.61449070406
 31
0.0
100
AcDbText
 73
2
  0
TEXT
  5
5EC
330
17
100
AcDbEntity
  8
FIAÇÃO_COMERCIAL
100
AcDbText
 10
-45226.454986373756
 20
56420.83443346259
 30
0.0
 40
0.06
  1
09
 50
88.69295338422386
 11
-45226.454986373756
 21
56420.83443346259
 31
0.0
100
AcDbText
 73
2
  0
TEXT
  5
5ED
330
17
100
AcDbEntity
  8
FIAÇÃO_COMERCIAL
100
AcDbText
 10
-45226.30499954339
 20
56420.61497228554
 30
0.0
 40
0.06
  1
1#2.5
 50
-88.69295338422386
 11
-45226.30499954339
 21
56420.61497228554
 31
0.0
100
AcDbText
 73
2
  0
LINE
  5
5EE
330
17
100
AcDbEntity
  8
FIAÇÃO_COMERCIAL
100
AcDbLine
 10
-45237.94624790544
 20
56425.82619427498
 30
0.0
 11
-45237.958338500226
 21
56425.66665174924
 31
0.0
  0
LINE
  5
5EF
330
17
100
AcDbEntity
  8
FIAÇÃO_COMERCIAL
100
AcDbLine
 10
-45238.00738321468
 20
56425.830303226445
 30
0.0
 11
-45238.01693185156
 21
56425.67058840705
 31
0.0
  0
LINE
  5
5F0
330
17
100
AcDbEntity
  8
FIAÇÃO_COMERCIAL
100
AcDbLine
 10
-45238.01693185156
 20
56425.67058840705
 30
0.0
 11
-45237.97700314671
 21
56425.66820124783
 31
0.0
  0
LINE
  5
5F1
330
17
100
AcDbEntity
  8
FIAÇÃO_COMERCIAL
100
AcDbLine
 10
-45238.12981127647
 20
56425.835600078564
 30
0.0
 11
-45238.13426937923
 21
56425.675662199
 31
0.0
  0
LINE
  5
5F2
330
17
100
AcDbEntity
  8
FIAÇÃO_COMERCIAL
100
AcDbLine
 10
-45238.10428102681
 20
56425.674826304734
 30
0.0
 11
-45238.16425773165
 21
56425.676498093264
 31
0.0
  0
TEXT
  5
5F3
330
17
100
AcDbEntity
  8
FIAÇÃO_COMERCIAL
100
AcDbText
 10
-45237.99053765189
 20
56425.63874892799
 30
0.0
 40
0.06
  1
2#4.0
 50
85.66624350411631
 72
2
 11
-45237.99053765189
 21
56425.63874892799
 31
0.0
100
AcDbText
 73
2
  0
TEXT
  5
5F4
330
17
100
AcDbEntity
  8
FIAÇÃO_COMERCIAL
100
AcDbText
 10
-45237.97391308406
 20
56425.85811990088
 30
0.0
 40
0.06
  1
10
 50
85.66624350411631
 11
-45237.97391308406
 21
56425.85811990088
 31
0.0
100
AcDbText
 73
2
  0
TEXT
  5
5F5
330
17
100
AcDbEntity
  8
FIAÇÃO_COMERCIAL
100
AcDbText
 10
-45238.135105273504
 20
56425.64567384658
 30
0.0
 40
0.06
  1
1#4.0
 50
88.40335290423424
 72
2
 11
-45238.135105273504
 21
56425.64567384658
 31
0.0
100
AcDbText
 73
2
  0
LINE
  5
5F6
330
17
100
AcDbEntity
  8
FIAÇÃO_COMERCIAL
100
AcDbLine
 10
-45234.792228941624
 20
56423.24450949813
 30
0.0
 11
-45234.95070808383
 21
56423.266517712145
 31
0.0
  0
LINE
  5
5F7
330
17
100
AcDbEntity
  8
FIAÇÃO_COMERCIAL
100
AcDbLine
 10
-45234.95070808383
 20
56423.266517712145
 30
0.0
 11
-45234.94520603033
 21
56423.3061374977
 31
0.0
  0
LINE
  5
5F8
330
17
100
AcDbEntity
  8
FIAÇÃO_COMERCIAL
100
AcDbLine
 10
-45234.88691764095
 20
56423.13651411691
 30
0.0
 11
-45234.966340070605
 21
56423.14610982779
 31
0.0
  0
LINE
  5
5F9
330
17
100
AcDbEntity
  8
FIAÇÃO_COMERCIAL
100
AcDbLine
 10
-45234.820468222024
 20
56423.00918216147
 30
0.0
 11
-45234.97965494711
 21
56423.025293851584
 31
0.0
  0
LINE
  5
5FA
330
17
100
AcDbEntity
  8
FIAÇÃO_COMERCIAL
100
AcDbLine
 10
-45234.97663400521
 20
56423.055141362536
 30
0.0
 11
-45234.982675889005
 21
56422.99544634063
 31
0.0
  0
TEXT
  5
5FB
330
17
100
AcDbEntity
  8
FIAÇÃO_COMERCIAL
100
AcDbText
 10
-45235.024995181746
 20
56423.27683406246
 30
0.0
 40
0.06
  1
1#1.5
 72
1
 11
-45235.024995181746
 21
56423.27683406246
 31
0.0
100
AcDbText
 73
2
  0
TEXT
  5
5FC
330
17
100
AcDbEntity
  8
FIAÇÃO_COMERCIAL
100
AcDbText
 10
-45234.71794184371
 20
56423.234193147815
 30
0.0
 40
0.06
  1
03
 72
1
 11
-45234.71794184371
 21
56423.234193147815
 31
0.0
100
AcDbText
 73
2
  0
TEXT
  5
5FD
330
17
100
AcDbEntity
  8
FIAÇÃO_COMERCIAL
100
AcDbText
 10
-45235.04079859841
 20
56423.15510580674
 30
0.0
 40
0.06
  1
1#1.5
 72
1
 11
-45235.04079859841
 21
56423.15510580674
 31
0.0
100
AcDbText
 73
2
  0
TEXT
  5
5FE
330
17
100
AcDbEntity
  8
FIAÇÃO_COMERCIAL
100
AcDbText
 10
-45234.73303668349
 20
56423.117922427075
 30
0.0
 40
0.06
  1
03c
 72
1
 11
-45234.73303668349
 21
56423.117922427075
 31
0.0
100
AcDbText
 73
2
  0
TEXT
  5
5FF
330
17
100
AcDbEntity
  8
FIAÇÃO_COMERCIAL
100
AcDbText
 10
-45235.05427372449
 20
56423.03284620632
 30
0.0
 40
0.06
  1
1#1.5
 72
1
 11
-45235.05427372449
 21
56423.03284620632
 31
0.0
100
AcDbText
 73
2
  0
LINE
  5
600
330
17
100
AcDbEntity
  8
FIAÇÃO_COMERCIAL
100
AcDbLine
 10
-45227.25782279555
 20
56422.165122467726
 30
0.0
 11
-45227.272485665686
 21
56422.32444917685
 31
0.0
  0
LINE
  5
601
330
17
100
AcDbEntity
  8
FIAÇÃO_COMERCIAL
100
AcDbLine
 10
-45227.199233923304
 20
56422.170012409326
 30
0.0
 11
-45227.21149165171
 21
56422.32954218114
 31
0.0
  0
LINE
  5
602
330
17
100
AcDbEntity
  8
FIAÇÃO_COMERCIAL
100
AcDbLine
 10
-45227.21149165171
 20
56422.32954218114
 30
0.0
 11
-45227.25137409466
 21
56422.32647774904
 31
0.0
  0
LINE
  5
603
330
17
100
AcDbEntity
  8
FIAÇÃO_COMERCIAL
100
AcDbLine
 10
-45227.08186865774
 20
56422.17714546227
 30
0.0
 11
-45227.08930828213
 21
56422.336972406156
 31
0.0
  0
LINE
  5
604
330
17
100
AcDbEntity
  8
FIAÇÃO_COMERCIAL
100
AcDbLine
 10
-45227.119275834106
 20
56422.33557747658
 30
0.0
 11
-45227.05934073015
 21
56422.33836733573
 31
0.0
  0
TEXT
  5
605
330
17
100
AcDbEntity
  8
FIAÇÃO_COMERCIAL
100
AcDbText
 10
-45227.24533923228
 20
56422.35681867128
 30
0.0
 40
0.06
  1
2#2.5
 50
-84.74186881634537
 72
2
 11
-45227.24533923228
 21
56422.35681867128
 31
0.0
100
AcDbText
 73
2
  0
TEXT
  5
606
330
17
100
AcDbEntity
  8
FIAÇÃO_COMERCIAL
100
AcDbText
 10
-45227.22517778585
 20
56422.13774444624
 30
0.0
 40
0.06
  1
41
 50
-84.74186881634537
 11
-45227.22517778585
 21
56422.13774444624
 31
0.0
100
AcDbText
 73
2
  0
TEXT
  5
607
330
17
100
AcDbEntity
  8
FIAÇÃO_COMERCIAL
100
AcDbText
 10
-45227.090703211696
 20
56422.36693995813
 30
0.0
 40
0.06
  1
1#2.5
 50
-87.33491983996475
 72
2
 11
-45227.090703211696
 21
56422.36693995813
 31
0.0
100
AcDbText
 73
2
  0
LINE
  5
608
330
17
100
AcDbEntity
  8
FIAÇÃO_COMERCIAL
100
AcDbLine
 10
-45230.40979216914
 20
56423.726524966485
 30
0.0
 11
-45230.40433048412
 21
56423.88643172055
 31
0.0
  0
LINE
  5
609
330
17
100
AcDbEntity
  8
FIAÇÃO_COMERCIAL
100
AcDbLine
 10
-45230.347624703136
 20
56423.7251874474
 30
0.0
 11
-45230.34652965181
 21
56423.885183700055
 31
0.0
  0
LINE
  5
60A
330
17
100
AcDbEntity
  8
FIAÇÃO_COMERCIAL
100
AcDbLine
 10
-45230.34652965181
 20
56423.885183700055
 30
0.0
 11
-45230.386528714975
 21
56423.885457462886
 31
0.0
  0
LINE
  5
60B
330
17
100
AcDbEntity
  8
FIAÇÃO_COMERCIAL
100
AcDbLine
 10
-45230.22329568259
 20
56423.72758875053
 30
0.0
 11
-45230.230933092316
 21
56423.88740636524
 31
0.0
  0
LINE
  5
60C
330
17
100
AcDbEntity
  8
FIAÇÃO_COMERCIAL
100
AcDbLine
 10
-45230.260898895074
 20
56423.88597435092
 30
0.0
 11
-45230.20096728956
 21
56423.888838379564
 31
0.0
  0
TEXT
  5
60D
330
17
100
AcDbEntity
  8
FIAÇÃO_COMERCIAL
100
AcDbText
 10
-45230.37331434359
 20
56423.91576785205
 30
0.0
 40
0.06
  1
2#2.5
 50
88.04379808621803
 11
-45230.37331434359
 21
56423.91576785205
 31
0.0
100
AcDbText
 73
2
  0
TEXT
  5
60E
330
17
100
AcDbEntity
  8
FIAÇÃO_COMERCIAL
100
AcDbText
 10
-45230.38082416051
 20
56423.695896065205
 30
0.0
 40
0.06
  1
41
 50
88.04379808621803
 72
2
 11
-45230.38082416051
 21
56423.695896065205
 31
0.0
100
AcDbText
 73
2
  0
TEXT
  5
60F
330
17
100
AcDbEntity
  8
FIAÇÃO_COMERCIAL
100
AcDbText
 10
-45230.23236510664
 20
56423.917372168
 30
0.0
 40
0.06
  1
1#2.5
 50
-87.26401443027181
 72
2
 11
-45230.23236510664
 21
56423.917372168
 31
0.0
100
AcDbText
 73
2
  0
LINE
  5
610
330
17
100
AcDbEntity
  8
FIAÇÃO_COMERCIAL
100
AcDbLine
 10
-45239.796339740795
 20
56425.830629071716
 30
0.0
 11
-45239.80546446522
 21
56425.67088947298
 31
0.0
  0
LINE
  5
611
330
17
100
AcDbEntity
  8
FIAÇÃO_COMERCIAL
100
AcDbLine
 10
-45239.85753638826
 20
56425.83369205178
 30
0.0
 11
-45239.86411639288
 21
56425.67382741048
 31
0.0
  0
LINE
  5
612
330
17
100
AcDbEntity
  8
FIAÇÃO_COMERCIAL
100
AcDbLine
 10
-45239.86411639288
 20
56425.67382741048
 30
0.0
 11
-45239.824150232555
 21
56425.672182409326
 31
0.0
  0
LINE
  5
613
330
17
100
AcDbEntity
  8
FIAÇÃO_COMERCIAL
100
AcDbLine
 10
-45239.9800371219
 20
56425.83689630246
 30
0.0
 11
-45239.98152332718
 21
56425.67690320513
 31
0.0
  0
LINE
  5
614
330
17
100
AcDbEntity
  8
FIAÇÃO_COMERCIAL
100
AcDbLine
 10
-45239.95152462143
 20
56425.676624541644
 30
0.0
 11
-45240.01152203293
 21
56425.67718186862
 31
0.0
  0
TEXT
  5
615
330
17
100
AcDbEntity
  8
FIAÇÃO_COMERCIAL
100
AcDbText
 10
-45239.83713749483
 20
56425.642438527604
 30
0.0
 40
0.06
  1
2#4.0
 50
86.73067494656524
 72
2
 11
-45239.83713749483
 21
56425.642438527604
 31
0.0
100
AcDbText
 73
2
  0
TEXT
  5
616
330
17
100
AcDbEntity
  8
FIAÇÃO_COMERCIAL
100
AcDbText
 10
-45239.824590998745
 20
56425.86208047587
 30
0.0
 40
0.06
  1
10
 50
86.73067494656524
 11
-45239.824590998745
 21
56425.86208047587
 31
0.0
100
AcDbText
 73
2
  0
TEXT
  5
617
330
17
100
AcDbEntity
  8
FIAÇÃO_COMERCIAL
100
AcDbText
 10
-45239.981801990674
 20
56425.64690449938
 30
0.0
 40
0.06
  1
1#4.0
 50
89.46778428287551
 72
2
 11
-45239.981801990674
 21
56425.64690449938
 31
0.0
100
AcDbText
 73
2
  0
LINE
  5
618
330
17
100
AcDbEntity
  8
FIAÇÃO_COMERCIAL
100
AcDbLine
 10
-45235.91603199662
 20
56421.803887230104
 30
0.0
 11
-45236.07487291534
 21
56421.823111239566
 31
0.0
  0
LINE
  5
619
330
17
100
AcDbEntity
  8
FIAÇÃO_COMERCIAL
100
AcDbLine
 10
-45235.909066422326
 20
56421.86445926845
 30
0.0
 11
-45236.06812910186
 21
56421.881752734735
 31
0.0
  0
LINE
  5
61A
330
17
100
AcDbEntity
  8
FIAÇÃO_COMERCIAL
100
AcDbLine
 10
-45236.06812910186
 20
56421.881752734735
 30
0.0
 11
-45236.072452468434
 21
56421.84198706485
 31
0.0
  0
LINE
  5
61B
330
17
100
AcDbEntity
  8
FIAÇÃO_COMERCIAL
100
AcDbLine
 10
-45235.89734153518
 20
56421.9858344908
 30
0.0
 11
-45236.05677731866
 21
56421.99925950276
 31
0.0
  0
LINE
  5
61C
330
17
100
AcDbEntity
  8
FIAÇÃO_COMERCIAL
100
AcDbLine
 10
-45236.059294508406
 20
56421.96936529336
 30
0.0
 11
-45236.05426012892
 21
56422.02915371216
 31
0.0
  0
TEXT
  5
61D
330
17
100
AcDbEntity
  8
FIAÇÃO_COMERCIAL
100
AcDbText
 10
-45236.145902249045
 20
56421.86192587739
 30
0.0
 40
0.06
  1
2#4.0
 72
1
 11
-45236.145902249045
 21
56421.86192587739
 31
0.0
100
AcDbText
 73
2
  0
TEXT
  5
61E
330
17
100
AcDbEntity
  8
FIAÇÃO_COMERCIAL
100
AcDbText
 10
-45235.83814796903
 20
56421.824679359044
 30
0.0
 40
0.06
  1
10
 72
1
 11
-45235.83814796903
 21
56421.824679359044
 31
0.0
100
AcDbText
 73
2
  0
TEXT
  5
61F
330
17
100
AcDbEntity
  8
FIAÇÃO_COMERCIAL
100
AcDbText
 10
-45236.13151284217
 20
56422.005552477116
 30
0.0
 40
0.06
  1
1#4.0
 72
1
 11
-45236.13151284217
 21
56422.005552477116
 31
0.0
100
AcDbText
 73
2
  0
LINE
  5
620
330
17
100
AcDbEntity
  8
FIAÇÃO_COMERCIAL
100
AcDbLine
 10
-45238.140548924406
 20
56424.218954167845
 30
0.0
 11
-45238.167804764365
 21
56424.06129276107
 31
0.0
  0
LINE
  5
621
330
17
100
AcDbEntity
  8
FIAÇÃO_COMERCIAL
100
AcDbLine
 10
-45238.08404625387
 20
56424.21028718738
 30
0.0
 11
-45238.10570221977
 21
56424.05175952689
 31
0.0
  0
LINE
  5
622
330
17
100
AcDbEntity
  8
FIAÇÃO_COMERCIAL
100
AcDbLine
 10
-45238.10570221977
 20
56424.05175952689
 30
0.0
 11
-45238.1453341349
 21
56424.05717351837
 31
0.0
  0
LINE
  5
623
330
17
100
AcDbEntity
  8
FIAÇÃO_COMERCIAL
100
AcDbLine
 10
-45237.97030031704
 20
56424.1989528835
 30
0.0
 11
-45237.98068210622
 21
56424.0392900561
 31
0.0
  0
LINE
  5
624
330
17
100
AcDbEntity
  8
FIAÇÃO_COMERCIAL
100
AcDbLine
 10
-45238.01061888636
 20
56424.04123664157
 30
0.0
 11
-45237.95074532609
 21
56424.03734347063
 31
0.0
  0
TEXT
  5
625
330
17
100
AcDbEntity
  8
FIAÇÃO_COMERCIAL
100
AcDbText
 10
-45238.14326393057
 20
56424.02718119363
 30
0.0
 40
0.06
  1
2#1.5
 50
80.19188874770765
 72
2
 11
-45238.14326393057
 21
56424.02718119363
 31
0.0
100
AcDbText
 73
2
  0
TEXT
  5
626
330
17
100
AcDbEntity
  8
FIAÇÃO_COMERCIAL
100
AcDbText
 10
-45238.105787150635
 20
56424.24396562795
 30
0.0
 40
0.06
  1
43
 50
80.19188874770765
 11
-45238.105787150635
 21
56424.24396562795
 31
0.0
100
AcDbText
 73
2
  0
TEXT
  5
627
330
17
100
AcDbEntity
  8
FIAÇÃO_COMERCIAL
100
AcDbText
 10
-45237.9826286917
 20
56424.00935327596
 30
0.0
 40
0.06
  1
1#1.5
 50
86.279681920787
 72
2
 11
-45237.9826286917
 21
56424.00935327596
 31
0.0
100
AcDbText
 73
2
  0
LINE
  5
628
330
17
100
AcDbEntity
  8
FIAÇÃO_COMERCIAL
100
AcDbLine
 10
-45253.37011622678
 20
56419.842481653184
 30
0.0
 11
-45253.401164597744
 21
56419.99944024218
 31
0.0
  0
LINE
  5
629
330
17
100
AcDbEntity
  8
FIAÇÃO_COMERCIAL
100
AcDbLine
 10
-45253.401164597744
 20
56419.99944024218
 30
0.0
 11
-45253.36192495049
 21
56420.00720233492
 31
0.0
  0
LINE
  5
62A
330
17
100
AcDbEntity
  8
FIAÇÃO_COMERCIAL
100
AcDbLine
 10
-45253.503159136984
 20
56419.89669198644
 30
0.0
 11
-45253.520048341954
 21
56419.97488888379
 31
0.0
  0
LINE
  5
62B
330
17
100
AcDbEntity
  8
FIAÇÃO_COMERCIAL
100
AcDbLine
 10
-45253.601988528826
 20
56419.79249037778
 30
0.0
 11
-45253.63848672283
 21
56419.94827189734
 31
0.0
  0
LINE
  5
62C
330
17
100
AcDbEntity
  8
FIAÇÃO_COMERCIAL
100
AcDbLine
 10
-45253.609277687916
 20
56419.955115308716
 30
0.0
 11
-45253.66769575775
 21
56419.94142848596
 31
0.0
  0
TEXT
  5
62D
330
17
100
AcDbEntity
  8
FIAÇÃO_COMERCIAL
100
AcDbText
 10
-45253.406986167305
 20
56420.02886997762
 30
0.0
 40
0.06
  1
1#1.5
 50
-78.81063199796584
 72
2
 11
-45253.406986167305
 21
56420.02886997762
 31
0.0
100
AcDbText
 73
2
  0
TEXT
  5
62E
330
17
100
AcDbEntity
  8
FIAÇÃO_COMERCIAL
100
AcDbText
 10
-45253.36429465722
 20
56419.81305191774
 30
0.0
 40
0.06
  1
43
 50
-78.81063199796584
 11
-45253.36429465722
 21
56419.81305191774
 31
0.0
100
AcDbText
 73
2
  0
TEXT
  5
62F
330
17
100
AcDbEntity
  8
FIAÇÃO_COMERCIAL
100
AcDbText
 10
-45253.52638179382
 20
56420.0042127203
 30
0.0
 40
0.06
  1
1#1.5
 50
-77.81229426994395
 72
2
 11
-45253.52638179382
 21
56420.0042127203
 31
0.0
100
AcDbText
 73
2
  0
TEXT
  5
630
330
17
100
AcDbEntity
  8
FIAÇÃO_COMERCIAL
100
AcDbText
 10
-45253.47993648015
 20
56419.78917125258
 30
0.0
 40
0.06
  1
43f
 50
-77.81229426994395
 11
-45253.47993648015
 21
56419.78917125258
 31
0.0
100
AcDbText
 73
2
  0
TEXT
  5
631
330
17
100
AcDbEntity
  8
FIAÇÃO_COMERCIAL
100
AcDbText
 10
-45253.64533013421
 20
56419.977480932255
 30
0.0
 40
0.06
  1
1#1.5
 50
-76.81395648502114
 72
2
 11
-45253.64533013421
 21
56419.977480932255
 31
0.0
100
AcDbText
 73
2
  0
LINE
  5
632
330
17
100
AcDbEntity
  8
FIAÇÃO_COMERCIAL
100
AcDbLine
 10
-45226.85264569468
 20
56424.51488723998
 30
0.0
 11
-45226.85043318722
 21
56424.67487194179
 31
0.0
  0
LINE
  5
633
330
17
100
AcDbEntity
  8
FIAÇÃO_COMERCIAL
100
AcDbLine
 10
-45226.85043318722
 20
56424.67487194179
 30
0.0
 11
-45226.810437011765
 21
56424.67431881492
 31
0.0
  0
LINE
  5
634
330
17
100
AcDbEntity
  8
FIAÇÃO_COMERCIAL
100
AcDbLine
 10
-45226.97153464073
 20
56424.59463748479
 30
0.0
 11
-45226.97284201498
 21
56424.67462680141
 31
0.0
  0
LINE
  5
635
330
17
100
AcDbEntity
  8
FIAÇÃO_COMERCIAL
100
AcDbLine
 10
-45227.08774841497
 20
56424.510871771345
 30
0.0
 11
-45227.095188039355
 21
56424.67069871523
 31
0.0
  0
LINE
  5
636
330
17
100
AcDbEntity
  8
FIAÇÃO_COMERCIAL
100
AcDbLine
 10
-45227.06522048738
 20
56424.672093644804
 30
0.0
 11
-45227.12515559133
 21
56424.66930378565
 31
0.0
  0
TEXT
  5
637
330
17
100
AcDbEntity
  8
FIAÇÃO_COMERCIAL
100
AcDbText
 10
-45226.85001834206
 20
56424.70486907337
 30
0.0
 40
0.06
  1
1#2.5
 50
89.20767887227376
 11
-45226.85001834206
 21
56424.70486907337
 31
0.0
100
AcDbText
 73
2
  0
TEXT
  5
638
330
17
100
AcDbEntity
  8
FIAÇÃO_COMERCIAL
100
AcDbText
 10
-45226.853060539834
 20
56424.4848901084
 30
0.0
 40
0.06
  1
04
 50
89.20767887227376
 72
2
 11
-45226.853060539834
 21
56424.4848901084
 31
0.0
100
AcDbText
 73
2
  0
TEXT
  5
639
330
17
100
AcDbEntity
  8
FIAÇÃO_COMERCIAL
100
AcDbText
 10
-45226.973332280315
 20
56424.704622795136
 30
0.0
 40
0.06
  1
1#2.5
 50
-89.06362048839907
 72
2
 11
-45226.973332280315
 21
56424.704622795136
 31
0.0
100
AcDbText
 73
2
  0
TEXT
  5
63A
330
17
100
AcDbEntity
  8
FIAÇÃO_COMERCIAL
100
AcDbText
 10
-45226.96973700115
 20
56424.48465217445
 30
0.0
 40
0.06
  1
04b
 50
-89.06362048839907
 11
-45226.96973700115
 21
56424.48465217445
 31
0.0
100
AcDbText
 73
2
  0
TEXT
  5
63B
330
17
100
AcDbEntity
  8
FIAÇÃO_COMERCIAL
100
AcDbText
 10
-45227.09658296892
 20
56424.7006662672
 30
0.0
 40
0.06
  1
1#2.5
 50
-87.33491983996475
 72
2
 11
-45227.09658296892
 21
56424.7006662672
 31
0.0
100
AcDbText
 73
2
  0
LINE
  5
63C
330
17
100
AcDbEntity
  8
FIAÇÃO_COMERCIAL
100
AcDbLine
 10
-45236.498236570034
 20
56424.34555842121
 30
0.0
 11
-45236.35571301341
 21
56424.41827042713
 31
0.0
  0
LINE
  5
63D
330
17
100
AcDbEntity
  8
FIAÇÃO_COMERCIAL
100
AcDbLine
 10
-45236.525382803535
 20
56424.398005477364
 30
0.0
 11
-45236.38372681258
 21
56424.47239351554
 31
0.0
  0
LINE
  5
63E
330
17
100
AcDbEntity
  8
FIAÇÃO_COMERCIAL
100
AcDbLine
 10
-45236.38372681258
 20
56424.47239351554
 30
0.0
 11
-45236.36512980303
 21
56424.4369795178
 31
0.0
  0
LINE
  5
63F
330
17
100
AcDbEntity
  8
FIAÇÃO_COMERCIAL
100
AcDbLine
 10
-45236.58151507695
 20
56424.501924354394
 30
0.0
 11
-45236.44165321998
 21
56424.579633176065
 31
0.0
  0
LINE
  5
640
330
17
100
AcDbEntity
  8
FIAÇÃO_COMERCIAL
100
AcDbLine
 10
-45236.42708281592
 20
56424.55340907788
 30
0.0
 11
-45236.456223624045
 21
56424.60585727425
 31
0.0
  0
TEXT
  5
641
330
17
100
AcDbEntity
  8
FIAÇÃO_COMERCIAL
100
AcDbText
 10
-45236.3026951044
 20
56424.47899671605
 30
0.0
 40
0.06
  1
2#4.0
 72
1
 11
-45236.3026951044
 21
56424.47899671605
 31
0.0
100
AcDbText
 73
2
  0
TEXT
  5
642
330
17
100
AcDbEntity
  8
FIAÇÃO_COMERCIAL
100
AcDbText
 10
-45236.578834495376
 20
56424.33811720458
 30
0.0
 40
0.06
  1
10
 72
1
 11
-45236.578834495376
 21
56424.33811720458
 31
0.0
100
AcDbText
 73
2
  0
TEXT
  5
643
330
17
100
AcDbEntity
  8
FIAÇÃO_COMERCIAL
100
AcDbText
 10
-45236.37609297453
 20
56424.61605918623
 30
0.0
 40
0.06
  1
1#4.0
 72
1
 11
-45236.37609297453
 21
56424.61605918623
 31
0.0
100
AcDbText
 73
2
  0
LINE
  5
644
330
17
100
AcDbEntity
  8
FIAÇÃO_COMERCIAL
100
AcDbLine
 10
-45251.96243452087
 20
56426.45666136026
 30
0.0
 11
-45251.94544257372
 21
56426.29756618833
 31
0.0
  0
LINE
  5
645
330
17
100
AcDbEntity
  8
FIAÇÃO_COMERCIAL
100
AcDbLine
 10
-45252.02275735515
 20
56426.449953366544
 30
0.0
 11
-45252.00438420709
 21
56426.291011781585
 31
0.0
  0
LINE
  5
646
330
17
100
AcDbEntity
  8
FIAÇÃO_COMERCIAL
100
AcDbLine
 10
-45252.00438420709
 20
56426.291011781585
 30
0.0
 11
-45251.96464881085
 21
56426.2956050686
 31
0.0
  0
LINE
  5
647
330
17
100
AcDbEntity
  8
FIAÇÃO_COMERCIAL
100
AcDbLine
 10
-45252.14321693877
 20
56426.434967470115
 30
0.0
 11
-45252.122085651165
 21
56426.27636901904
 31
0.0
  0
LINE
  5
648
330
17
100
AcDbEntity
  8
FIAÇÃO_COMERCIAL
100
AcDbLine
 10
-45252.09234844159
 20
56426.280331135466
 30
0.0
 11
-45252.15182286074
 21
56426.272406902615
 31
0.0
  0
TEXT
  5
649
330
17
100
AcDbEntity
  8
FIAÇÃO_COMERCIAL
100
AcDbText
 10
-45251.97207270054
 20
56426.264420243475
 30
0.0
 40
0.06
  1
2#2.5
 50
-83.90371094187392
 11
-45251.97207270054
 21
56426.264420243475
 31
0.0
100
AcDbText
 73
2
  0
TEXT
  5
64A
330
17
100
AcDbEntity
  8
FIAÇÃO_COMERCIAL
100
AcDbText
 10
-45251.995436627876
 20
56426.483176104884
 30
0.0
 40
0.06
  1
42
 50
-83.90371094187392
 72
2
 11
-45251.995436627876
 21
56426.483176104884
 31
0.0
100
AcDbText
 73
2
  0
TEXT
  5
64B
330
17
100
AcDbEntity
  8
FIAÇÃO_COMERCIAL
100
AcDbText
 10
-45252.11812353473
 20
56426.24663180946
 30
0.0
 40
0.06
  1
1#2.5
 50
-82.41074223282108
 11
-45252.11812353473
 21
56426.24663180946
 31
0.0
100
AcDbText
 73
2
  0
LINE
  5
64C
330
17
100
AcDbEntity
  8
FIAÇÃO_COMERCIAL
100
AcDbLine
 10
-45235.858890038835
 20
56426.61821334363
 30
0.0
 11
-45235.69925264219
 21
56426.607447583425
 31
0.0
  0
LINE
  5
64D
330
17
100
AcDbEntity
  8
FIAÇÃO_COMERCIAL
100
AcDbLine
 10
-45235.85553723436
 20
56426.67642969978
 30
0.0
 11
-45235.69570841161
 21
56426.6690305501
 31
0.0
  0
LINE
  5
64E
330
17
100
AcDbEntity
  8
FIAÇÃO_COMERCIAL
100
AcDbLine
 10
-45235.69570841161
 20
56426.6690305501
 30
0.0
 11
-45235.69755819903
 21
56426.62907334441
 31
0.0
  0
LINE
  5
64F
330
17
100
AcDbEntity
  8
FIAÇÃO_COMERCIAL
100
AcDbLine
 10
-45235.85250723618
 20
56426.79300953747
 30
0.0
 11
-45235.69250858741
 21
56426.792351971635
 31
0.0
  0
LINE
  5
650
330
17
100
AcDbEntity
  8
FIAÇÃO_COMERCIAL
100
AcDbLine
 10
-45235.69263188101
 20
56426.76235222499
 30
0.0
 11
-45235.69238529381
 21
56426.82235171828
 31
0.0
  0
TEXT
  5
651
330
17
100
AcDbEntity
  8
FIAÇÃO_COMERCIAL
100
AcDbText
 10
-45235.66759637155
 20
56426.63537883409
 30
0.0
 40
0.06
  1
2#2.5
 50
-3.858118848669324
 11
-45235.66759637155
 21
56426.63537883409
 31
0.0
100
AcDbText
 73
2
  0
TEXT
  5
652
330
17
100
AcDbEntity
  8
FIAÇÃO_COMERCIAL
100
AcDbText
 10
-45235.88709779194
 20
56426.650181754376
 30
0.0
 40
0.06
  1
11
 50
-3.858118848669324
 72
2
 11
-45235.88709779194
 21
56426.650181754376
 31
0.0
100
AcDbText
 73
2
  0
TEXT
  5
653
330
17
100
AcDbEntity
  8
FIAÇÃO_COMERCIAL
100
AcDbText
 10
-45235.66250884077
 20
56426.79222867804
 30
0.0
 40
0.06
  1
1#2.5
 50
-0.2354740823942266
 11
-45235.66250884077
 21
56426.79222867804
 31
0.0
100
AcDbText
 73
2
  0
LINE
  5
654
330
17
100
AcDbEntity
  8
FIAÇÃO_COMERCIAL
100
AcDbLine
 10
-45254.22942133509
 20
56426.10877385059
 30
0.0
 11
-45254.22328491744
 21
56425.94889156771
 31
0.0
  0
LINE
  5
655
330
17
100
AcDbEntity
  8
FIAÇÃO_COMERCIAL
100
AcDbLine
 10
-45254.17016993909
 20
56426.11129349557
 30
0.0
 11
-45254.162645074444
 21
56425.95147054224
 31
0.0
  0
LINE
  5
656
330
17
100
AcDbEntity
  8
FIAÇÃO_COMERCIAL
100
AcDbLine
 10
-45254.162645074444
 20
56425.95147054224
 30
0.0
 11
-45254.20260081278
 21
56425.949589326076
 31
0.0
  0
LINE
  5
657
330
17
100
AcDbEntity
  8
FIAÇÃO_COMERCIAL
100
AcDbLine
 10
-45254.05174393926
 20
56426.11787556299
 30
0.0
 11
-45254.04144398829
 21
56425.95820743527
 31
0.0
  0
LINE
  5
658
330
17
100
AcDbEntity
  8
FIAÇÃO_COMERCIAL
100
AcDbLine
 10
-45254.07138176224
 20
56425.95627619447
 30
0.0
 11
-45254.01150621434
 21
56425.96013867608
 31
0.0
  0
TEXT
  5
659
330
17
100
AcDbEntity
  8
FIAÇÃO_COMERCIAL
100
AcDbText
 10
-45254.192161529376
 20
56425.92018829455
 30
0.0
 40
0.06
  1
2#2.5
 50
-87.80201822796727
 11
-45254.192161529376
 21
56425.92018829455
 31
0.0
100
AcDbText
 73
2
  0
TEXT
  5
65A
330
17
100
AcDbEntity
  8
FIAÇÃO_COMERCIAL
100
AcDbText
 10
-45254.20059910365
 20
56426.14002643351
 30
0.0
 40
0.06
  1
42
 50
-87.80201822796727
 72
2
 11
-45254.20059910365
 21
56426.14002643351
 31
0.0
100
AcDbText
 73
2
  0
TEXT
  5
65B
330
17
100
AcDbEntity
  8
FIAÇÃO_COMERCIAL
100
AcDbText
 10
-45254.039512747484
 20
56425.92826966132
 30
0.0
 40
0.06
  1
1#2.5
 50
-86.30904947438259
 11
-45254.039512747484
 21
56425.92826966132
 31
0.0
100
AcDbText
 73
2
  0
LINE
  5
65C
330
17
100
AcDbEntity
  8
FIAÇÃO_COMERCIAL
100
AcDbLine
 10
-45253.65604567079
 20
56425.20697092128
 30
0.0
 11
-45253.65567099208
 21
56425.36697048257
 31
0.0
  0
LINE
  5
65D
330
17
100
AcDbEntity
  8
FIAÇÃO_COMERCIAL
100
AcDbLine
 10
-45253.65567099208
 20
56425.36697048257
 30
0.0
 11
-45253.615671101754
 21
56425.3668768129
 31
0.0
  0
LINE
  5
65E
330
17
100
AcDbEntity
  8
FIAÇÃO_COMERCIAL
100
AcDbLine
 10
-45253.77585302375
 20
56425.28604660828
 30
0.0
 11
-45253.77716434145
 21
56425.366035860345
 31
0.0
  0
LINE
  5
65F
330
17
100
AcDbEntity
  8
FIAÇÃO_COMERCIAL
100
AcDbLine
 10
-45253.89299987294
 20
56425.20292567577
 30
0.0
 11
-45253.89861890211
 21
56425.36282697818
 31
0.0
  0
LINE
  5
660
330
17
100
AcDbEntity
  8
FIAÇÃO_COMERCIAL
100
AcDbLine
 10
-45253.868637407904
 20
56425.363880546145
 30
0.0
 11
-45253.92860039631
 21
56425.36177341021
 31
0.0
  0
TEXT
  5
661
330
17
100
AcDbEntity
  8
FIAÇÃO_COMERCIAL
100
AcDbText
 10
-45253.655600739825
 20
56425.39697040032
 30
0.0
 40
0.06
  1
1#1.5
 50
89.86582794968427
 11
-45253.655600739825
 21
56425.39697040032
 31
0.0
100
AcDbText
 73
2
  0
TEXT
  5
662
330
17
100
AcDbEntity
  8
FIAÇÃO_COMERCIAL
100
AcDbText
 10
-45253.65611592304
 20
56425.17697100354
 30
0.0
 40
0.06
  1
43
 50
89.86582794968427
 72
2
 11
-45253.65611592304
 21
56425.17697100354
 31
0.0
100
AcDbText
 73
2
  0
TEXT
  5
663
330
17
100
AcDbEntity
  8
FIAÇÃO_COMERCIAL
100
AcDbText
 10
-45253.77765608559
 20
56425.39603182987
 30
0.0
 40
0.06
  1
1#1.5
 50
-89.0607958141555
 72
2
 11
-45253.77765608559
 21
56425.39603182987
 31
0.0
100
AcDbText
 73
2
  0
TEXT
  5
664
330
17
100
AcDbEntity
  8
FIAÇÃO_COMERCIAL
100
AcDbText
 10
-45253.7740499619
 20
56425.176061386686
 30
0.0
 40
0.06
  1
43a
 50
-89.0607958141555
 11
-45253.7740499619
 21
56425.176061386686
 31
0.0
100
AcDbText
 73
2
  0
TEXT
  5
665
330
17
100
AcDbEntity
  8
FIAÇÃO_COMERCIAL
100
AcDbText
 10
-45253.89967247008
 20
56425.392808472374
 30
0.0
 40
0.06
  1
1#1.5
 50
-87.9874195536495
 72
2
 11
-45253.89967247008
 21
56425.392808472374
 31
0.0
100
AcDbText
 73
2
  0
LINE
  5
666
330
17
100
AcDbEntity
  8
FIAÇÃO_COMERCIAL
100
AcDbLine
 10
-45230.246050423644
 20
56427.24935300949
 30
0.0
 11
-45230.23588834906
 21
56427.409029971626
 31
0.0
  0
LINE
  5
667
330
17
100
AcDbEntity
  8
FIAÇÃO_COMERCIAL
100
AcDbLine
 10
-45230.30527461045
 20
56427.252883775116
 30
0.0
 11
-45230.29645112617
 21
56427.412640296505
 31
0.0
  0
LINE
  5
668
330
17
100
AcDbEntity
  8
FIAÇÃO_COMERCIAL
100
AcDbLine
 10
-45230.29645112617
 20
56427.412640296505
 30
0.0
 11
-45230.25651199582
 21
56427.41043442544
 31
0.0
  0
LINE
  5
669
330
17
100
AcDbEntity
  8
FIAÇÃO_COMERCIAL
100
AcDbLine
 10
-45230.423801184865
 20
56427.25845941801
 30
0.0
 11
-45230.41765664621
 21
56427.418341388984
 31
0.0
  0
LINE
  5
66A
330
17
100
AcDbEntity
  8
FIAÇÃO_COMERCIAL
100
AcDbLine
 10
-45230.38767877666
 20
56427.41718928799
 30
0.0
 11
-45230.44763451577
 21
56427.41949348998
 31
0.0
  0
TEXT
  5
66B
330
17
100
AcDbEntity
  8
FIAÇÃO_COMERCIAL
100
AcDbText
 10
-45230.263929701054
 20
56427.440754674666
 30
0.0
 40
0.06
  1
2#2.5
 50
86.35852406882213
 11
-45230.263929701054
 21
56427.440754674666
 31
0.0
100
AcDbText
 73
2
  0
TEXT
  5
66C
330
17
100
AcDbEntity
  8
FIAÇÃO_COMERCIAL
100
AcDbText
 10
-45230.27790255361
 20
56427.22119885171
 30
0.0
 40
0.06
  1
11
 50
86.35852406882213
 72
2
 11
-45230.27790255361
 21
56427.22119885171
 31
0.0
100
AcDbText
 73
2
  0
TEXT
  5
66D
330
17
100
AcDbEntity
  8
FIAÇÃO_COMERCIAL
100
AcDbText
 10
-45230.41650454521
 20
56427.44831925855
 30
0.0
 40
0.06
  1
1#2.5
 50
87.79910796201045
 11
-45230.41650454521
 21
56427.44831925855
 31
0.0
100
AcDbText
 73
2
  0
LINE
  5
66E
330
17
100
AcDbEntity
  8
FIAÇÃO_COMERCIAL
100
AcDbLine
 10
-45226.90310224683
 20
56425.62849880148
 30
0.0
 11
-45226.906879182985
 21
56425.468543386596
 31
0.0
  0
LINE
  5
66F
330
17
100
AcDbEntity
  8
FIAÇÃO_COMERCIAL
100
AcDbLine
 10
-45226.84444418502
 20
56425.62752274607
 30
0.0
 11
-45226.84555514284
 21
56425.46752660308
 31
0.0
  0
LINE
  5
670
330
17
100
AcDbEntity
  8
FIAÇÃO_COMERCIAL
100
AcDbLine
 10
-45226.84555514284
 20
56425.46752660308
 30
0.0
 11
-45226.88555417859
 21
56425.46780434254
 31
0.0
  0
LINE
  5
671
330
17
100
AcDbEntity
  8
FIAÇÃO_COMERCIAL
100
AcDbLine
 10
-45226.72689775316
 20
56425.62849880148
 30
0.0
 11
-45226.723120817005
 21
56425.468543386596
 31
0.0
  0
LINE
  5
672
330
17
100
AcDbEntity
  8
FIAÇÃO_COMERCIAL
100
AcDbLine
 10
-45226.7531124573
 20
56425.46783521107
 30
0.0
 11
-45226.69312917671
 21
56425.46925156212
 31
0.0
  0
TEXT
  5
673
330
17
100
AcDbEntity
  8
FIAÇÃO_COMERCIAL
100
AcDbText
 10
-45226.87759183302
 20
56425.43805353657
 30
0.0
 40
0.06
  1
2#2.5
 50
88.64735872614764
 72
2
 11
-45226.87759183302
 21
56425.43805353657
 31
0.0
100
AcDbText
 73
2
  0
TEXT
  5
674
330
17
100
AcDbEntity
  8
FIAÇÃO_COMERCIAL
100
AcDbText
 10
-45226.87239854582
 20
56425.657992232045
 30
0.0
 40
0.06
  1
09
 50
88.64735872614764
 11
-45226.87239854582
 21
56425.657992232045
 31
0.0
100
AcDbText
 73
2
  0
TEXT
  5
675
330
17
100
AcDbEntity
  8
FIAÇÃO_COMERCIAL
100
AcDbText
 10
-45226.72241264148
 20
56425.4385517463
 30
0.0
 40
0.06
  1
1#2.5
 50
-88.64735872614764
 11
-45226.72241264148
 21
56425.4385517463
 31
0.0
100
AcDbText
 73
2
  0
LINE
  5
676
330
17
100
AcDbEntity
  8
FIAÇÃO_COMERCIAL
100
AcDbLine
 10
-45248.514043918185
 20
56420.37723049847
 30
0.0
 11
-45248.63469390092
 21
56420.48231894534
 31
0.0
  0
LINE
  5
677
330
17
100
AcDbEntity
  8
FIAÇÃO_COMERCIAL
100
AcDbLine
 10
-45248.63469390092
 20
56420.48231894534
 30
0.0
 11
-45248.608421789206
 21
56420.51248144102
 31
0.0
  0
LINE
  5
678
330
17
100
AcDbEntity
  8
FIAÇÃO_COMERCIAL
100
AcDbLine
 10
-45248.65267084746
 20
56420.33884274314
 30
0.0
 11
-45248.71364038738
 21
56420.39063767728
 31
0.0
  0
LINE
  5
679
330
17
100
AcDbEntity
  8
FIAÇÃO_COMERCIAL
100
AcDbLine
 10
-45248.66829170073
 20
56420.19584961666
 30
0.0
 11
-45248.79139610719
 21
56420.29805189214
 31
0.0
  0
LINE
  5
67A
330
17
100
AcDbEntity
  8
FIAÇÃO_COMERCIAL
100
AcDbLine
 10
-45248.77223318054
 20
56420.32113396835
 30
0.0
 11
-45248.81055903384
 21
56420.27496981593
 31
0.0
  0
TEXT
  5
67B
330
17
100
AcDbEntity
  8
FIAÇÃO_COMERCIAL
100
AcDbText
 10
-45248.65731577269
 20
56420.50202302912
 30
0.0
 40
0.06
  1
1#1.5
 50
-41.05648902631344
 72
2
 11
-45248.65731577269
 21
56420.50202302912
 31
0.0
100
AcDbText
 73
2
  0
TEXT
  5
67C
330
17
100
AcDbEntity
  8
FIAÇÃO_COMERCIAL
100
AcDbText
 10
-45248.49142204642
 20
56420.357526414686
 30
0.0
 40
0.06
  1
43
 50
-41.05648902631344
 11
-45248.49142204642
 21
56420.357526414686
 31
0.0
100
AcDbText
 73
2
  0
TEXT
  5
67D
330
17
100
AcDbEntity
  8
FIAÇÃO_COMERCIAL
100
AcDbText
 10
-45248.73650396485
 20
56420.410060777576
 30
0.0
 40
0.06
  1
1#1.5
 50
-40.34861592079196
 72
2
 11
-45248.73650396485
 21
56420.410060777576
 31
0.0
100
AcDbText
 73
2
  0
TEXT
  5
67E
330
17
100
AcDbEntity
  8
FIAÇÃO_COMERCIAL
100
AcDbText
 10
-45248.568837730076
 20
56420.26762470871
 30
0.0
 40
0.06
  1
43g
 50
-40.34861592079196
 11
-45248.568837730076
 21
56420.26762470871
 31
0.0
100
AcDbText
 73
2
  0
TEXT
  5
67F
330
17
100
AcDbEntity
  8
FIAÇÃO_COMERCIAL
100
AcDbText
 10
-45248.8144781834
 20
56420.31721481879
 30
0.0
 40
0.06
  1
1#1.5
 50
-39.69973222582183
 72
2
 11
-45248.8144781834
 21
56420.31721481879
 31
0.0
100
AcDbText
 73
2
  0
LINE
  5
680
330
17
100
AcDbEntity
  8
FIAÇÃO_COMERCIAL
100
AcDbLine
 10
-45236.909008681934
 20
56420.56801052855
 30
0.0
 11
-45236.74902201774
 21
56420.57007626887
 31
0.0
  0
LINE
  5
681
330
17
100
AcDbEntity
  8
FIAÇÃO_COMERCIAL
100
AcDbLine
 10
-45236.74902201774
 20
56420.57007626887
 30
0.0
 11
-45236.74850558266
 21
56420.530079602824
 31
0.0
  0
LINE
  5
682
330
17
100
AcDbEntity
  8
FIAÇÃO_COMERCIAL
100
AcDbLine
 10
-45236.83178532727
 20
56420.68900900254
 30
0.0
 11
-45236.75183444771
 21
56420.69181201125
 31
0.0
  0
LINE
  5
683
330
17
100
AcDbEntity
  8
FIAÇÃO_COMERCIAL
100
AcDbLine
 10
-45236.917080066676
 20
56420.8044597913
 30
0.0
 11
-45236.75732495112
 21
56420.81330869257
 31
0.0
  0
LINE
  5
684
330
17
100
AcDbEntity
  8
FIAÇÃO_COMERCIAL
100
AcDbLine
 10
-45236.755665782126
 20
56420.78335460841
 30
0.0
 11
-45236.75898412011
 21
56420.84326277674
 31
0.0
  0
TEXT
  5
685
330
17
100
AcDbEntity
  8
FIAÇÃO_COMERCIAL
100
AcDbText
 10
-45236.719024518214
 20
56420.570463595184
 30
0.0
 40
0.06
  1
1#1.5
 50
0.739759317492936
 11
-45236.719024518214
 21
56420.570463595184
 31
0.0
100
AcDbText
 73
2
  0
TEXT
  5
686
330
17
100
AcDbEntity
  8
FIAÇÃO_COMERCIAL
100
AcDbText
 10
-45236.93900618146
 20
56420.56762320224
 30
0.0
 40
0.06
  1
03
 50
0.739759317492936
 72
2
 11
-45236.93900618146
 21
56420.56762320224
 31
0.0
100
AcDbText
 73
2
  0
TEXT
  5
687
330
17
100
AcDbEntity
  8
FIAÇÃO_COMERCIAL
100
AcDbText
 10
-45236.72185286787
 20
56420.69286313952
 30
0.0
 40
0.06
  1
1#1.5
 50
2.0079180906269176
 11
-45236.72185286787
 21
56420.69286313952
 31
0.0
100
AcDbText
 73
2
  0
TEXT
  5
688
330
17
100
AcDbEntity
  8
FIAÇÃO_COMERCIAL
100
AcDbText
 10
-45236.94171778666
 20
56420.68515486556
 30
0.0
 40
0.06
  1
03b
 50
2.0079180906269176
 72
2
 11
-45236.94171778666
 21
56420.68515486556
 31
0.0
100
AcDbText
 73
2
  0
TEXT
  5
689
330
17
100
AcDbEntity
  8
FIAÇÃO_COMERCIAL
100
AcDbText
 10
-45236.72737086695
 20
56420.81496786157
 30
0.0
 40
0.06
  1
1#1.5
 50
3.1703969786047703
 11
-45236.72737086695
 21
56420.81496786157
 31
0.0
100
AcDbText
 73
2
  0
LINE
  5
68A
330
17
100
AcDbEntity
  8
FIAÇÃO_COMERCIAL
100
AcDbLine
 10
-45247.53519955717
 20
56421.929940701055
 30
0.0
 11
-45247.69466984797
 21
56421.94294940388
 31
0.0
  0
LINE
  5
68B
330
17
100
AcDbEntity
  8
FIAÇÃO_COMERCIAL
100
AcDbLine
 10
-45247.53978014649
 20
56421.870848443556
 30
0.0
 11
-45247.69936253933
 21
56421.8824009279
 31
0.0
  0
LINE
  5
68C
330
17
100
AcDbEntity
  8
FIAÇÃO_COMERCIAL
100
AcDbLine
 10
-45247.69936253933
 20
56421.8824009279
 30
0.0
 11
-45247.69647441824
 21
56421.92229652611
 31
0.0
  0
LINE
  5
68D
330
17
100
AcDbEntity
  8
FIAÇÃO_COMERCIAL
100
AcDbLine
 10
-45247.54732576924
 20
56421.75255102436
 30
0.0
 11
-45247.70709246596
 21
56421.76118830523
 31
0.0
  0
LINE
  5
68E
330
17
100
AcDbEntity
  8
FIAÇÃO_COMERCIAL
100
AcDbLine
 10
-45247.705472975795
 20
56421.79114456086
 30
0.0
 11
-45247.70871195612
 21
56421.7312320496
 31
0.0
  0
TEXT
  5
68F
330
17
100
AcDbEntity
  8
FIAÇÃO_COMERCIAL
100
AcDbText
 10
-45247.726888847676
 20
56421.91547835228
 30
0.0
 40
0.06
  1
2#4.0
 50
-4.663546197611566
 72
2
 11
-45247.726888847676
 21
56421.91547835228
 31
0.0
100
AcDbText
 73
2
  0
TEXT
  5
690
330
17
100
AcDbEntity
  8
FIAÇÃO_COMERCIAL
100
AcDbText
 10
-45247.50761719781
 20
56421.8975913859
 30
0.0
 40
0.06
  1
10
 50
-4.663546197611566
 11
-45247.50761719781
 21
56421.8975913859
 31
0.0
100
AcDbText
 73
2
  0
TEXT
  5
691
330
17
100
AcDbEntity
  8
FIAÇÃO_COMERCIAL
100
AcDbText
 10
-45247.73704872159
 20
56421.76280779539
 30
0.0
 40
0.06
  1
1#4.0
 50
-3.094502603083953
 72
2
 11
-45247.73704872159
 21
56421.76280779539
 31
0.0
100
AcDbText
 73
2
  0
LINE
  5
692
330
17
100
AcDbEntity
  8
FIAÇÃO_COMERCIAL
100
AcDbLine
 10
-45213.63804435471
 20
56418.063897916785
 30
0.0
 11
-45213.62889313382
 21
56417.90415983379
 31
0.0
  0
LINE
  5
693
330
17
100
AcDbEntity
  8
FIAÇÃO_COMERCIAL
100
AcDbLine
 10
-45213.700265812615
 20
56418.05936747822
 30
0.0
 11
-45213.68635004194
 21
56417.89997377908
 31
0.0
  0
LINE
  5
694
330
17
100
AcDbEntity
  8
FIAÇÃO_COMERCIAL
100
AcDbLine
 10
-45213.68635004194
 20
56417.89997377908
 30
0.0
 11
-45213.64650161716
 21
56417.903452721745
 31
0.0
  0
LINE
  5
695
330
17
100
AcDbEntity
  8
FIAÇÃO_COMERCIAL
100
AcDbLine
 10
-45213.824168669475
 20
56418.04478012153
 30
0.0
 11
-45213.80076524849
 21
56417.88650100135
 31
0.0
  0
LINE
  5
696
330
17
100
AcDbEntity
  8
FIAÇÃO_COMERCIAL
100
AcDbLine
 10
-45213.771087913454
 20
56417.89088914278
 30
0.0
 11
-45213.83044258352
 21
56417.882112859916
 31
0.0
  0
TEXT
  5
697
330
17
100
AcDbEntity
  8
FIAÇÃO_COMERCIAL
100
AcDbText
 10
-45213.657096871415
 20
56417.87202981992
 30
0.0
 40
0.06
  1
2#2.5
 50
-86.72117108965621
 11
-45213.657096871415
 21
56417.87202981992
 31
0.0
100
AcDbText
 73
2
  0
TEXT
  5
698
330
17
100
AcDbEntity
  8
FIAÇÃO_COMERCIAL
100
AcDbText
 10
-45213.66967980013
 20
56418.09166968403
 30
0.0
 40
0.06
  1
41
 50
-86.72117108965621
 72
2
 11
-45213.66967980013
 21
56418.09166968403
 31
0.0
100
AcDbText
 73
2
  0
TEXT
  5
699
330
17
100
AcDbEntity
  8
FIAÇÃO_COMERCIAL
100
AcDbText
 10
-45213.79637710706
 20
56417.85682366631
 30
0.0
 40
0.06
  1
1#2.5
 50
-81.58909101152953
 11
-45213.79637710706
 21
56417.85682366631
 31
0.0
100
AcDbText
 73
2
  0
LINE
  5
69A
330
17
100
AcDbEntity
  8
FIAÇÃO_COMERCIAL
100
AcDbLine
 10
-45234.90766788822
 20
56427.0630397817
 30
0.0
 11
-45234.92606525581
 21
56426.904100998305
 31
0.0
  0
LINE
  5
69B
330
17
100
AcDbEntity
  8
FIAÇÃO_COMERCIAL
100
AcDbLine
 10
-45234.84870185359
 20
56427.05648404912
 30
0.0
 11
-45234.86576652833
 21
56426.89739666158
 31
0.0
  0
LINE
  5
69C
330
17
100
AcDbEntity
  8
FIAÇÃO_COMERCIAL
100
AcDbLine
 10
-45234.86576652833
 20
56426.89739666158
 30
0.0
 11
-45234.90553837522
 21
56426.90166283027
 31
0.0
  0
LINE
  5
69D
330
17
100
AcDbEntity
  8
FIAÇÃO_COMERCIAL
100
AcDbLine
 10
-45234.73061567788
 20
56427.04485252688
 30
0.0
 11
-45234.74501146472
 21
56426.885501463745
 31
0.0
  0
LINE
  5
69E
330
17
100
AcDbEntity
  8
FIAÇÃO_COMERCIAL
100
AcDbLine
 10
-45234.774889789056
 20
56426.88820067378
 30
0.0
 11
-45234.71513314039
 21
56426.88280225371
 31
0.0
  0
TEXT
  5
69F
330
17
100
AcDbEntity
  8
FIAÇÃO_COMERCIAL
100
AcDbText
 10
-45234.899698571695
 20
56426.870984959096
 30
0.0
 40
0.06
  1
2#2.5
 50
83.39732391093288
 72
2
 11
-45234.899698571695
 21
56426.870984959096
 31
0.0
100
AcDbText
 73
2
  0
TEXT
  5
6A0
330
17
100
AcDbEntity
  8
FIAÇÃO_COMERCIAL
100
AcDbText
 10
-45234.87440219127
 20
56427.08952578626
 30
0.0
 40
0.06
  1
11
 50
83.39732391093288
 11
-45234.87440219127
 21
56427.08952578626
 31
0.0
100
AcDbText
 73
2
  0
TEXT
  5
6A1
330
17
100
AcDbEntity
  8
FIAÇÃO_COMERCIAL
100
AcDbText
 10
-45234.747710674754
 20
56426.85562313941
 30
0.0
 40
0.06
  1
1#2.5
 50
84.83790777992881
 72
2
 11
-45234.747710674754
 21
56426.85562313941
 31
0.0
100
AcDbText
 73
2
  0
LINE
  5
6A2
330
17
100
AcDbEntity
  8
FIAÇÃO_COMERCIAL
100
AcDbLine
 10
-45226.215373330364
 20
56426.11936116793
 30
0.0
 11
-45226.088872955654
 21
56426.02139354472
 31
0.0
  0
LINE
  5
6A3
330
17
100
AcDbEntity
  8
FIAÇÃO_COMERCIAL
100
AcDbLine
 10
-45226.17997698894
 20
56426.16597416574
 30
0.0
 11
-45226.05169804177
 21
56426.070347225446
 31
0.0
  0
LINE
  5
6A4
330
17
100
AcDbEntity
  8
FIAÇÃO_COMERCIAL
100
AcDbLine
 10
-45226.05169804177
 20
56426.070347225446
 30
0.0
 11
-45226.075604776845
 21
56426.03827748865
 31
0.0
  0
LINE
  5
6A5
330
17
100
AcDbEntity
  8
FIAÇÃO_COMERCIAL
100
AcDbLine
 10
-45226.11177127263
 20
56426.26110314991
 30
0.0
 11
-45225.98006568071
 21
56426.17025362015
 31
0.0
  0
LINE
  5
6A6
330
17
100
AcDbEntity
  8
FIAÇÃO_COMERCIAL
100
AcDbLine
 10
-45225.99709996754
 20
56426.14555882166
 30
0.0
 11
-45225.96303139388
 21
56426.19494841863
 31
0.0
  0
TEXT
  5
6A7
330
17
100
AcDbEntity
  8
FIAÇÃO_COMERCIAL
100
AcDbText
 10
-45226.011433091175
 20
56425.999362890965
 30
0.0
 40
0.06
  1
2#2.5
 72
1
 11
-45226.011433091175
 21
56425.999362890965
 31
0.0
100
AcDbText
 73
2
  0
TEXT
  5
6A8
330
17
100
AcDbEntity
  8
FIAÇÃO_COMERCIAL
100
AcDbText
 10
-45226.25652756718
 20
56426.189175160944
 30
0.0
 40
0.06
  1
11
 72
1
 11
-45226.25652756718
 21
56426.189175160944
 31
0.0
100
AcDbText
 73
2
  0
TEXT
  5
6A9
330
17
100
AcDbEntity
  8
FIAÇÃO_COMERCIAL
100
AcDbText
 10
-45225.91832868451
 20
56426.12766790307
 30
0.0
 40
0.06
  1
1#2.5
 72
1
 11
-45225.91832868451
 21
56426.12766790307
 31
0.0
100
AcDbText
 73
2
  0
LINE
  5
6AA
330
17
100
AcDbEntity
  8
FIAÇÃO_COMERCIAL
100
AcDbLine
 10
-45235.43172267317
 20
56423.12378255297
 30
0.0
 11
-45235.31340252725
 21
56423.01607766417
 31
0.0
  0
LINE
  5
6AB
330
17
100
AcDbEntity
  8
FIAÇÃO_COMERCIAL
100
AcDbLine
 10
-45235.471823514294
 20
56423.080161185506
 30
0.0
 11
-45235.354514093415
 21
56422.97135631533
 31
0.0
  0
LINE
  5
6AC
330
17
100
AcDbEntity
  8
FIAÇÃO_COMERCIAL
100
AcDbLine
 10
-45235.354514093415
 20
56422.97135631533
 30
0.0
 11
-45235.327312875874
 21
56423.00068367054
 31
0.0
  0
LINE
  5
6AD
330
17
100
AcDbEntity
  8
FIAÇÃO_COMERCIAL
100
AcDbLine
 10
-45235.5532367237
 20
56422.994049696295
 30
0.0
 11
-45235.43797934109
 21
56422.88307341165
 31
0.0
  0
LINE
  5
6AE
330
17
100
AcDbEntity
  8
FIAÇÃO_COMERCIAL
100
AcDbLine
 10
-45235.41717128772
 20
56422.904684170884
 30
0.0
 11
-45235.45878739446
 21
56422.861462652414
 31
0.0
  0
TEXT
  5
6AF
330
17
100
AcDbEntity
  8
FIAÇÃO_COMERCIAL
100
AcDbText
 10
-45235.278243060675
 20
56422.94350531847
 30
0.0
 40
0.06
  1
2#2.5
 72
1
 11
-45235.278243060675
 21
56422.94350531847
 31
0.0
100
AcDbText
 73
2
  0
TEXT
  5
6B0
330
17
100
AcDbEntity
  8
FIAÇÃO_COMERCIAL
100
AcDbText
 10
-45235.507488343384
 20
56423.152183540515
 30
0.0
 40
0.06
  1
33
 72
1
 11
-45235.507488343384
 21
56423.152183540515
 31
0.0
100
AcDbText
 73
2
  0
TEXT
  5
6B1
330
17
100
AcDbEntity
  8
FIAÇÃO_COMERCIAL
100
AcDbText
 10
-45235.383952443
 20
56422.83105327822
 30
0.0
 40
0.06
  1
1#2.5
 72
1
 11
-45235.383952443
 21
56422.83105327822
 31
0.0
100
AcDbText
 73
2
  0
LINE
  5
6B2
330
17
100
AcDbEntity
  8
FIAÇÃO_COMERCIAL
100
AcDbLine
 10
-45232.56875861588
 20
56426.102397182425
 30
0.0
 11
-45232.71677652728
 21
56426.04164606799
 31
0.0
  0
LINE
  5
6B3
330
17
100
AcDbEntity
  8
FIAÇÃO_COMERCIAL
100
AcDbLine
 10
-45232.59380992062
 20
56426.160260434124
 30
0.0
 11
-45232.73939857496
 21
56426.093898218016
 31
0.0
  0
LINE
  5
6B4
330
17
100
AcDbEntity
  8
FIAÇÃO_COMERCIAL
100
AcDbLine
 10
-45232.73939857496
 20
56426.093898218016
 30
0.0
 11
-45232.72280802093
 21
56426.05750105443
 31
0.0
  0
LINE
  5
6B5
330
17
100
AcDbEntity
  8
FIAÇÃO_COMERCIAL
100
AcDbLine
 10
-45232.65045006816
 20
56426.27290582115
 30
0.0
 11
-45232.79054622192
 21
56426.19562019698
 31
0.0
  0
LINE
  5
6B6
330
17
100
AcDbEntity
  8
FIAÇÃO_COMERCIAL
100
AcDbLine
 10
-45232.77605516739
 20
56426.16935216815
 30
0.0
 11
-45232.80503727645
 21
56426.22188822581
 31
0.0
  0
TEXT
  5
6B7
330
17
100
AcDbEntity
  8
FIAÇÃO_COMERCIAL
100
AcDbText
 10
-45232.79807826135
 20
56426.04069783353
 30
0.0
 40
0.06
  1
2#2.5
 72
1
 11
-45232.79807826135
 21
56426.04069783353
 31
0.0
100
AcDbText
 73
2
  0
TEXT
  5
6B8
330
17
100
AcDbEntity
  8
FIAÇÃO_COMERCIAL
100
AcDbText
 10
-45232.51129355802
 20
56426.158403117755
 30
0.0
 40
0.06
  1
11
 72
1
 11
-45232.51129355802
 21
56426.158403117755
 31
0.0
100
AcDbText
 73
2
  0
TEXT
  5
6B9
330
17
100
AcDbEntity
  8
FIAÇÃO_COMERCIAL
100
AcDbText
 10
-45232.85621629399
 20
56426.15939256066
 30
0.0
 40
0.06
  1
1#2.5
 72
1
 11
-45232.85621629399
 21
56426.15939256066
 31
0.0
100
AcDbText
 73
2
  0
LINE
  5
6BA
330
17
100
AcDbEntity
  8
FIAÇÃO_COMERCIAL
100
AcDbLine
 10
-45224.509636666335
 20
56421.98648433571
 30
0.0
 11
-45224.529498499905
 21
56422.145246760636
 31
0.0
  0
LINE
  5
6BB
330
17
100
AcDbEntity
  8
FIAÇÃO_COMERCIAL
100
AcDbLine
 10
-45224.57042157968
 20
56421.97931492475
 30
0.0
 11
-45224.58788619236
 21
56422.138358903896
 31
0.0
  0
LINE
  5
6BC
330
17
100
AcDbEntity
  8
FIAÇÃO_COMERCIAL
100
AcDbLine
 10
-45224.58788619236
 20
56422.138358903896
 30
0.0
 11
-45224.54812519757
 21
56422.14272505706
 31
0.0
  0
LINE
  5
6BD
330
17
100
AcDbEntity
  8
FIAÇÃO_COMERCIAL
100
AcDbLine
 10
-45224.69228059301
 20
56421.96772362324
 30
0.0
 11
-45224.70493938684
 21
56422.127222071314
 31
0.0
  0
LINE
  5
6BE
330
17
100
AcDbEntity
  8
FIAÇÃO_COMERCIAL
100
AcDbLine
 10
-45224.675033427826
 20
56422.12959559516
 30
0.0
 11
-45224.73484534585
 21
56422.12484854747
 31
0.0
  0
TEXT
  5
6BF
330
17
100
AcDbEntity
  8
FIAÇÃO_COMERCIAL
100
AcDbText
 10
-45224.563015745145
 20
56422.17150039838
 30
0.0
 40
0.06
  1
2#2.5
 50
-82.8691098301782
 72
2
 11
-45224.563015745145
 21
56422.17150039838
 31
0.0
100
AcDbText
 73
2
  0
TEXT
  5
6C0
330
17
100
AcDbEntity
  8
FIAÇÃO_COMERCIAL
100
AcDbText
 10
-45224.535705723996
 20
56421.95320206411
 30
0.0
 40
0.06
  1
41
 50
-82.8691098301782
 11
-45224.535705723996
 21
56421.95320206411
 31
0.0
100
AcDbText
 73
2
  0
TEXT
  5
6C1
330
17
100
AcDbEntity
  8
FIAÇÃO_COMERCIAL
100
AcDbText
 10
-45224.70731291069
 20
56422.157128030325
 30
0.0
 40
0.06
  1
1#2.5
 50
-85.46216079326665
 72
2
 11
-45224.70731291069
 21
56422.157128030325
 31
0.0
100
AcDbText
 73
2
  0
LINE
  5
6C2
330
17
100
AcDbEntity
  8
FIAÇÃO_COMERCIAL
100
AcDbLine
 10
-45244.135758528166
 20
56427.348055019145
 30
0.0
 11
-45244.15699510125
 21
56427.18947063162
 31
0.0
  0
LINE
  5
6C3
330
17
100
AcDbEntity
  8
FIAÇÃO_COMERCIAL
100
AcDbLine
 10
-45244.19598757463
 20
56427.35583963663
 30
0.0
 11
-45244.21577567311
 21
56427.197068004534
 31
0.0
  0
LINE
  5
6C4
330
17
100
AcDbEntity
  8
FIAÇÃO_COMERCIAL
100
AcDbLine
 10
-45244.21577567311
 20
56427.197068004534
 30
0.0
 11
-45244.17608276509
 21
56427.19212097992
 31
0.0
  0
LINE
  5
6C5
330
17
100
AcDbEntity
  8
FIAÇÃO_COMERCIAL
100
AcDbLine
 10
-45244.31664588927
 20
56427.36976150247
 30
0.0
 11
-45244.33353221274
 21
56427.210655085
 31
0.0
  0
LINE
  5
6C6
330
17
100
AcDbEntity
  8
FIAÇÃO_COMERCIAL
100
AcDbLine
 10
-45244.30369975946
 20
56427.207488899345
 30
0.0
 11
-45244.36336466602
 21
56427.213821270656
 31
0.0
  0
TEXT
  5
6C7
330
17
100
AcDbEntity
  8
FIAÇÃO_COMERCIAL
100
AcDbText
 10
-45244.19072936328
 20
56427.16358155656
 30
0.0
 40
0.06
  1
2#4.0
 50
82.37270478344442
 72
2
 11
-45244.19072936328
 21
56427.16358155656
 31
0.0
100
AcDbText
 73
2
  0
TEXT
  5
6C8
330
17
100
AcDbEntity
  8
FIAÇÃO_COMERCIAL
100
AcDbText
 10
-45244.161529075296
 20
56427.3816350894
 30
0.0
 40
0.06
  1
10
 50
82.37270478344442
 11
-45244.161529075296
 21
56427.3816350894
 31
0.0
100
AcDbText
 73
2
  0
TEXT
  5
6C9
330
17
100
AcDbEntity
  8
FIAÇÃO_COMERCIAL
100
AcDbText
 10
-45244.336698398394
 20
56427.18082263173
 30
0.0
 40
0.06
  1
1#4.0
 50
83.94174840306054
 72
2
 11
-45244.336698398394
 21
56427.18082263173
 31
0.0
100
AcDbText
 73
2
  0
LINE
  5
6CA
330
17
100
AcDbEntity
  8
FIAÇÃO_COMERCIAL
100
AcDbLine
 10
-45233.36692190102
 20
56425.61458908422
 30
0.0
 11
-45233.350594680844
 21
56425.455424320906
 31
0.0
  0
LINE
  5
6CB
330
17
100
AcDbEntity
  8
FIAÇÃO_COMERCIAL
100
AcDbLine
 10
-45233.308233158285
 20
56425.62090881188
 30
0.0
 11
-45233.28997408382
 21
56425.46195408184
 31
0.0
  0
LINE
  5
6CC
330
17
100
AcDbEntity
  8
FIAÇÃO_COMERCIAL
100
AcDbLine
 10
-45233.28997408382
 20
56425.46195408184
 30
0.0
 11
-45233.329712766325
 21
56425.457389313226
 31
0.0
  0
LINE
  5
6CD
330
17
100
AcDbEntity
  8
FIAÇÃO_COMERCIAL
100
AcDbLine
 10
-45233.19094711607
 20
56425.63570605842
 30
0.0
 11
-45233.16915350907
 21
56425.47719726152
 31
0.0
  0
LINE
  5
6CE
330
17
100
AcDbEntity
  8
FIAÇÃO_COMERCIAL
100
AcDbLine
 10
-45233.19887390849
 20
56425.47311096021
 30
0.0
 11
-45233.13943310965
 21
56425.48128356283
 31
0.0
  0
TEXT
  5
6CF
330
17
100
AcDbEntity
  8
FIAÇÃO_COMERCIAL
100
AcDbText
 10
-45233.31770599212
 20
56425.42879329993
 30
0.0
 40
0.06
  1
2#2.5
 50
-84.14304986229207
 11
-45233.31770599212
 21
56425.42879329993
 31
0.0
100
AcDbText
 73
2
  0
TEXT
  5
6D0
330
17
100
AcDbEntity
  8
FIAÇÃO_COMERCIAL
100
AcDbText
 10
-45233.34015591986
 20
56425.647644849494
 30
0.0
 40
0.06
  1
06
 50
-84.14304986229207
 72
2
 11
-45233.34015591986
 21
56425.647644849494
 31
0.0
100
AcDbText
 73
2
  0
TEXT
  5
6D1
330
17
100
AcDbEntity
  8
FIAÇÃO_COMERCIAL
100
AcDbText
 10
-45233.16506720776
 20
56425.4474768621
 30
0.0
 40
0.06
  1
1#2.5
 50
-82.17140333085193
 11
-45233.16506720776
 21
56425.4474768621
 31
0.0
100
AcDbText
 73
2
  0
LINE
  5
6D2
330
17
100
AcDbEntity
  8
FIAÇÃO_COMERCIAL
100
AcDbLine
 10
-45235.56617196159
 20
56421.033443103326
 30
0.0
 11
-45235.47284378871
 21
56420.90348213939
 31
0.0
  0
LINE
  5
6D3
330
17
100
AcDbEntity
  8
FIAÇÃO_COMERCIAL
100
AcDbLine
 10
-45235.51871036056
 20
56421.06808589513
 30
0.0
 11
-45235.42337992175
 21
56420.93958644986
 31
0.0
  0
LINE
  5
6D4
330
17
100
AcDbEntity
  8
FIAÇÃO_COMERCIAL
100
AcDbLine
 10
-45235.42337992175
 20
56420.93958644986
 30
0.0
 11
-45235.455504783065
 21
56420.915753840156
 31
0.0
  0
LINE
  5
6D5
330
17
100
AcDbEntity
  8
FIAÇÃO_COMERCIAL
100
AcDbLine
 10
-45235.42541690475
 20
56421.1395450977
 30
0.0
 11
-45235.32615105942
 21
56421.01406086782
 31
0.0
  0
LINE
  5
6D6
330
17
100
AcDbEntity
  8
FIAÇÃO_COMERCIAL
100
AcDbLine
 10
-45235.34967935252
 20
56420.99544852182
 30
0.0
 11
-45235.302622766314
 21
56421.03267321382
 31
0.0
  0
TEXT
  5
6D7
330
17
100
AcDbEntity
  8
FIAÇÃO_COMERCIAL
100
AcDbText
 10
-45235.4311133893
 20
56420.896801234216
 30
0.0
 40
0.06
  1
2#2.5
 50
-54.316940402765994
 11
-45235.4311133893
 21
56420.896801234216
 31
0.0
100
AcDbText
 73
2
  0
TEXT
  5
6D8
330
17
100
AcDbEntity
  8
FIAÇÃO_COMERCIAL
100
AcDbText
 10
-45235.55943962701
 20
56421.07549755963
 30
0.0
 40
0.06
  1
42
 50
-54.316940402765994
 72
2
 11
-45235.55943962701
 21
56421.07549755963
 31
0.0
100
AcDbText
 73
2
  0
TEXT
  5
6D9
330
17
100
AcDbEntity
  8
FIAÇÃO_COMERCIAL
100
AcDbText
 10
-45235.307538713416
 20
56420.99053257472
 30
0.0
 40
0.06
  1
1#2.5
 50
-51.65380694835113
 11
-45235.307538713416
 21
56420.99053257472
 31
0.0
100
AcDbText
 73
2
  0
LINE
  5
6DA
330
17
100
AcDbEntity
  8
FIAÇÃO_COMERCIAL
100
AcDbLine
 10
-45240.00631346893
 20
56426.08890695046
 30
0.0
 11
-45240.062444996096
 21
56426.23873769383
 31
0.0
  0
LINE
  5
6DB
330
17
100
AcDbEntity
  8
FIAÇÃO_COMERCIAL
100
AcDbLine
 10
-45240.14626130171
 20
56426.12044384249
 30
0.0
 11
-45240.176138348346
 21
56426.19465544592
 31
0.0
  0
LINE
  5
6DC
330
17
100
AcDbEntity
  8
FIAÇÃO_COMERCIAL
100
AcDbLine
 10
-45240.2017990413
 20
56426.09773889413
 30
0.0
 11
-45240.23257518551
 21
56426.171582167
 31
0.0
  0
TEXT
  5
6DD
330
17
100
AcDbEntity
  8
FIAÇÃO_COMERCIAL
100
AcDbText
 10
-45240.072969657434
 20
56426.266830958215
 30
0.0
 40
0.06
  1
1#1.5
 50
-69.46239671987034
 72
2
 11
-45240.072969657434
 21
56426.266830958215
 31
0.0
100
AcDbText
 73
2
  0
TEXT
  5
6DE
330
17
100
AcDbEntity
  8
FIAÇÃO_COMERCIAL
100
AcDbText
 10
-45239.995788807595
 20
56426.060813686076
 30
0.0
 40
0.06
  1
43
 50
-69.46239671987034
 11
-45239.995788807595
 21
56426.060813686076
 31
0.0
100
AcDbText
 73
2
  0
TEXT
  5
6DF
330
17
100
AcDbEntity
  8
FIAÇÃO_COMERCIAL
100
AcDbText
 10
-45240.215111110636
 20
56426.211132323035
 30
0.0
 40
0.06
  1
2#1.5
 50
-68.07064620544507
 72
2
 11
-45240.215111110636
 21
56426.211132323035
 31
0.0
100
AcDbText
 73
2
  0
TEXT
  5
6E0
330
17
100
AcDbEntity
  8
FIAÇÃO_COMERCIAL
100
AcDbText
 10
-45240.13294923237
 20
56426.007050413595
 30
0.0
 40
0.06
  1
43b
 50
-68.07064620544507
 11
-45240.13294923237
 21
56426.007050413595
 31
0.0
100
AcDbText
 73
2
  0
LINE
  5
6E1
330
17
100
AcDbEntity
  8
FIAÇÃO_COMERCIAL
100
AcDbLine
 10
-45234.631634643825
 20
56422.54542537668
 30
0.0
 11
-45234.55523636757
 21
56422.68600739325
 31
0.0
  0
LINE
  5
6E2
330
17
100
AcDbEntity
  8
FIAÇÃO_COMERCIAL
100
AcDbLine
 10
-45234.57812681721
 20
56422.51667671784
 30
0.0
 11
-45234.50303585259
 21
56422.65796134911
 31
0.0
  0
LINE
  5
6E3
330
17
100
AcDbEntity
  8
FIAÇÃO_COMERCIAL
100
AcDbLine
 10
-45234.50303585259
 20
56422.65796134911
 30
0.0
 11
-45234.53835701041
 21
56422.676734090266
 31
0.0
  0
LINE
  5
6E4
330
17
100
AcDbEntity
  8
FIAÇÃO_COMERCIAL
100
AcDbLine
 10
-45234.47032461196
 20
56422.46067082462
 30
0.0
 11
-45234.39786754073
 21
56422.60332415556
 31
0.0
  0
LINE
  5
6E5
330
17
100
AcDbEntity
  8
FIAÇÃO_COMERCIAL
100
AcDbLine
 10
-45234.424615040276
 20
56422.61690985642
 30
0.0
 11
-45234.37112004118
 21
56422.589738454706
 31
0.0
  0
TEXT
  5
6E6
330
17
100
AcDbEntity
  8
FIAÇÃO_COMERCIAL
100
AcDbText
 10
-45234.51448460537
 20
56422.698167845614
 30
0.0
 40
0.06
  1
2#2.5
 50
61.47845255590932
 11
-45234.51448460537
 21
56422.698167845614
 31
0.0
100
AcDbText
 73
2
  0
TEXT
  5
6E7
330
17
100
AcDbEntity
  8
FIAÇÃO_COMERCIAL
100
AcDbText
 10
-45234.61953223523
 20
56422.504867572825
 30
0.0
 40
0.06
  1
06
 50
61.47845255590932
 72
2
 11
-45234.61953223523
 21
56422.504867572825
 31
0.0
100
AcDbText
 73
2
  0
TEXT
  5
6E8
330
17
100
AcDbEntity
  8
FIAÇÃO_COMERCIAL
100
AcDbText
 10
-45234.38428183988
 20
56422.63007165511
 30
0.0
 40
0.06
  1
1#2.5
 50
63.072885199421826
 11
-45234.38428183988
 21
56422.63007165511
 31
0.0
100
AcDbText
 73
2
  0
LINE
  5
6E9
330
17
100
AcDbEntity
  8
FIAÇÃO_COMERCIAL
100
AcDbLine
 10
-45231.60960562263
 20
56423.573476538826
 30
0.0
 11
-45231.659234904546
 21
56423.42136824063
 31
0.0
  0
LINE
  5
6EA
330
17
100
AcDbEntity
  8
FIAÇÃO_COMERCIAL
100
AcDbLine
 10
-45231.51954506869
 20
56423.462762363044
 30
0.0
 11
-45231.54095657875
 21
56423.385680930536
 31
0.0
  0
TEXT
  5
6EB
330
17
100
AcDbEntity
  8
FIAÇÃO_COMERCIAL
100
AcDbText
 10
-45231.6685403949
 20
56423.39284793472
 30
0.0
 40
0.06
  1
1#1.5
 50
71.92974001830348
 72
2
 11
-45231.6685403949
 21
56423.39284793472
 31
0.0
100
AcDbText
 73
2
  0
TEXT
  5
6EC
330
17
100
AcDbEntity
  8
FIAÇÃO_COMERCIAL
100
AcDbText
 10
-45231.600300132275
 20
56423.601996844736
 30
0.0
 40
0.06
  1
03
 50
71.92974001830348
 11
-45231.600300132275
 21
56423.601996844736
 31
0.0
100
AcDbText
 73
2
  0
TEXT
  5
6ED
330
17
100
AcDbEntity
  8
FIAÇÃO_COMERCIAL
100
AcDbText
 10
-45231.548985895024
 20
56423.35677539335
 30
0.0
 40
0.06
  1
1#1.5
 50
74.47588829148218
 72
2
 11
-45231.548985895024
 21
56423.35677539335
 31
0.0
100
AcDbText
 73
2
  0
TEXT
  5
6EE
330
17
100
AcDbEntity
  8
FIAÇÃO_COMERCIAL
100
AcDbText
 10
-45231.49010424235
 20
56423.568749332735
 30
0.0
 40
0.06
  1
03d
 50
74.47588829148218
 11
-45231.49010424235
 21
56423.568749332735
 31
0.0
100
AcDbText
 73
2
  0
LINE
  5
6EF
330
17
100
AcDbEntity
  8
FIAÇÃO_COMERCIAL
100
AcDbLine
 10
-45228.408695448685
 20
56419.302663455564
 30
0.0
 11
-45228.39102701044
 21
56419.46168492044
 31
0.0
  0
LINE
  5
6F0
330
17
100
AcDbEntity
  8
FIAÇÃO_COMERCIAL
100
AcDbLine
 10
-45228.28020629937
 20
56419.373511968566
 30
0.0
 11
-45228.2777239677
 21
56419.45347344698
 31
0.0
  0
TEXT
  5
6F1
330
17
100
AcDbEntity
  8
FIAÇÃO_COMERCIAL
100
AcDbText
 10
-45228.387714178265
 20
56419.4915014451
 30
0.0
 40
0.06
  1
1#2.5
 50
83.66002656850667
 11
-45228.387714178265
 21
56419.4915014451
 31
0.0
100
AcDbText
 73
2
  0
TEXT
  5
6F2
330
17
100
AcDbEntity
  8
FIAÇÃO_COMERCIAL
100
AcDbText
 10
-45228.41200828086
 20
56419.2728469309
 30
0.0
 40
0.06
  1
04
 50
83.66002656850667
 72
2
 11
-45228.41200828086
 21
56419.2728469309
 31
0.0
100
AcDbText
 73
2
  0
TEXT
  5
6F3
330
17
100
AcDbEntity
  8
FIAÇÃO_COMERCIAL
100
AcDbText
 10
-45228.276793093326
 20
56419.48345900138
 30
0.0
 40
0.06
  1
1#2.5
 50
88.22187549069591
 11
-45228.276793093326
 21
56419.48345900138
 31
0.0
100
AcDbText
 73
2
  0
TEXT
  5
6F4
330
17
100
AcDbEntity
  8
FIAÇÃO_COMERCIAL
100
AcDbText
 10
-45228.28361950542
 20
56419.263564935754
 30
0.0
 40
0.06
  1
04c
 50
88.22187549069591
 72
2
 11
-45228.28361950542
 21
56419.263564935754
 31
0.0
100
AcDbText
 73
2
  0
LINE
  5
6F5
330
17
100
AcDbEntity
  8
FIAÇÃO_COMERCIAL
100
AcDbLine
 10
-45242.22541908986
 20
56425.50370174972
 30
0.0
 11
-45242.24148389212
 21
56425.66289321346
 31
0.0
  0
LINE
  5
6F6
330
17
100
AcDbEntity
  8
FIAÇÃO_COMERCIAL
100
AcDbLine
 10
-45242.11430268165
 20
56425.597502759505
 30
0.0
 11
-45242.125390729285
 21
56425.67673062834
 31
0.0
  0
TEXT
  5
6F7
330
17
100
AcDbEntity
  8
FIAÇÃO_COMERCIAL
100
AcDbText
 10
-45242.244496042535
 20
56425.69274161292
 30
0.0
 40
0.06
  1
1#1.5
 50
-84.23750654286805
 72
2
 11
-45242.244496042535
 21
56425.69274161292
 31
0.0
100
AcDbText
 73
2
  0
TEXT
  5
6F8
330
17
100
AcDbEntity
  8
FIAÇÃO_COMERCIAL
100
AcDbText
 10
-45242.22240693944
 20
56425.47385335027
 30
0.0
 40
0.06
  1
03
 50
-84.23750654286805
 11
-45242.22240693944
 21
56425.47385335027
 31
0.0
100
AcDbText
 73
2
  0
TEXT
  5
6F9
330
17
100
AcDbEntity
  8
FIAÇÃO_COMERCIAL
100
AcDbText
 10
-45242.12954874714
 20
56425.70644107915
 30
0.0
 40
0.06
  1
1#1.5
 50
-82.03312317449942
 72
2
 11
-45242.12954874714
 21
56425.70644107915
 31
0.0
100
AcDbText
 73
2
  0
TEXT
  5
6FA
330
17
100
AcDbEntity
  8
FIAÇÃO_COMERCIAL
100
AcDbText
 10
-45242.099056616156
 20
56425.48856443986
 30
0.0
 40
0.06
  1
03a
 50
-82.03312317449942
 11
-45242.099056616156
 21
56425.48856443986
 31
0.0
100
AcDbText
 73
2
  0
LINE
  5
6FB
330
17
100
AcDbEntity
  8
FIAÇÃO_COMERCIAL
100
AcDbLine
 10
-45228.56287507464
 20
56422.326215679765
 30
0.0
 11
-45228.61358924903
 21
56422.17446564677
 31
0.0
  0
LINE
  5
6FC
330
17
100
AcDbEntity
  8
FIAÇÃO_COMERCIAL
100
AcDbLine
 10
-45228.4733642881
 20
56422.215683478214
 30
0.0
 11
-45228.494148035745
 21
56422.13843041463
 31
0.0
  0
TEXT
  5
6FD
330
17
100
AcDbEntity
  8
FIAÇÃO_COMERCIAL
100
AcDbText
 10
-45228.62309815673
 20
56422.14601251558
 30
0.0
 40
0.06
  1
1#2.5
 50
71.52060529969837
 72
2
 11
-45228.62309815673
 21
56422.14601251558
 31
0.0
100
AcDbText
 73
2
  0
TEXT
  5
6FE
330
17
100
AcDbEntity
  8
FIAÇÃO_COMERCIAL
100
AcDbText
 10
-45228.55336616694
 20
56422.354668810956
 30
0.0
 40
0.06
  1
04
 50
71.52060529969837
 11
-45228.55336616694
 21
56422.354668810956
 31
0.0
100
AcDbText
 73
2
  0
TEXT
  5
6FF
330
17
100
AcDbEntity
  8
FIAÇÃO_COMERCIAL
100
AcDbText
 10
-45228.50194194112
 20
56422.109460515785
 30
0.0
 40
0.06
  1
1#2.5
 50
74.9419919706072
 72
2
 11
-45228.50194194112
 21
56422.109460515785
 31
0.0
100
AcDbText
 73
2
  0
TEXT
  5
700
330
17
100
AcDbEntity
  8
FIAÇÃO_COMERCIAL
100
AcDbText
 10
-45228.444786635075
 20
56422.321906440644
 30
0.0
 40
0.06
  1
04b
 50
74.9419919706072
 11
-45228.444786635075
 21
56422.321906440644
 31
0.0
100
AcDbText
 73
2
  0
LINE
  5
701
330
17
100
AcDbEntity
  8
FIAÇÃO_COMERCIAL
100
AcDbLine
 10
-45231.65440367394
 20
56420.74839040728
 30
0.0
 11
-45231.68890487172
 21
56420.59215447239
 31
0.0
  0
LINE
  5
702
330
17
100
AcDbEntity
  8
FIAÇÃO_COMERCIAL
100
AcDbLine
 10
-45231.55390177389
 20
56420.647211747324
 30
0.0
 11
-45231.5675237911
 21
56420.56838002372
 31
0.0
  0
TEXT
  5
703
330
17
100
AcDbEntity
  8
FIAÇÃO_COMERCIAL
100
AcDbText
 10
-45231.695373846305
 20
56420.5628602346
 30
0.0
 40
0.06
  1
1#1.5
 50
77.54736348942332
 72
2
 11
-45231.695373846305
 21
56420.5628602346
 31
0.0
100
AcDbText
 73
2
  0
TEXT
  5
704
330
17
100
AcDbEntity
  8
FIAÇÃO_COMERCIAL
100
AcDbText
 10
-45231.64793469936
 20
56420.77768464507
 30
0.0
 40
0.06
  1
03
 50
77.54736348942332
 11
-45231.64793469936
 21
56420.77768464507
 31
0.0
100
AcDbText
 73
2
  0
TEXT
  5
705
330
17
100
AcDbEntity
  8
FIAÇÃO_COMERCIAL
100
AcDbText
 10
-45231.572632047544
 20
56420.53881812736
 30
0.0
 40
0.06
  1
1#1.5
 50
80.19617897893119
 72
2
 11
-45231.572632047544
 21
56420.53881812736
 31
0.0
100
AcDbText
 73
2
  0
TEXT
  5
706
330
17
100
AcDbEntity
  8
FIAÇÃO_COMERCIAL
100
AcDbText
 10
-45231.53517150024
 20
56420.75560536729
 30
0.0
 40
0.06
  1
03c
 50
80.19617897893119
 11
-45231.53517150024
 21
56420.75560536729
 31
0.0
100
AcDbText
 73
2
  0
LINE
  5
707
330
17
100
AcDbEntity
  8
FIAÇÃO_COMERCIAL
100
AcDbLine
 10
-45251.40812009966
 20
56422.28173479944
 30
0.0
 11
-45251.28435611764
 21
56422.38313734751
 31
0.0
  0
LINE
  5
708
330
17
100
AcDbEntity
  8
FIAÇÃO_COMERCIAL
100
AcDbLine
 10
-45251.42585523937
 20
56422.422174237836
 30
0.0
 11
-45251.368394162164
 21
56422.47783593567
 31
0.0
  0
TEXT
  5
709
330
17
100
AcDbEntity
  8
FIAÇÃO_COMERCIAL
100
AcDbText
 10
-45251.26115037101
 20
56422.40215032527
 30
0.0
 40
0.06
  1
1#1.5
 50
39.32851544019771
 11
-45251.26115037101
 21
56422.40215032527
 31
0.0
100
AcDbText
 73
2
  0
TEXT
  5
70A
330
17
100
AcDbEntity
  8
FIAÇÃO_COMERCIAL
100
AcDbText
 10
-45251.43132584629
 20
56422.26272182168
 30
0.0
 40
0.06
  1
43
 50
39.32851544019771
 72
2
 11
-45251.43132584629
 21
56422.26272182168
 31
0.0
100
AcDbText
 73
2
  0
TEXT
  5
70B
330
17
100
AcDbEntity
  8
FIAÇÃO_COMERCIAL
100
AcDbText
 10
-45251.34684625821
 20
56422.49870907236
 30
0.0
 40
0.06
  1
1#1.5
 50
44.088705609375964
 11
-45251.34684625821
 21
56422.49870907236
 31
0.0
100
AcDbText
 73
2
  0
TEXT
  5
70C
330
17
100
AcDbEntity
  8
FIAÇÃO_COMERCIAL
100
AcDbText
 10
-45251.50486422054
 20
56422.34563940331
 30
0.0
 40
0.06
  1
43c
 50
44.088705609375964
 72
2
 11
-45251.50486422054
 21
56422.34563940331
 31
0.0
100
AcDbText
 73
2
  0
LINE
  5
70D
330
17
100
AcDbEntity
  8
FIAÇÃO_COMERCIAL
100
AcDbLine
 10
-45248.629832559454
 20
56425.078364444016
 30
0.0
 11
-45248.652697721656
 21
56424.920006670734
 31
0.0
  0
LINE
  5
70E
330
17
100
AcDbEntity
  8
FIAÇÃO_COMERCIAL
100
AcDbLine
 10
-45248.522196757964
 20
56424.984318688286
 30
0.0
 11
-45248.530655342896
 21
56424.904767117965
 31
0.0
  0
TEXT
  5
70F
330
17
100
AcDbEntity
  8
FIAÇÃO_COMERCIAL
100
AcDbText
 10
-45248.656984939575
 20
56424.89031458825
 30
0.0
 40
0.06
  1
1#1.5
 50
81.78388780930311
 72
2
 11
-45248.656984939575
 21
56424.89031458825
 31
0.0
100
AcDbText
 73
2
  0
TEXT
  5
710
330
17
100
AcDbEntity
  8
FIAÇÃO_COMERCIAL
100
AcDbText
 10
-45248.625545341536
 20
56425.1080565265
 30
0.0
 40
0.06
  1
43
 50
81.78388780930311
 11
-45248.625545341536
 21
56425.1080565265
 31
0.0
100
AcDbText
 73
2
  0
TEXT
  5
711
330
17
100
AcDbEntity
  8
FIAÇÃO_COMERCIAL
100
AcDbText
 10
-45248.53382731224
 20
56424.87493527909
 30
0.0
 40
0.06
  1
1#1.5
 50
83.93064020465032
 72
2
 11
-45248.53382731224
 21
56424.87493527909
 31
0.0
100
AcDbText
 73
2
  0
TEXT
  5
712
330
17
100
AcDbEntity
  8
FIAÇÃO_COMERCIAL
100
AcDbText
 10
-45248.51056620369
 20
56425.09370209748
 30
0.0
 40
0.06
  1
43a
 50
83.93064020465032
 11
-45248.51056620369
 21
56425.09370209748
 31
0.0
100
AcDbText
 73
2
  0
LINE
  5
713
330
17
100
AcDbEntity
  8
FIAÇÃO_COMERCIAL
100
AcDbLine
 10
-45236.3852009112
 20
56424.3880306705
 30
0.0
 11
-45236.37382491752
 21
56424.22843559925
 31
0.0
  0
LINE
  5
714
330
17
100
AcDbEntity
  8
FIAÇÃO_COMERCIAL
100
AcDbLine
 10
-45236.26019089859
 20
56424.320773181724
 30
0.0
 11
-45236.249378402565
 21
56424.2415072374
 31
0.0
  0
TEXT
  5
715
330
17
100
AcDbEntity
  8
FIAÇÃO_COMERCIAL
100
AcDbText
 10
-45236.371691918706
 20
56424.19851152339
 30
0.0
 40
0.06
  1
1#1.5
 50
-85.92283225280906
 11
-45236.371691918706
 21
56424.19851152339
 31
0.0
100
AcDbText
 73
2
  0
TEXT
  5
716
330
17
100
AcDbEntity
  8
FIAÇÃO_COMERCIAL
100
AcDbText
 10
-45236.38733391002
 20
56424.417954746365
 30
0.0
 40
0.06
  1
03
 50
-85.92283225280906
 72
2
 11
-45236.38733391002
 21
56424.417954746365
 31
0.0
100
AcDbText
 73
2
  0
TEXT
  5
717
330
17
100
AcDbEntity
  8
FIAÇÃO_COMERCIAL
100
AcDbText
 10
-45236.245323716554
 20
56424.211782508275
 30
0.0
 40
0.06
  1
1#1.5
 50
-82.23234770920376
 11
-45236.245323716554
 21
56424.211782508275
 31
0.0
100
AcDbText
 73
2
  0
TEXT
  5
718
330
17
100
AcDbEntity
  8
FIAÇÃO_COMERCIAL
100
AcDbText
 10
-45236.275058080624
 20
56424.42976385517
 30
0.0
 40
0.06
  1
03b
 50
-82.23234770920376
 72
2
 11
-45236.275058080624
 21
56424.42976385517
 31
0.0
100
AcDbText
 73
2
  0
LINE
  5
719
330
17
100
AcDbEntity
  8
FIAÇÃO_COMERCIAL
100
AcDbLine
 10
-45223.46353414198
 20
56424.50316830402
 30
0.0
 11
-45223.50154140043
 21
56424.347748072694
 31
0.0
  0
LINE
  5
71A
330
17
100
AcDbEntity
  8
FIAÇÃO_COMERCIAL
100
AcDbLine
 10
-45223.52392644886
 20
56424.51714389132
 30
0.0
 11
-45223.55805532749
 21
56424.36082620311
 31
0.0
  0
LINE
  5
71B
330
17
100
AcDbEntity
  8
FIAÇÃO_COMERCIAL
100
AcDbLine
 10
-45223.55805532749
 20
56424.36082620311
 30
0.0
 11
-45223.51897590544
 21
56424.35229398346
 31
0.0
  0
LINE
  5
71C
330
17
100
AcDbEntity
  8
FIAÇÃO_COMERCIAL
100
AcDbLine
 10
-45223.646599822205
 20
56424.53986039931
 30
0.0
 11
-45223.671338989916
 21
56424.38178455175
 31
0.0
  0
LINE
  5
71D
330
17
100
AcDbEntity
  8
FIAÇÃO_COMERCIAL
100
AcDbLine
 10
-45223.70838675221
 20
56424.548487122316
 30
0.0
 11
-45223.72839588776
 21
56424.389743194886
 31
0.0
  0
LINE
  5
71E
330
17
100
AcDbEntity
  8
FIAÇÃO_COMERCIAL
100
AcDbLine
 10
-45223.72839588776
 20
56424.389743194886
 30
0.0
 11
-45223.6887099059
 21
56424.384740910995
 31
0.0
  0
LINE
  5
71F
330
17
100
AcDbEntity
  8
FIAÇÃO_COMERCIAL
100
AcDbLine
 10
-45223.83259074368
 20
56424.560239767285
 30
0.0
 11
-45223.84309053962
 21
56424.400584656854
 31
0.0
  0
LINE
  5
720
330
17
100
AcDbEntity
  8
FIAÇÃO_COMERCIAL
100
AcDbLine
 10
-45223.813155206415
 20
56424.398615945116
 30
0.0
 11
-45223.87302587283
 21
56424.40255336859
 31
0.0
  0
TEXT
  5
721
330
17
100
AcDbEntity
  8
FIAÇÃO_COMERCIAL
100
AcDbText
 10
-45223.537894319874
 20
56424.325370208746
 30
0.0
 40
0.06
  1
2#2.5
 50
76.2582890069304
 72
2
 11
-45223.537894319874
 21
56424.325370208746
 31
0.0
100
AcDbText
 73
2
  0
TEXT
  5
722
330
17
100
AcDbEntity
  8
FIAÇÃO_COMERCIAL
100
AcDbText
 10
-45223.48563433951
 20
56424.53907302682
 30
0.0
 40
0.06
  1
09
 50
76.2582890069304
 11
-45223.48563433951
 21
56424.53907302682
 31
0.0
100
AcDbText
 73
2
  0
TEXT
  5
723
330
17
100
AcDbEntity
  8
FIAÇÃO_COMERCIAL
100
AcDbText
 10
-45223.70568854082
 20
56424.356291671866
 30
0.0
 40
0.06
  1
2#2.5
 50
81.10525353311152
 72
2
 11
-45223.70568854082
 21
56424.356291671866
 31
0.0
100
AcDbText
 73
2
  0
TEXT
  5
724
330
17
100
AcDbEntity
  8
FIAÇÃO_COMERCIAL
100
AcDbText
 10
-45223.67167218522
 20
56424.57364596226
 30
0.0
 40
0.06
  1
35
 50
81.10525353311152
 11
-45223.67167218522
 21
56424.57364596226
 31
0.0
100
AcDbText
 73
2
  0
TEXT
  5
725
330
17
100
AcDbEntity
  8
FIAÇÃO_COMERCIAL
100
AcDbText
 10
-45223.84505925136
 20
56424.37064932365
 30
0.0
 40
0.06
  1
1#2.5
 50
86.23733360388398
 72
2
 11
-45223.84505925136
 21
56424.37064932365
 31
0.0
100
AcDbText
 73
2
  0
LINE
  5
726
330
17
100
AcDbEntity
  8
FIAÇÃO_COMERCIAL
100
AcDbLine
 10
-45230.01533441937
 20
56426.20922559512
 30
0.0
 11
-45230.015067632296
 21
56426.04922581754
 31
0.0
  0
LINE
  5
727
330
17
100
AcDbEntity
  8
FIAÇÃO_COMERCIAL
100
AcDbLine
 10
-45230.015067632296
 20
56426.04922581754
 30
0.0
 11
-45230.055067576686
 21
56426.049159120776
 31
0.0
  0
LINE
  5
728
330
17
100
AcDbEntity
  8
FIAÇÃO_COMERCIAL
100
AcDbLine
 10
-45229.89520451768
 20
56426.1300734581
 30
0.0
 11
-45229.89427078397
 21
56426.05007890741
 31
0.0
  0
LINE
  5
729
330
17
100
AcDbEntity
  8
FIAÇÃO_COMERCIAL
100
AcDbLine
 10
-45229.83521094081
 20
56426.130947167294
 30
0.0
 11
-45229.83387706696
 21
56426.050958288186
 31
0.0
  0
LINE
  5
72A
330
17
100
AcDbEntity
  8
FIAÇÃO_COMERCIAL
100
AcDbLine
 10
-45229.77522248065
 20
56426.13212073874
 30
0.0
 11
-45229.77348850012
 21
56426.052139532745
 31
0.0
  0
LINE
  5
72B
330
17
100
AcDbEntity
  8
FIAÇÃO_COMERCIAL
100
AcDbLine
 10
-45229.65780095912
 20
56426.21532719963
 30
0.0
 11
-45229.65273285164
 21
56426.055407487635
 31
0.0
  0
LINE
  5
72C
330
17
100
AcDbEntity
  8
FIAÇÃO_COMERCIAL
100
AcDbLine
 10
-45229.68271779764
 20
56426.054457217484
 30
0.0
 11
-45229.62274790564
 21
56426.056357757785
 31
0.0
  0
TEXT
  5
72D
330
17
100
AcDbEntity
  8
FIAÇÃO_COMERCIAL
100
AcDbText
 10
-45230.015017609716
 20
56426.01922585925
 30
0.0
 40
0.06
  1
1#1.5
 50
-89.9044638711476
 11
-45230.015017609716
 21
56426.01922585925
 31
0.0
100
AcDbText
 73
2
  0
TEXT
  5
72E
330
17
100
AcDbEntity
  8
FIAÇÃO_COMERCIAL
100
AcDbText
 10
-45230.01538444195
 20
56426.239225553414
 30
0.0
 40
0.06
  1
43
 50
-89.9044638711476
 72
2
 11
-45230.01538444195
 21
56426.239225553414
 31
0.0
100
AcDbText
 73
2
  0
TEXT
  5
72F
330
17
100
AcDbEntity
  8
FIAÇÃO_COMERCIAL
100
AcDbText
 10
-45229.83392876252
 20
56426.02105461416
 30
0.0
 40
0.06
  1
3#1.5
 50
-89.33124730298665
 11
-45229.83392876252
 21
56426.02105461416
 31
0.0
100
AcDbText
 73
2
  0
TEXT
  5
730
330
17
100
AcDbEntity
  8
FIAÇÃO_COMERCIAL
100
AcDbText
 10
-45229.83649653024
 20
56426.241039628585
 30
0.0
 40
0.06
  1
43b
 50
-89.33124730298665
 72
2
 11
-45229.83649653024
 21
56426.241039628585
 31
0.0
100
AcDbText
 73
2
  0
TEXT
  5
731
330
17
100
AcDbEntity
  8
FIAÇÃO_COMERCIAL
100
AcDbText
 10
-45229.65178258148
 20
56426.02542254163
 30
0.0
 40
0.06
  1
1#1.5
 50
-88.18481406384926
 11
-45229.65178258148
 21
56426.02542254163
 31
0.0
100
AcDbText
 73
2
  0
LINE
  5
732
330
17
100
AcDbEntity
  8
FIAÇÃO_COMERCIAL
100
AcDbLine
 10
-45219.0621990408
 20
56426.21532719963
 30
0.0
 11
-45219.0672671484
 21
56426.055407487635
 31
0.0
  0
LINE
  5
733
330
17
100
AcDbEntity
  8
FIAÇÃO_COMERCIAL
100
AcDbLine
 10
-45219.0672671484
 20
56426.055407487635
 30
0.0
 11
-45219.1072470764
 21
56426.05667451453
 31
0.0
  0
LINE
  5
734
330
17
100
AcDbEntity
  8
FIAÇÃO_COMERCIAL
100
AcDbLine
 10
-45218.94477751933
 20
56426.13212073874
 30
0.0
 11
-45218.94651149987
 21
56426.052139532745
 31
0.0
  0
LINE
  5
735
330
17
100
AcDbEntity
  8
FIAÇÃO_COMERCIAL
100
AcDbLine
 10
-45218.88478905917
 20
56426.130947167294
 30
0.0
 11
-45218.88612293302
 21
56426.050958288186
 31
0.0
  0
LINE
  5
736
330
17
100
AcDbEntity
  8
FIAÇÃO_COMERCIAL
100
AcDbLine
 10
-45218.82479548231
 20
56426.1300734581
 30
0.0
 11
-45218.82572921602
 21
56426.05007890741
 31
0.0
  0
LINE
  5
737
330
17
100
AcDbEntity
  8
FIAÇÃO_COMERCIAL
100
AcDbLine
 10
-45218.70466558061
 20
56426.20922559512
 30
0.0
 11
-45218.704932367684
 21
56426.04922581754
 31
0.0
  0
LINE
  5
738
330
17
100
AcDbEntity
  8
FIAÇÃO_COMERCIAL
100
AcDbLine
 10
-45218.73493232598
 20
56426.04927584012
 30
0.0
 11
-45218.67493240939
 21
56426.049175794964
 31
0.0
  0
TEXT
  5
739
330
17
100
AcDbEntity
  8
FIAÇÃO_COMERCIAL
100
AcDbText
 10
-45219.06821741858
 20
56426.025422541636
 30
0.0
 40
0.06
  1
1#1.5
 50
88.18481402221377
 72
2
 11
-45219.06821741858
 21
56426.025422541636
 31
0.0
100
AcDbText
 73
2
  0
TEXT
  5
73A
330
17
100
AcDbEntity
  8
FIAÇÃO_COMERCIAL
100
AcDbText
 10
-45219.061248770624
 20
56426.24531214563
 30
0.0
 40
0.06
  1
43
 50
88.18481402221377
 11
-45219.061248770624
 21
56426.24531214563
 31
0.0
100
AcDbText
 73
2
  0
TEXT
  5
73B
330
17
100
AcDbEntity
  8
FIAÇÃO_COMERCIAL
100
AcDbText
 10
-45218.88717157684
 20
56426.021072963136
 30
0.0
 40
0.06
  1
3#1.5
 50
88.7580306608564
 72
2
 11
-45218.88717157684
 21
56426.021072963136
 31
0.0
100
AcDbText
 73
2
  0
TEXT
  5
73C
330
17
100
AcDbEntity
  8
FIAÇÃO_COMERCIAL
100
AcDbText
 10
-45218.88240313036
 20
56426.24102127961
 30
0.0
 40
0.06
  1
43b
 50
88.7580306608564
 11
-45218.88240313036
 21
56426.24102127961
 31
0.0
100
AcDbText
 73
2
  0
TEXT
  5
73D
330
17
100
AcDbEntity
  8
FIAÇÃO_COMERCIAL
100
AcDbText
 10
-45218.70498239026
 20
56426.01922585925
 30
0.0
 40
0.06
  1
1#1.5
 50
89.90446387121705
 72
2
 11
-45218.70498239026
 21
56426.01922585925
 31
0.0
100
AcDbText
 73
2
  0
LINE
  5
73E
330
17
100
AcDbEntity
  8
FIAÇÃO_COMERCIAL
100
AcDbLine
 10
-45246.99900169846
 20
56425.18742502905
 30
0.0
 11
-45247.03605579066
 21
56425.34307525954
 31
0.0
  0
LINE
  5
73F
330
17
100
AcDbEntity
  8
FIAÇÃO_COMERCIAL
100
AcDbLine
 10
-45246.939997190595
 20
56425.20173145478
 30
0.0
 11
-45246.97843962947
 21
56425.357044618715
 31
0.0
  0
LINE
  5
740
330
17
100
AcDbEntity
  8
FIAÇÃO_COMERCIAL
100
AcDbLine
 10
-45246.97843962947
 20
56425.357044618715
 30
0.0
 11
-45247.017267920455
 21
56425.347434008996
 31
0.0
  0
LINE
  5
741
330
17
100
AcDbEntity
  8
FIAÇÃO_COMERCIAL
100
AcDbLine
 10
-45246.82238290897
 20
56425.231921027706
 30
0.0
 11
-45246.86359273527
 21
56425.38652293655
 31
0.0
  0
LINE
  5
742
330
17
100
AcDbEntity
  8
FIAÇÃO_COMERCIAL
100
AcDbLine
 10
-45246.76378250116
 20
56425.247801770834
 30
0.0
 11
-45246.80637114776
 21
56425.40202954778
 31
0.0
  0
LINE
  5
743
330
17
100
AcDbEntity
  8
FIAÇÃO_COMERCIAL
100
AcDbLine
 10
-45246.80637114776
 20
56425.40202954778
 30
0.0
 11
-45246.844928091996
 21
56425.39138238614
 31
0.0
  0
LINE
  5
744
330
17
100
AcDbEntity
  8
FIAÇÃO_COMERCIAL
100
AcDbLine
 10
-45246.647018484065
 20
56425.28112884731
 30
0.0
 11
-45246.69235447459
 21
56425.43457150098
 31
0.0
  0
LINE
  5
745
330
17
100
AcDbEntity
  8
FIAÇÃO_COMERCIAL
100
AcDbLine
 10
-45246.72112497215
 20
56425.42607100275
 30
0.0
 11
-45246.663583977024
 21
56425.4430719992
 31
0.0
  0
TEXT
  5
746
330
17
100
AcDbEntity
  8
FIAÇÃO_COMERCIAL
100
AcDbText
 10
-45247.013848265684
 20
56425.37932862398
 30
0.0
 40
0.06
  1
2#2.5
 50
-76.6094135231883
 72
2
 11
-45247.013848265684
 21
56425.37932862398
 31
0.0
100
AcDbText
 73
2
  0
TEXT
  5
747
330
17
100
AcDbEntity
  8
FIAÇÃO_COMERCIAL
100
AcDbText
 10
-45246.96289888891
 20
56425.165309557065
 30
0.0
 40
0.06
  1
42
 50
-76.6094135231883
 11
-45246.96289888891
 21
56425.165309557065
 31
0.0
100
AcDbText
 73
2
  0
TEXT
  5
748
330
17
100
AcDbEntity
  8
FIAÇÃO_COMERCIAL
100
AcDbText
 10
-45246.84236407888
 20
56425.423357633044
 30
0.0
 40
0.06
  1
2#1.5
 50
-75.07458583752678
 72
2
 11
-45246.84236407888
 21
56425.423357633044
 31
0.0
100
AcDbText
 73
2
  0
TEXT
  5
749
330
17
100
AcDbEntity
  8
FIAÇÃO_COMERCIAL
100
AcDbText
 10
-45246.78570056771
 20
56425.21078000839
 30
0.0
 40
0.06
  1
43
 50
-75.07458583752678
 11
-45246.78570056771
 21
56425.21078000839
 31
0.0
100
AcDbText
 73
2
  0
TEXT
  5
74A
330
17
100
AcDbEntity
  8
FIAÇÃO_COMERCIAL
100
AcDbText
 10
-45246.70085497281
 20
56425.46334199853
 30
0.0
 40
0.06
  1
1#2.5
 50
-73.5397581740827
 72
2
 11
-45246.70085497281
 21
56425.46334199853
 31
0.0
100
AcDbText
 73
2
  0
LINE
  5
74B
330
17
100
AcDbEntity
  8
FIAÇÃO_COMERCIAL
100
AcDbLine
 10
-45235.17826991322
 20
56419.19796861089
 30
0.0
 11
-45235.30724893085
 21
56419.10328802675
 31
0.0
  0
LINE
  5
74C
330
17
100
AcDbEntity
  8
FIAÇÃO_COMERCIAL
100
AcDbLine
 10
-45235.214657363016
 20
56419.246851802425
 30
0.0
 11
-45235.34251528411
 21
56419.15066265536
 31
0.0
  0
LINE
  5
74D
330
17
100
AcDbEntity
  8
FIAÇÃO_COMERCIAL
100
AcDbLine
 10
-45235.34251528411
 20
56419.15066265536
 30
0.0
 11
-45235.31846799734
 21
56419.11869817509
 31
0.0
  0
LINE
  5
74E
330
17
100
AcDbEntity
  8
FIAÇÃO_COMERCIAL
100
AcDbLine
 10
-45235.28913681154
 20
56419.34332331634
 30
0.0
 11
-45235.41469976623
 21
56419.24415707003
 31
0.0
  0
LINE
  5
74F
330
17
100
AcDbEntity
  8
FIAÇÃO_COMERCIAL
100
AcDbLine
 10
-45235.32721859892
 20
56419.39089841235
 30
0.0
 11
-45235.451608000556
 21
56419.290264040676
 31
0.0
  0
LINE
  5
750
330
17
100
AcDbEntity
  8
FIAÇÃO_COMERCIAL
100
AcDbLine
 10
-45235.451608000556
 20
56419.290264040676
 30
0.0
 11
-45235.42644940764
 21
56419.259166690266
 31
0.0
  0
LINE
  5
751
330
17
100
AcDbEntity
  8
FIAÇÃO_COMERCIAL
100
AcDbLine
 10
-45235.40504019554
 20
56419.48469467078
 30
0.0
 11
-45235.52703116045
 21
56419.381165909166
 31
0.0
  0
LINE
  5
752
330
17
100
AcDbEntity
  8
FIAÇÃO_COMERCIAL
100
AcDbLine
 10
-45235.507619517644
 20
56419.35829260325
 30
0.0
 11
-45235.54644280325
 21
56419.404039215086
 31
0.0
  0
TEXT
  5
753
330
17
100
AcDbEntity
  8
FIAÇÃO_COMERCIAL
100
AcDbText
 10
-45235.34934594741
 20
56419.10959987226
 30
0.0
 40
0.06
  1
2#2.5
 50
36.28155158854082
 72
2
 11
-45235.34934594741
 21
56419.10959987226
 31
0.0
100
AcDbText
 73
2
  0
TEXT
  5
754
330
17
100
AcDbEntity
  8
FIAÇÃO_COMERCIAL
100
AcDbText
 10
-45235.171999798185
 20
56419.239785675454
 30
0.0
 40
0.06
  1
34
 50
36.28155158854082
 11
-45235.171999798185
 21
56419.239785675454
 31
0.0
100
AcDbText
 73
2
  0
TEXT
  5
755
330
17
100
AcDbEntity
  8
FIAÇÃO_COMERCIAL
100
AcDbText
 10
-45235.45699032566
 20
56419.24898391551
 30
0.0
 40
0.06
  1
2#2.5
 50
38.30073065213486
 72
2
 11
-45235.45699032566
 21
56419.24898391551
 31
0.0
100
AcDbText
 73
2
  0
TEXT
  5
756
330
17
100
AcDbEntity
  8
FIAÇÃO_COMERCIAL
100
AcDbText
 10
-45235.28434126296
 20
56419.38533750419
 30
0.0
 40
0.06
  1
42
 50
38.30073065213486
 11
-45235.28434126296
 21
56419.38533750419
 31
0.0
100
AcDbText
 73
2
  0
TEXT
  5
757
330
17
100
AcDbEntity
  8
FIAÇÃO_COMERCIAL
100
AcDbText
 10
-45235.549904466374
 20
56419.36175426637
 30
0.0
 40
0.06
  1
1#2.5
 50
40.319909706749854
 72
2
 11
-45235.549904466374
 21
56419.36175426637
 31
0.0
100
AcDbText
 73
2
  0
LINE
  5
758
330
17
100
AcDbEntity
  8
FIAÇÃO_COMERCIAL
100
AcDbLine
 10
-45214.594153215636
 20
56421.07044242105
 30
0.0
 11
-45214.75404179679
 21
56421.076412481205
 31
0.0
  0
LINE
  5
759
330
17
100
AcDbEntity
  8
FIAÇÃO_COMERCIAL
100
AcDbLine
 10
-45214.592716039726
 20
56421.13281203856
 30
0.0
 11
-45214.75271158248
 21
56421.13400631673
 31
0.0
  0
LINE
  5
75A
330
17
100
AcDbEntity
  8
FIAÇÃO_COMERCIAL
100
AcDbLine
 10
-45214.75271158248
 20
56421.13400631673
 30
0.0
 11
-45214.753010152024
 21
56421.09400743104
 31
0.0
  0
LINE
  5
75B
330
17
100
AcDbEntity
  8
FIAÇÃO_COMERCIAL
100
AcDbLine
 10
-45214.595400134654
 20
56421.25754177136
 30
0.0
 11
-45214.75518177805
 21
56421.24918554993
 31
0.0
  0
LINE
  5
75C
330
17
100
AcDbEntity
  8
FIAÇÃO_COMERCIAL
100
AcDbLine
 10
-45214.599519038624
 20
56421.319791851245
 30
0.0
 11
-45214.75898001172
 21
56421.306669425394
 31
0.0
  0
LINE
  5
75D
330
17
100
AcDbEntity
  8
FIAÇÃO_COMERCIAL
100
AcDbLine
 10
-45214.75898001172
 20
56421.306669425394
 30
0.0
 11
-45214.75569940526
 21
56421.26680418212
 31
0.0
  0
LINE
  5
75E
330
17
100
AcDbEntity
  8
FIAÇÃO_COMERCIAL
100
AcDbLine
 10
-45214.61329239763
 20
56421.44378790414
 30
0.0
 11
-45214.771686017855
 21
56421.42117239904
 31
0.0
  0
LINE
  5
75F
330
17
100
AcDbEntity
  8
FIAÇÃO_COMERCIAL
100
AcDbLine
 10
-45214.76744561065
 20
56421.39147359524
 30
0.0
 11
-45214.77592642506
 21
56421.45087120283
 31
0.0
  0
TEXT
  5
760
330
17
100
AcDbEntity
  8
FIAÇÃO_COMERCIAL
100
AcDbText
 10
-45214.7833290582
 20
56421.107522730745
 30
0.0
 40
0.06
  1
2#10.0
 50
-2.138366703226751
 72
2
 11
-45214.7833290582
 21
56421.107522730745
 31
0.0
100
AcDbText
 73
2
  0
TEXT
  5
761
330
17
100
AcDbEntity
  8
FIAÇÃO_COMERCIAL
100
AcDbText
 10
-45214.56348225912
 20
56421.09931389803
 30
0.0
 40
0.06
  1
29
 50
-2.138366703226751
 11
-45214.56348225912
 21
56421.09931389803
 31
0.0
100
AcDbText
 73
2
  0
TEXT
  5
762
330
17
100
AcDbEntity
  8
FIAÇÃO_COMERCIAL
100
AcDbText
 10
-45214.78712012059
 20
56421.27755224725
 30
0.0
 40
0.06
  1
2#2.5
 50
2.993713368356424
 72
2
 11
-45214.78712012059
 21
56421.27755224725
 31
0.0
100
AcDbText
 73
2
  0
TEXT
  5
763
330
17
100
AcDbEntity
  8
FIAÇÃO_COMERCIAL
100
AcDbText
 10
-45214.56742036093
 20
56421.28904205171
 30
0.0
 40
0.06
  1
41
 50
2.993713368356424
 11
-45214.56742036093
 21
56421.28904205171
 31
0.0
100
AcDbText
 73
2
  0
TEXT
  5
764
330
17
100
AcDbEntity
  8
FIAÇÃO_COMERCIAL
100
AcDbText
 10
-45214.80138482165
 20
56421.41693199183
 30
0.0
 40
0.06
  1
1#10.0
 50
8.125793439556105
 72
2
 11
-45214.80138482165
 21
56421.41693199183
 31
0.0
100
AcDbText
 73
2
  0
LINE
  5
765
330
17
100
AcDbEntity
  8
FIAÇÃO_COMERCIAL
100
AcDbLine
 10
-45218.83343779715
 20
56425.927937812405
 30
0.0
 11
-45218.80460140594
 21
56426.0853178065
 31
0.0
  0
LINE
  5
766
330
17
100
AcDbEntity
  8
FIAÇÃO_COMERCIAL
100
AcDbLine
 10
-45218.77402342751
 20
56425.917188351596
 30
0.0
 11
-45218.745932972655
 21
56426.07470319644
 31
0.0
  0
LINE
  5
767
330
17
100
AcDbEntity
  8
FIAÇÃO_COMERCIAL
100
AcDbLine
 10
-45218.745932972655
 20
56426.07470319644
 30
0.0
 11
-45218.78531168387
 21
56426.08172581016
 31
0.0
  0
LINE
  5
768
330
17
100
AcDbEntity
  8
FIAÇÃO_COMERCIAL
100
AcDbLine
 10
-45218.65504529122
 20
56425.89653419448
 30
0.0
 11
-45218.628448583666
 21
56426.05430813133
 31
0.0
  0
LINE
  5
769
330
17
100
AcDbEntity
  8
FIAÇÃO_COMERCIAL
100
AcDbLine
 10
-45218.65803119682
 20
56426.059295014
 30
0.0
 11
-45218.59886597051
 21
56426.04932124866
 31
0.0
  0
TEXT
  5
76A
330
17
100
AcDbEntity
  8
FIAÇÃO_COMERCIAL
100
AcDbText
 10
-45218.76967388185
 20
56426.10948553768
 30
0.0
 40
0.06
  1
2#2.5
 50
79.61699188482167
 11
-45218.76967388185
 21
56426.10948553768
 31
0.0
100
AcDbText
 73
2
  0
TEXT
  5
76B
330
17
100
AcDbEntity
  8
FIAÇÃO_COMERCIAL
100
AcDbText
 10
-45218.80932391978
 20
56425.8930880458
 30
0.0
 40
0.06
  1
11
 50
79.61699188482167
 72
2
 11
-45218.80932391978
 21
56425.8930880458
 31
0.0
100
AcDbText
 73
2
  0
TEXT
  5
76C
330
17
100
AcDbEntity
  8
FIAÇÃO_COMERCIAL
100
AcDbText
 10
-45218.623461701005
 20
56426.083890744485
 30
0.0
 40
0.06
  1
1#2.5
 50
80.43133845493638
 11
-45218.623461701005
 21
56426.083890744485
 31
0.0
100
AcDbText
 73
2
  0
LINE
  5
76D
330
17
100
AcDbEntity
  8
FIAÇÃO_COMERCIAL
100
AcDbLine
 10
-45218.75705695289
 20
56419.35954765798
 30
0.0
 11
-45218.617482785776
 21
56419.28132328918
 31
0.0
  0
LINE
  5
76E
330
17
100
AcDbEntity
  8
FIAÇÃO_COMERCIAL
100
AcDbLine
 10
-45218.7866488923
 20
56419.305925441586
 30
0.0
 11
-45218.64587315425
 21
56419.22988471843
 31
0.0
  0
LINE
  5
76F
330
17
100
AcDbEntity
  8
FIAÇÃO_COMERCIAL
100
AcDbLine
 10
-45218.64587315425
 20
56419.22988471843
 30
0.0
 11
-45218.62686297346
 21
56419.26507865294
 31
0.0
  0
LINE
  5
770
330
17
100
AcDbEntity
  8
FIAÇÃO_COMERCIAL
100
AcDbLine
 10
-45218.84322315709
 20
56419.197520113696
 30
0.0
 11
-45218.70033346632
 21
56419.1255302792
 31
0.0
  0
LINE
  5
771
330
17
100
AcDbEntity
  8
FIAÇÃO_COMERCIAL
100
AcDbLine
 10
-45218.68683537235
 20
56419.15232209622
 30
0.0
 11
-45218.713831560286
 21
56419.09873846218
 31
0.0
  0
TEXT
  5
772
330
17
100
AcDbEntity
  8
FIAÇÃO_COMERCIAL
100
AcDbText
 10
-45218.60580820641
 20
56419.240391023246
 30
0.0
 40
0.06
  1
2#2.5
 50
-29.26845877276931
 11
-45218.60580820641
 21
56419.240391023246
 31
0.0
100
AcDbText
 73
2
  0
TEXT
  5
773
330
17
100
AcDbEntity
  8
FIAÇÃO_COMERCIAL
100
AcDbText
 10
-45218.7977226862
 20
56419.34794953034
 30
0.0
 40
0.06
  1
41
 50
-29.26845877276931
 72
2
 11
-45218.7977226862
 21
56419.34794953034
 31
0.0
100
AcDbText
 73
2
  0
TEXT
  5
774
330
17
100
AcDbEntity
  8
FIAÇÃO_COMERCIAL
100
AcDbText
 10
-45218.673541649296
 20
56419.112032185236
 30
0.0
 40
0.06
  1
1#2.5
 50
-26.73960772111529
 11
-45218.673541649296
 21
56419.112032185236
 31
0.0
100
AcDbText
 73
2
  0
LINE
  5
775
330
17
100
AcDbEntity
  8
FIAÇÃO_COMERCIAL
100
AcDbLine
 10
-45235.32083468747
 20
56423.581842942454
 30
0.0
 11
-45235.355598910675
 21
56423.738020561796
 31
0.0
  0
LINE
  5
776
330
17
100
AcDbEntity
  8
FIAÇÃO_COMERCIAL
100
AcDbLine
 10
-45235.26060057472
 20
56423.59594467387
 30
0.0
 11
-45235.2989944689
 21
56423.751269845336
 31
0.0
  0
LINE
  5
777
330
17
100
AcDbEntity
  8
FIAÇÃO_COMERCIAL
100
AcDbLine
 10
-45235.2989944689
 20
56423.751269845336
 30
0.0
 11
-45235.337825761766
 21
56423.74167137179
 31
0.0
  0
LINE
  5
778
330
17
100
AcDbEntity
  8
FIAÇÃO_COMERCIAL
100
AcDbLine
 10
-45235.14119427303
 20
56423.628319188
 30
0.0
 11
-45235.18678300421
 21
56423.78168694076
 31
0.0
  0
LINE
  5
779
330
17
100
AcDbEntity
  8
FIAÇÃO_COMERCIAL
100
AcDbLine
 10
-45235.21553945785
 20
56423.773139053665
 30
0.0
 11
-45235.15802655057
 21
56423.79023482786
 31
0.0
  0
TEXT
  5
77A
330
17
100
AcDbEntity
  8
FIAÇÃO_COMERCIAL
100
AcDbText
 10
-45235.3329075639
 20
56423.774141619164
 30
0.0
 40
0.06
  1
2#2.5
 50
-77.45088724265092
 72
2
 11
-45235.3329075639
 21
56423.774141619164
 31
0.0
100
AcDbText
 73
2
  0
TEXT
  5
77B
330
17
100
AcDbEntity
  8
FIAÇÃO_COMERCIAL
100
AcDbText
 10
-45235.28510675698
 20
56423.559397392564
 30
0.0
 40
0.06
  1
06
 50
-77.45088724265092
 11
-45235.28510675698
 21
56423.559397392564
 31
0.0
100
AcDbText
 73
2
  0
TEXT
  5
77C
330
17
100
AcDbEntity
  8
FIAÇÃO_COMERCIAL
100
AcDbText
 10
-45235.19533089131
 20
56423.81044339441
 30
0.0
 40
0.06
  1
1#2.5
 50
-73.44536131262488
 72
2
 11
-45235.19533089131
 21
56423.81044339441
 31
0.0
100
AcDbText
 73
2
  0
LINE
  5
77D
330
17
100
AcDbEntity
  8
FIAÇÃO_COMERCIAL
100
AcDbLine
 10
-45217.00006884385
 20
56420.01582210094
 30
0.0
 11
-45216.99916199341
 21
56420.17581953099
 31
0.0
  0
LINE
  5
77E
330
17
100
AcDbEntity
  8
FIAÇÃO_COMERCIAL
100
AcDbLine
 10
-45217.059417136734
 20
56420.01593428412
 30
0.0
 11
-45217.05981314199
 21
56420.17593379406
 31
0.0
  0
LINE
  5
77F
330
17
100
AcDbEntity
  8
FIAÇÃO_COMERCIAL
100
AcDbLine
 10
-45217.05981314199
 20
56420.17593379406
 30
0.0
 11
-45217.01981326451
 21
56420.176032795374
 31
0.0
  0
LINE
  5
780
330
17
100
AcDbEntity
  8
FIAÇÃO_COMERCIAL
100
AcDbLine
 10
-45217.178106625404
 20
56420.01470891213
 30
0.0
 11
-45217.1811081771
 21
56420.17468075555
 31
0.0
  0
LINE
  5
781
330
17
100
AcDbEntity
  8
FIAÇÃO_COMERCIAL
100
AcDbLine
 10
-45217.15111345646
 20
56420.17524354649
 30
0.0
 11
-45217.211102897745
 21
56420.174117964605
 31
0.0
  0
TEXT
  5
782
330
17
100
AcDbEntity
  8
FIAÇÃO_COMERCIAL
100
AcDbText
 10
-45217.028991819316
 20
56420.205875660686
 30
0.0
 40
0.06
  1
2#2.5
 50
89.67525636787484
 11
-45217.028991819316
 21
56420.205875660686
 31
0.0
100
AcDbText
 73
2
  0
TEXT
  5
783
330
17
100
AcDbEntity
  8
FIAÇÃO_COMERCIAL
100
AcDbText
 10
-45217.03023873868
 20
56419.98587919437
 30
0.0
 40
0.06
  1
41
 50
89.67525636787484
 72
2
 11
-45217.03023873868
 21
56419.98587919437
 31
0.0
100
AcDbText
 73
2
  0
TEXT
  5
784
330
17
100
AcDbEntity
  8
FIAÇÃO_COMERCIAL
100
AcDbText
 10
-45217.18167096804
 20
56420.20467547619
 30
0.0
 40
0.06
  1
1#2.5
 50
-88.92508541990318
 72
2
 11
-45217.18167096804
 21
56420.20467547619
 31
0.0
100
AcDbText
 73
2
  0
LINE
  5
785
330
17
100
AcDbEntity
  8
FIAÇÃO_COMERCIAL
100
AcDbLine
 10
-45231.78836662516
 20
56425.4404265026
 30
0.0
 11
-45231.7432566709
 21
56425.593935759745
 31
0.0
  0
LINE
  5
786
330
17
100
AcDbEntity
  8
FIAÇÃO_COMERCIAL
100
AcDbLine
 10
-45231.84470020296
 20
56425.45634202697
 30
0.0
 11
-45231.80240017547
 21
56425.61064921305
 31
0.0
  0
LINE
  5
787
330
17
100
AcDbEntity
  8
FIAÇÃO_COMERCIAL
100
AcDbLine
 10
-45231.80240017547
 20
56425.61064921305
 30
0.0
 11
-45231.76382337895
 21
56425.60007420617
 31
0.0
  0
LINE
  5
788
330
17
100
AcDbEntity
  8
FIAÇÃO_COMERCIAL
100
AcDbLine
 10
-45231.95818745023
 20
56425.485092921495
 30
0.0
 11
-45231.9215486303
 21
56425.6408414267
 31
0.0
  0
LINE
  5
789
330
17
100
AcDbEntity
  8
FIAÇÃO_COMERCIAL
100
AcDbLine
 10
-45231.89234578557
 20
56425.63397164796
 30
0.0
 11
-45231.95075147503
 21
56425.647711205434
 31
0.0
  0
TEXT
  5
78A
330
17
100
AcDbEntity
  8
FIAÇÃO_COMERCIAL
100
AcDbText
 10
-45231.76366782508
 20
56425.630875989875
 30
0.0
 40
0.06
  1
2#2.5
 50
73.62414222160396
 11
-45231.76366782508
 21
56425.630875989875
 31
0.0
100
AcDbText
 73
2
  0
TEXT
  5
78B
330
17
100
AcDbEntity
  8
FIAÇÃO_COMERCIAL
100
AcDbText
 10
-45231.82569401217
 20
56425.41980076131
 30
0.0
 40
0.06
  1
06
 50
73.62414222160396
 72
2
 11
-45231.82569401217
 21
56425.41980076131
 31
0.0
100
AcDbText
 73
2
  0
TEXT
  5
78C
330
17
100
AcDbEntity
  8
FIAÇÃO_COMERCIAL
100
AcDbText
 10
-45231.914678851565
 20
56425.67004427143
 30
0.0
 40
0.06
  1
1#2.5
 50
76.76222939279873
 11
-45231.914678851565
 21
56425.67004427143
 31
0.0
100
AcDbText
 73
2
  0
LINE
  5
78D
330
17
100
AcDbEntity
  8
FIAÇÃO_COMERCIAL
100
AcDbLine
 10
-45228.118411927484
 20
56421.89437354724
 30
0.0
 11
-45228.257607566804
 21
56421.815477577795
 31
0.0
  0
LINE
  5
78E
330
17
100
AcDbEntity
  8
FIAÇÃO_COMERCIAL
100
AcDbLine
 10
-45228.08896871804
 20
56421.843061010775
 30
0.0
 11
-45228.227328352375
 21
56421.76270796737
 31
0.0
  0
LINE
  5
78F
330
17
100
AcDbEntity
  8
FIAÇÃO_COMERCIAL
100
AcDbLine
 10
-45228.227328352375
 20
56421.76270796737
 30
0.0
 11
-45228.24741661323
 21
56421.79729787596
 31
0.0
  0
LINE
  5
790
330
17
100
AcDbEntity
  8
FIAÇÃO_COMERCIAL
100
AcDbLine
 10
-45228.02847948297
 20
56421.74137431029
 30
0.0
 11
-45228.165121445716
 21
56421.65813385127
 31
0.0
  0
LINE
  5
791
330
17
100
AcDbEntity
  8
FIAÇÃO_COMERCIAL
100
AcDbLine
 10
-45228.18072903178
 20
56421.68375421928
 30
0.0
 11
-45228.14951385965
 21
56421.63251348326
 31
0.0
  0
TEXT
  5
792
330
17
100
AcDbEntity
  8
FIAÇÃO_COMERCIAL
100
AcDbText
 10
-45228.2687761432
 20
56421.774664046796
 30
0.0
 40
0.06
  1
2#2.5
 50
29.544527469440197
 72
2
 11
-45228.2687761432
 21
56421.774664046796
 31
0.0
100
AcDbText
 73
2
  0
TEXT
  5
793
330
17
100
AcDbEntity
  8
FIAÇÃO_COMERCIAL
100
AcDbText
 10
-45228.07738213915
 20
56421.883146004795
 30
0.0
 40
0.06
  1
09
 50
29.544527469440197
 11
-45228.07738213915
 21
56421.883146004795
 31
0.0
100
AcDbText
 73
2
  0
TEXT
  5
794
330
17
100
AcDbEntity
  8
FIAÇÃO_COMERCIAL
100
AcDbText
 10
-45228.19074181373
 20
56421.642526265205
 30
0.0
 40
0.06
  1
1#2.5
 50
31.3492149701282
 72
2
 11
-45228.19074181373
 21
56421.642526265205
 31
0.0
100
AcDbText
 73
2
  0
TEXT
  5
795
330
17
100
AcDbEntity
  8
FIAÇÃO_FÁBRICA
100
AcDbText
 10
-45243.9755
 20
56446.4582
 30
0.0
 40
0.1248
  1
2#2.5
100
AcDbText
  0
TEXT
  5
796
330
17
100
AcDbEntity
  8
FIAÇÃO_FÁBRICA
100
AcDbText
 10
-45243.1175
 20
56446.4582
 30
0.0
 40
0.1248
  1
2#4.0
100
AcDbText
  0
TEXT
  5
797
330
17
100
AcDbEntity
  8
FIAÇÃO_FÁBRICA
100
AcDbText
 10
-45242.25950000002
 20
56446.4582
 30
0.0
 40
0.1248
  1
3#2.5
100
AcDbText
  0
TEXT
  5
798
330
17
100
AcDbEntity
  8
FIAÇÃO_FÁBRICA
100
AcDbText
 10
-45241.40150000002
 20
56446.4582
 30
0.0
 40
0.1248
  1
3#2.5
100
AcDbText
  0
TEXT
  5
799
330
17
100
AcDbEntity
  8
FIAÇÃO_FÁBRICA
100
AcDbText
 10
-45240.54350000002
 20
56446.4582
 30
0.0
 40
0.1248
  1
2#2.5
100
AcDbText
  0
TEXT
  5
79A
330
17
100
AcDbEntity
  8
FIAÇÃO_FÁBRICA
100
AcDbText
 10
-45239.68550000003
 20
56446.4582
 30
0.0
 40
0.1248
  1
2#2.5
100
AcDbText
  0
TEXT
  5
79B
330
17
100
AcDbEntity
  8
FIAÇÃO_FÁBRICA
100
AcDbText
 10
-45238.82750000003
 20
56445.6782
 30
0.0
 40
0.1248
  1
1#4.0
100
AcDbText
  0
TEXT
  5
79C
330
17
100
AcDbEntity
  8
FIAÇÃO_FÁBRICA
100
AcDbText
 10
-45237.807
 20
56446.4582
 30
0.0
 40
0.1248
  1
1#2.5
100
AcDbText
  0
TEXT
  5
79D
330
17
100
AcDbEntity
  8
FIAÇÃO_FÁBRICA
100
AcDbText
 10
-45236.171
 20
56446.4582
 30
0.0
 40
0.1248
  1
1#2.5
100
AcDbText
  0
TEXT
  5
79E
330
17
100
AcDbEntity
  8
FIAÇÃO_FÁBRICA
100
AcDbText
 10
-45231.06000000001
 20
56446.4582
 30
0.0
 40
0.1248
  1
3#2.5
100
AcDbText
  0
TEXT
  5
79F
330
17
100
AcDbEntity
  8
FIAÇÃO_FÁBRICA
100
AcDbText
 10
-45221.1785
 20
56446.6282
 30
0.0
 40
0.1248
  1
2#2.5
100
AcDbText
  0
TEXT
  5
7A0
330
17
100
AcDbEntity
  8
FIAÇÃO_FÁBRICA
100
AcDbText
 10
-45220.3205
 20
56446.6282
 30
0.0
 40
0.1248
  1
3#2.5
100
AcDbText
  0
TEXT
  5
7A1
330
17
100
AcDbEntity
  8
FIAÇÃO_FÁBRICA
100
AcDbText
 10
-45228.00099999999
 20
56446.5082
 30
0.0
 40
0.1248
  1
2#2.5
100
AcDbText
  0
TEXT
  5
7A2
330
17
100
AcDbEntity
  8
FIAÇÃO_FÁBRICA
100
AcDbText
 10
-45227.14300000001
 20
56446.5082
 30
0.0
 40
0.1248
  1
2#2.5
100
AcDbText
  0
TEXT
  5
7A3
330
17
100
AcDbEntity
  8
FIAÇÃO_FÁBRICA
100
AcDbText
 10
-45226.28500000002
 20
56446.5082
 30
0.0
 40
0.1248
  1
2#2.5
100
AcDbText
  0
TEXT
  5
7A4
330
17
100
AcDbEntity
  8
FIAÇÃO_FÁBRICA
100
AcDbText
 10
-45225.42700000001
 20
56446.5082
 30
0.0
 40
0.1248
  1
2#2.5
100
AcDbText
  0
TEXT
  5
7A5
330
17
100
AcDbEntity
  8
FIAÇÃO_FÁBRICA
100
AcDbText
 10
-45224.56900000003
 20
56446.5082
 30
0.0
 40
0.1248
  1
3#2.5
100
AcDbText
  0
TEXT
  5
7A6
330
17
100
AcDbEntity
  8
FIAÇÃO_FÁBRICA
100
AcDbText
 10
-45223.71100000004
 20
56446.5082
 30
0.0
 40
0.1248
  1
3#6.0
100
AcDbText
  0
TEXT
  5
7A7
330
17
100
AcDbEntity
  8
FIAÇÃO_FÁBRICA
100
AcDbText
 10
-45222.85300000004
 20
56446.5082
 30
0.0
 40
0.1248
  1
2#4.0
100
AcDbText
  0
TEXT
  5
7A8
330
17
100
AcDbEntity
  8
FIAÇÃO_FÁBRICA
100
AcDbText
 10
-45221.99500000004
 20
56446.5082
 30
0.0
 40
0.1248
  1
1#6.0
100
AcDbText
  0
TEXT
  5
7A9
330
17
100
AcDbEntity
  8
FIAÇÃO_FÁBRICA
100
AcDbText
 10
-45247.35200000001
 20
56445.84320000001
 30
0.0
 40
0.1248
  1
1#4.0
100
AcDbText
  0
TEXT
  5
7AA
330
17
100
AcDbEntity
  8
FIAÇÃO_FÁBRICA
100
AcDbText
 10
-45238.85099999999
 20
56445.42820000001
 30
0.0
 40
0.1248
  1
3#2.5
100
AcDbText
  0
TEXT
  5
7AB
330
17
100
AcDbEntity
  8
FIAÇÃO_FÁBRICA
100
AcDbText
 10
-45222.31299999999
 20
56445.25820000001
 30
0.0
 40
0.1248
  1
3#2.5
100
AcDbText
  0
TEXT
  5
7AC
330
17
100
AcDbEntity
  8
FIAÇÃO_FÁBRICA
100
AcDbText
 10
-45221.45500000001
 20
56444.47820000001
 30
0.0
 40
0.1248
  1
1#2.5
100
AcDbText
  0
TEXT
  5
7AD
330
17
100
AcDbEntity
  8
FIAÇÃO_FÁBRICA
100
AcDbText
 10
-45254.0405
 20
56444.6582
 30
0.0
 40
0.1248
  1
2#2.5
100
AcDbText
  0
TEXT
  5
7AE
330
17
100
AcDbEntity
  8
FIAÇÃO_FÁBRICA
100
AcDbText
 10
-45253.18250000001
 20
56444.6582
 30
0.0
 40
0.1248
  1
2#4.0
100
AcDbText
  0
TEXT
  5
7AF
330
17
100
AcDbEntity
  8
FIAÇÃO_FÁBRICA
100
AcDbText
 10
-45252.32450000001
 20
56444.6582
 30
0.0
 40
0.1248
  1
3#2.5
100
AcDbText
  0
TEXT
  5
7B0
330
17
100
AcDbEntity
  8
FIAÇÃO_FÁBRICA
100
AcDbText
 10
-45251.46650000001
 20
56444.6582
 30
0.0
 40
0.1248
  1
2#2.5
100
AcDbText
  0
TEXT
  5
7B1
330
17
100
AcDbEntity
  8
FIAÇÃO_FÁBRICA
100
AcDbText
 10
-45250.60850000003
 20
56444.6582
 30
0.0
 40
0.1248
  1
2#2.5
100
AcDbText
  0
TEXT
  5
7B2
330
17
100
AcDbEntity
  8
FIAÇÃO_FÁBRICA
100
AcDbText
 10
-45249.75050000003
 20
56444.6582
 30
0.0
 40
0.1248
  1
1#4.0
100
AcDbText
  0
TEXT
  5
7B3
330
17
100
AcDbEntity
  8
FIAÇÃO_FÁBRICA
100
AcDbText
 10
-45248.48
 20
56444.6582
 30
0.0
 40
0.1248
  1
2#2.5
100
AcDbText
  0
TEXT
  5
7B4
330
17
100
AcDbEntity
  8
FIAÇÃO_FÁBRICA
100
AcDbText
 10
-45247.62200000001
 20
56444.6582
 30
0.0
 40
0.1248
  1
2#4.0
100
AcDbText
  0
TEXT
  5
7B5
330
17
100
AcDbEntity
  8
FIAÇÃO_FÁBRICA
100
AcDbText
 10
-45246.76400000002
 20
56444.6582
 30
0.0
 40
0.1248
  1
3#2.5
100
AcDbText
  0
TEXT
  5
7B6
330
17
100
AcDbEntity
  8
FIAÇÃO_FÁBRICA
100
AcDbText
 10
-45245.90600000001
 20
56444.6582
 30
0.0
 40
0.1248
  1
3#4.0
100
AcDbText
  0
TEXT
  5
7B7
330
17
100
AcDbEntity
  8
FIAÇÃO_FÁBRICA
100
AcDbText
 10
-45245.04800000003
 20
56444.6582
 30
0.0
 40
0.1248
  1
2#2.5
100
AcDbText
  0
TEXT
  5
7B8
330
17
100
AcDbEntity
  8
FIAÇÃO_FÁBRICA
100
AcDbText
 10
-45244.19000000004
 20
56444.6582
 30
0.0
 40
0.1248
  1
2#4.0
100
AcDbText
  0
TEXT
  5
7B9
330
17
100
AcDbEntity
  8
FIAÇÃO_FÁBRICA
100
AcDbText
 10
-45230.30799999999
 20
56444.161199999995
 30
0.0
 40
0.1248
  1
1#4.0
100
AcDbText
  0
TEXT
  5
7BA
330
17
100
AcDbEntity
  8
FIAÇÃO_FÁBRICA
100
AcDbText
 10
-45254.271
 20
56443.1082
 30
0.0
 40
0.1248
  1
2#4.0
100
AcDbText
  0
TEXT
  5
7BB
330
17
100
AcDbEntity
  8
FIAÇÃO_FÁBRICA
100
AcDbText
 10
-45253.41300000002
 20
56443.8882
 30
0.0
 40
0.1248
  1
2#4.0
100
AcDbText
  0
TEXT
  5
7BC
330
17
100
AcDbEntity
  8
FIAÇÃO_FÁBRICA
100
AcDbText
 10
-45252.55500000002
 20
56443.8882
 30
0.0
 40
0.1248
  1
3#2.5
100
AcDbText
  0
TEXT
  5
7BD
330
17
100
AcDbEntity
  8
FIAÇÃO_FÁBRICA
100
AcDbText
 10
-45251.69700000002
 20
56443.1082
 30
0.0
 40
0.1248
  1
3#4.0
100
AcDbText
  0
TEXT
  5
7BE
330
17
100
AcDbEntity
  8
FIAÇÃO_FÁBRICA
100
AcDbText
 10
-45250.83900000003
 20
56443.8882
 30
0.0
 40
0.1248
  1
2#2.5
100
AcDbText
  0
TEXT
  5
7BF
330
17
100
AcDbEntity
  8
FIAÇÃO_FÁBRICA
100
AcDbText
 10
-45249.98100000003
 20
56443.1082
 30
0.0
 40
0.1248
  1
2#4.0
100
AcDbText
  0
TEXT
  5
7C0
330
17
100
AcDbEntity
  8
FIAÇÃO_FÁBRICA
100
AcDbText
 10
-45228.28699999999
 20
56443.199199999995
 30
0.0
 40
0.1248
  1
2#4.0
100
AcDbText
  0
TEXT
  5
7C1
330
17
100
AcDbEntity
  8
FIAÇÃO_FÁBRICA
100
AcDbText
 10
-45227.42900000001
 20
56443.199199999995
 30
0.0
 40
0.1248
  1
2#2.5
100
AcDbText
  0
TEXT
  5
7C2
330
17
100
AcDbEntity
  8
FIAÇÃO_FÁBRICA
100
AcDbText
 10
-45226.57100000001
 20
56443.199199999995
 30
0.0
 40
0.1248
  1
2#2.5
100
AcDbText
  0
TEXT
  5
7C3
330
17
100
AcDbEntity
  8
FIAÇÃO_FÁBRICA
100
AcDbText
 10
-45225.71300000001
 20
56443.199199999995
 30
0.0
 40
0.1248
  1
2#2.5
100
AcDbText
  0
TEXT
  5
7C4
330
17
100
AcDbEntity
  8
FIAÇÃO_FÁBRICA
100
AcDbText
 10
-45224.85500000003
 20
56443.199199999995
 30
0.0
 40
0.1248
  1
3#4.0
100
AcDbText
  0
TEXT
  5
7C5
330
17
100
AcDbEntity
  8
FIAÇÃO_FÁBRICA
100
AcDbText
 10
-45223.99700000003
 20
56443.199199999995
 30
0.0
 40
0.1248
  1
3#2.5
100
AcDbText
  0
TEXT
  5
7C6
330
17
100
AcDbEntity
  8
FIAÇÃO_FÁBRICA
100
AcDbText
 10
-45223.13900000004
 20
56443.199199999995
 30
0.0
 40
0.1248
  1
2#2.5
100
AcDbText
  0
TEXT
  5
7C7
330
17
100
AcDbEntity
  8
FIAÇÃO_FÁBRICA
100
AcDbText
 10
-45254.271
 20
56441.7017
 30
0.0
 40
0.1248
  1
2#4.0
100
AcDbText
  0
TEXT
  5
7C8
330
17
100
AcDbEntity
  8
FIAÇÃO_FÁBRICA
100
AcDbText
 10
-45253.41300000002
 20
56441.7017
 30
0.0
 40
0.1248
  1
2#4.0
100
AcDbText
  0
TEXT
  5
7C9
330
17
100
AcDbEntity
  8
FIAÇÃO_FÁBRICA
100
AcDbText
 10
-45252.55500000002
 20
56442.4817
 30
0.0
 40
0.1248
  1
3#2.5
100
AcDbText
  0
TEXT
  5
7CA
330
17
100
AcDbEntity
  8
FIAÇÃO_FÁBRICA
100
AcDbText
 10
-45251.69700000002
 20
56442.4817
 30
0.0
 40
0.1248
  1
3#4.0
100
AcDbText
  0
TEXT
  5
7CB
330
17
100
AcDbEntity
  8
FIAÇÃO_FÁBRICA
100
AcDbText
 10
-45250.83900000003
 20
56442.4817
 30
0.0
 40
0.1248
  1
2#2.5
100
AcDbText
  0
TEXT
  5
7CC
330
17
100
AcDbEntity
  8
FIAÇÃO_FÁBRICA
100
AcDbText
 10
-45249.98100000003
 20
56441.7017
 30
0.0
 40
0.1248
  1
1#4.0
100
AcDbText
  0
TEXT
  5
7CD
330
17
100
AcDbEntity
  8
FIAÇÃO_FÁBRICA
100
AcDbText
 10
-45243.832
 20
56441.9332
 30
0.0
 40
0.1248
  1
1#4.0
100
AcDbText
  0
TEXT
  5
7CE
330
17
100
AcDbEntity
  8
FIAÇÃO_FÁBRICA
100
AcDbText
 10
-45227.0
 20
56440.7117
 30
0.0
 40
0.1248
  1
2#4.0
100
AcDbText
  0
TEXT
  5
7CF
330
17
100
AcDbEntity
  8
FIAÇÃO_FÁBRICA
100
AcDbText
 10
-45226.14200000001
 20
56440.7117
 30
0.0
 40
0.1248
  1
2#2.5
100
AcDbText
  0
TEXT
  5
7D0
330
17
100
AcDbEntity
  8
FIAÇÃO_FÁBRICA
100
AcDbText
 10
-45225.28400000002
 20
56440.7117
 30
0.0
 40
0.1248
  1
2#4.0
100
AcDbText
  0
TEXT
  5
7D1
330
17
100
AcDbEntity
  8
FIAÇÃO_FÁBRICA
100
AcDbText
 10
-45224.42600000002
 20
56440.7117
 30
0.0
 40
0.1248
  1
3#4.0
100
AcDbText
  0
TEXT
  5
7D2
330
17
100
AcDbEntity
  8
FIAÇÃO_FÁBRICA
100
AcDbText
 10
-45223.56800000003
 20
56440.7117
 30
0.0
 40
0.1248
  1
2#4.0
100
AcDbText
  0
TEXT
  5
7D3
330
17
100
AcDbEntity
  8
FIAÇÃO_FÁBRICA
100
AcDbText
 10
-45222.71000000003
 20
56440.7117
 30
0.0
 40
0.1248
  1
1#4.0
100
AcDbText
  0
TEXT
  5
7D4
330
17
100
AcDbEntity
  8
FIAÇÃO_FÁBRICA
100
AcDbText
 10
-45249.05099999999
 20
56441.4332
 30
0.0
 40
0.1248
  1
2#2.5
100
AcDbText
  0
TEXT
  5
7D5
330
17
100
AcDbEntity
  8
FIAÇÃO_FÁBRICA
100
AcDbText
 10
-45254.271
 20
56440.9767
 30
0.0
 40
0.1248
  1
2#4.0
100
AcDbText
  0
TEXT
  5
7D6
330
17
100
AcDbEntity
  8
FIAÇÃO_FÁBRICA
100
AcDbText
 10
-45253.41300000002
 20
56440.9767
 30
0.0
 40
0.1248
  1
2#4.0
100
AcDbText
  0
TEXT
  5
7D7
330
17
100
AcDbEntity
  8
FIAÇÃO_FÁBRICA
100
AcDbText
 10
-45252.55500000002
 20
56440.1967
 30
0.0
 40
0.1248
  1
3#2.5
100
AcDbText
  0
TEXT
  5
7D8
330
17
100
AcDbEntity
  8
FIAÇÃO_FÁBRICA
100
AcDbText
 10
-45251.69700000002
 20
56440.1967
 30
0.0
 40
0.1248
  1
2#2.5
100
AcDbText
  0
TEXT
  5
7D9
330
17
100
AcDbEntity
  8
FIAÇÃO_FÁBRICA
100
AcDbText
 10
-45250.83900000003
 20
56440.1967
 30
0.0
 40
0.1248
  1
2#4.0
100
AcDbText
  0
TEXT
  5
7DA
330
17
100
AcDbEntity
  8
FIAÇÃO_FÁBRICA
100
AcDbText
 10
-45226.57099999999
 20
56440.3417
 30
0.0
 40
0.1248
  1
2#4.0
100
AcDbText
  0
TEXT
  5
7DB
330
17
100
AcDbEntity
  8
FIAÇÃO_FÁBRICA
100
AcDbText
 10
-45225.713
 20
56440.3417
 30
0.0
 40
0.1248
  1
2#2.5
100
AcDbText
  0
TEXT
  5
7DC
330
17
100
AcDbEntity
  8
FIAÇÃO_FÁBRICA
100
AcDbText
 10
-45224.85500000001
 20
56440.3417
 30
0.0
 40
0.1248
  1
2#4.0
100
AcDbText
  0
TEXT
  5
7DD
330
17
100
AcDbEntity
  8
FIAÇÃO_FÁBRICA
100
AcDbText
 10
-45223.99700000002
 20
56440.3417
 30
0.0
 40
0.1248
  1
3#4.0
100
AcDbText
  0
TEXT
  5
7DE
330
17
100
AcDbEntity
  8
FIAÇÃO_FÁBRICA
100
AcDbText
 10
-45223.13900000002
 20
56440.3417
 30
0.0
 40
0.1248
  1
2#2.5
100
AcDbText
  0
TEXT
  5
7DF
330
17
100
AcDbEntity
  8
FIAÇÃO_FÁBRICA
100
AcDbText
 10
-45214.9245
 20
56439.2382
 30
0.0
 40
0.1248
  1
2#2.5
100
AcDbText
  0
TEXT
  5
7E0
330
17
100
AcDbEntity
  8
FIAÇÃO_FÁBRICA
100
AcDbText
 10
-45214.06650000001
 20
56439.2382
 30
0.0
 40
0.1248
  1
1#6.0
100
AcDbText
  0
TEXT
  5
7E1
330
17
100
AcDbEntity
  8
FIAÇÃO_FÁBRICA
100
AcDbText
 10
-45239.8
 20
56439.66520000001
 30
0.0
 40
0.1248
  1
1#4.0
100
AcDbText
  0
TEXT
  5
7E2
330
17
100
AcDbEntity
  8
FIAÇÃO_FÁBRICA
100
AcDbText
 10
-45230.30799999999
 20
56439.66520000001
 30
0.0
 40
0.1248
  1
2#4.0
100
AcDbText
  0
TEXT
  5
7E3
330
17
100
AcDbEntity
  8
FIAÇÃO_FÁBRICA
100
AcDbText
 10
-45254.271
 20
56438.7142
 30
0.0
 40
0.1248
  1
2#4.0
100
AcDbText
  0
TEXT
  5
7E4
330
17
100
AcDbEntity
  8
FIAÇÃO_FÁBRICA
100
AcDbText
 10
-45253.41300000002
 20
56438.7142
 30
0.0
 40
0.1248
  1
2#4.0
100
AcDbText
  0
TEXT
  5
7E5
330
17
100
AcDbEntity
  8
FIAÇÃO_FÁBRICA
100
AcDbText
 10
-45252.55500000002
 20
56439.4942
 30
0.0
 40
0.1248
  1
3#4.0
100
AcDbText
  0
TEXT
  5
7E6
330
17
100
AcDbEntity
  8
FIAÇÃO_FÁBRICA
100
AcDbText
 10
-45251.69700000002
 20
56438.7142
 30
0.0
 40
0.1248
  1
2#4.0
100
AcDbText
  0
TEXT
  5
7E7
330
17
100
AcDbEntity
  8
FIAÇÃO_FÁBRICA
100
AcDbText
 10
-45218.138
 20
56439.304200000006
 30
0.0
 40
0.1248
  1
2#2.5
100
AcDbText
  0
TEXT
  5
7E8
330
17
100
AcDbEntity
  8
FIAÇÃO_FÁBRICA
100
AcDbText
 10
-45217.28000000001
 20
56438.52420000001
 30
0.0
 40
0.1248
  1
1#6.0
100
AcDbText
  0
TEXT
  5
7E9
330
17
100
AcDbEntity
  8
FIAÇÃO_FÁBRICA
100
AcDbText
 10
-45225.284
 20
56439.03070000001
 30
0.0
 40
0.1248
  1
2#2.5
100
AcDbText
  0
TEXT
  5
7EA
330
17
100
AcDbEntity
  8
FIAÇÃO_FÁBRICA
100
AcDbText
 10
-45224.426
 20
56439.03070000001
 30
0.0
 40
0.1248
  1
2#2.5
100
AcDbText
  0
TEXT
  5
7EB
330
17
100
AcDbEntity
  8
FIAÇÃO_FÁBRICA
100
AcDbText
 10
-45223.56800000002
 20
56439.03070000001
 30
0.0
 40
0.1248
  1
3#2.5
100
AcDbText
  0
TEXT
  5
7EC
330
17
100
AcDbEntity
  8
FIAÇÃO_FÁBRICA
100
AcDbText
 10
-45222.71000000002
 20
56439.03070000001
 30
0.0
 40
0.1248
  1
1#4.0
100
AcDbText
  0
TEXT
  5
7ED
330
17
100
AcDbEntity
  8
FIAÇÃO_FÁBRICA
100
AcDbText
 10
-45247.817
 20
56438.923200000005
 30
0.0
 40
0.1248
  1
1#4.0
100
AcDbText
  0
TEXT
  5
7EE
330
17
100
AcDbEntity
  8
FIAÇÃO_FÁBRICA
100
AcDbText
 10
-45213.364
 20
56438.70720000001
 30
0.0
 40
0.1248
  1
2#2.5
100
AcDbText
  0
TEXT
  5
7EF
330
17
100
AcDbEntity
  8
FIAÇÃO_FÁBRICA
100
AcDbText
 10
-45212.50600000001
 20
56438.70720000001
 30
0.0
 40
0.1248
  1
1#6.0
100
AcDbText
  0
TEXT
  5
7F0
330
17
100
AcDbEntity
  8
FIAÇÃO_FÁBRICA
100
AcDbText
 10
-45223.711
 20
56438.61819999999
 30
0.0
 40
0.1248
  1
2#4.0
100
AcDbText
  0
TEXT
  5
7F1
330
17
100
AcDbEntity
  8
FIAÇÃO_FÁBRICA
100
AcDbText
 10
-45222.85300000001
 20
56438.61819999999
 30
0.0
 40
0.1248
  1
2#2.5
100
AcDbText
  0
TEXT
  5
7F2
330
17
100
AcDbEntity
  8
FIAÇÃO_FÁBRICA
100
AcDbText
 10
-45221.99500000001
 20
56438.61819999999
 30
0.0
 40
0.1248
  1
1#4.0
100
AcDbText
  0
TEXT
  5
7F3
330
17
100
AcDbEntity
  8
FIAÇÃO_FÁBRICA
100
AcDbText
 10
-45253.03599999999
 20
56438.423200000005
 30
0.0
 40
0.1248
  1
2#2.5
100
AcDbText
  0
TEXT
  5
7F4
330
17
100
AcDbEntity
  8
FIAÇÃO_FÁBRICA
100
AcDbText
 10
-45222.68799999999
 20
56438.21820000001
 30
0.0
 40
0.1248
  1
2#2.5
100
AcDbText
  0
TEXT
  5
7F5
330
17
100
AcDbEntity
  8
FIAÇÃO_FÁBRICA
100
AcDbText
 10
-45221.83
 20
56438.21820000001
 30
0.0
 40
0.1248
  1
3#6.0
100
AcDbText
  0
TEXT
  5
7F6
330
17
100
AcDbEntity
  8
FIAÇÃO_FÁBRICA
100
AcDbText
 10
-45254.97100000001
 20
56436.93820000001
 30
0.0
 40
0.1248
  1
2#4.0
100
AcDbText
  0
TEXT
  5
7F7
330
17
100
AcDbEntity
  8
FIAÇÃO_FÁBRICA
100
AcDbText
 10
-45254.11300000001
 20
56437.88820000001
 30
0.0
 40
0.1248
  1
1#4.0
100
AcDbText
  0
TEXT
  5
7F8
330
17
100
AcDbEntity
  8
FIAÇÃO_FÁBRICA
100
AcDbText
 10
-45224.855
 20
56437.5357
 30
0.0
 40
0.1248
  1
2#4.0
100
AcDbText
  0
TEXT
  5
7F9
330
17
100
AcDbEntity
  8
FIAÇÃO_FÁBRICA
100
AcDbText
 10
-45223.99700000001
 20
56436.7557
 30
0.0
 40
0.1248
  1
3#4.0
100
AcDbText
  0
TEXT
  5
7FA
330
17
100
AcDbEntity
  8
FIAÇÃO_FÁBRICA
100
AcDbText
 10
-45223.13900000002
 20
56436.7557
 30
0.0
 40
0.1248
  1
2#2.5
100
AcDbText
  0
TEXT
  5
7FB
330
17
100
AcDbEntity
  8
FIAÇÃO_FÁBRICA
100
AcDbText
 10
-45254.271
 20
56436.2607
 30
0.0
 40
0.1248
  1
2#4.0
100
AcDbText
  0
TEXT
  5
7FC
330
17
100
AcDbEntity
  8
FIAÇÃO_FÁBRICA
100
AcDbText
 10
-45253.41300000002
 20
56437.0407
 30
0.0
 40
0.1248
  1
3#2.5
100
AcDbText
  0
TEXT
  5
7FD
330
17
100
AcDbEntity
  8
FIAÇÃO_FÁBRICA
100
AcDbText
 10
-45252.55500000002
 20
56437.0407
 30
0.0
 40
0.1248
  1
2#2.5
100
AcDbText
  0
TEXT
  5
7FE
330
17
100
AcDbEntity
  8
FIAÇÃO_FÁBRICA
100
AcDbText
 10
-45251.69700000002
 20
56437.0407
 30
0.0
 40
0.1248
  1
1#4.0
100
AcDbText
  0
TEXT
  5
7FF
330
17
100
AcDbEntity
  8
FIAÇÃO_FÁBRICA
100
AcDbText
 10
-45247.0255
 20
56434.22019999999
 30
0.0
 40
0.1248
  1
1#4.0
100
AcDbText
  0
TEXT
  5
800
330
17
100
AcDbEntity
  8
FIAÇÃO_FÁBRICA
100
AcDbText
 10
-45215.75099999999
 20
56434.88870000001
 30
0.0
 40
0.1248
  1
1#2.5
100
AcDbText
  0
TEXT
  5
801
330
17
100
AcDbEntity
  8
FIAÇÃO_FÁBRICA
100
AcDbText
 10
-45239.792
 20
56434.7282
 30
0.0
 40
0.1248
  1
1#2.5
100
AcDbText
  0
TEXT
  5
802
330
17
100
AcDbEntity
  8
FIAÇÃO_FÁBRICA
100
AcDbText
 10
-45230.304
 20
56434.7282
 30
0.0
 40
0.1248
  1
2#2.5
100
AcDbText
  0
TEXT
  5
803
330
17
100
AcDbEntity
  8
FIAÇÃO_FÁBRICA
100
AcDbText
 10
-45224.426
 20
56433.7382
 30
0.0
 40
0.1248
  1
2#4.0
100
AcDbText
  0
TEXT
  5
804
330
17
100
AcDbEntity
  8
FIAÇÃO_FÁBRICA
100
AcDbText
 10
-45223.56800000002
 20
56433.7382
 30
0.0
 40
0.1248
  1
3#4.0
100
AcDbText
  0
TEXT
  5
805
330
17
100
AcDbEntity
  8
FIAÇÃO_FÁBRICA
100
AcDbText
 10
-45222.71000000002
 20
56433.7382
 30
0.0
 40
0.1248
  1
1#4.0
100
AcDbText
  0
TEXT
  5
806
330
17
100
AcDbEntity
  8
FIAÇÃO_FÁBRICA
100
AcDbText
 10
-45218.138
 20
56433.71970000001
 30
0.0
 40
0.1248
  1
2#2.5
100
AcDbText
  0
TEXT
  5
807
330
17
100
AcDbEntity
  8
FIAÇÃO_FÁBRICA
100
AcDbText
 10
-45213.364
 20
56433.49420000001
 30
0.0
 40
0.1248
  1
2#2.5
100
AcDbText
  0
TEXT
  5
808
330
17
100
AcDbEntity
  8
FIAÇÃO_FÁBRICA
100
AcDbText
 10
-45254.271
 20
56432.4447
 30
0.0
 40
0.1248
  1
2#4.0
100
AcDbText
  0
TEXT
  5
809
330
17
100
AcDbEntity
  8
FIAÇÃO_FÁBRICA
100
AcDbText
 10
-45253.41300000002
 20
56431.6647
 30
0.0
 40
0.1248
  1
3#2.5
100
AcDbText
  0
TEXT
  5
80A
330
17
100
AcDbEntity
  8
FIAÇÃO_FÁBRICA
100
AcDbText
 10
-45252.55500000002
 20
56432.4447
 30
0.0
 40
0.1248
  1
1#4.0
100
AcDbText
  0
TEXT
  5
80B
330
17
100
AcDbEntity
  8
FIAÇÃO_FÁBRICA
100
AcDbText
 10
-45249.856
 20
56432.2632
 30
0.0
 40
0.1248
  1
2#2.5
100
AcDbText
  0
TEXT
  5
80C
330
17
100
AcDbEntity
  8
FIAÇÃO_FÁBRICA
100
AcDbText
 10
-45248.99800000002
 20
56432.2632
 30
0.0
 40
0.1248
  1
1#4.0
100
AcDbText
  0
TEXT
  5
80D
330
17
100
AcDbEntity
  8
FIAÇÃO_FÁBRICA
100
AcDbText
 10
-45246.2955
 20
56432.2632
 30
0.0
 40
0.1248
  1
1#4.0
100
AcDbText
  0
TEXT
  5
80E
330
17
100
AcDbEntity
  8
FIAÇÃO_FÁBRICA
100
AcDbText
 10
-45230.304
 20
56430.64820000001
 30
0.0
 40
0.1248
  1
1#4.0
100
AcDbText
  0
TEXT
  5
80F
330
17
100
AcDbEntity
  8
FIAÇÃO_FÁBRICA
100
AcDbText
 10
-45247.0255
 20
56429.2462
 30
0.0
 40
0.1248
  1
1#4.0
100
AcDbText
  0
TEXT
  5
810
330
17
100
AcDbEntity
  8
FIAÇÃO_FÁBRICA
100
AcDbText
 10
-45250.60149999999
 20
56429.7482
 30
0.0
 40
0.1248
  1
2#4.0
100
AcDbText
  0
TEXT
  5
811
330
17
100
AcDbEntity
  8
FIAÇÃO_FÁBRICA
100
AcDbText
 10
-45249.74349999999
 20
56429.7482
 30
0.0
 40
0.1248
  1
3#4.0
100
AcDbText
  0
TEXT
  5
812
330
17
100
AcDbEntity
  8
FIAÇÃO_FÁBRICA
100
AcDbText
 10
-45247.4835
 20
56428.9682
 30
0.0
 40
0.1248
  1
2#4.0
100
AcDbText
  0
TEXT
  5
813
330
17
100
AcDbEntity
  8
FIAÇÃO_FÁBRICA
100
AcDbText
 10
-45246.6255
 20
56428.9682
 30
0.0
 40
0.1248
  1
1#4.0
100
AcDbText
  0
TEXT
  5
814
330
17
100
AcDbEntity
  8
FIAÇÃO_FÁBRICA
100
AcDbText
 10
-45244.334
 20
56429.7482
 30
0.0
 40
0.1248
  1
3#4.0
100
AcDbText
  0
TEXT
  5
815
330
17
100
AcDbEntity
  8
FIAÇÃO_FÁBRICA
100
AcDbText
 10
-45239.599
 20
56428.9682
 30
0.0
 40
0.1248
  1
1#4.0
100
AcDbText
  0
TEXT
  5
816
330
17
100
AcDbEntity
  8
FIAÇÃO_FÁBRICA
100
AcDbText
 10
-45236.2585
 20
56429.7482
 30
0.0
 40
0.1248
  1
1#4.0
100
AcDbText
  0
TEXT
  5
817
330
17
100
AcDbEntity
  8
FIAÇÃO_FÁBRICA
100
AcDbText
 10
-45234.64399999999
 20
56429.7482
 30
0.0
 40
0.1248
  1
3#4.0
100
AcDbText
  0
TEXT
  5
818
330
17
100
AcDbEntity
  8
FIAÇÃO_FÁBRICA
100
AcDbText
 10
-45233.02949999999
 20
56429.7482
 30
0.0
 40
0.1248
  1
3#4.0
100
AcDbText
  0
TEXT
  5
819
330
17
100
AcDbEntity
  8
FIAÇÃO_FÁBRICA
100
AcDbText
 10
-45232.17149999999
 20
56429.7482
 30
0.0
 40
0.1248
  1
1#4.0
100
AcDbText
  0
TEXT
  5
81A
330
17
100
AcDbEntity
  8
FIAÇÃO_FÁBRICA
100
AcDbText
 10
-45226.6065
 20
56429.7482
 30
0.0
 40
0.1248
  1
2#2.5
100
AcDbText
  0
TEXT
  5
81B
330
17
100
AcDbEntity
  8
FIAÇÃO_FÁBRICA
100
AcDbText
 10
-45225.7485
 20
56429.7482
 30
0.0
 40
0.1248
  1
3#2.5
100
AcDbText
  0
TEXT
  5
81C
330
17
100
AcDbEntity
  8
FIAÇÃO_FÁBRICA
100
AcDbText
 10
-45213.364
 20
56429.6757
 30
0.0
 40
0.1248
  1
1#2.5
100
AcDbText
  0
TEXT
  5
81D
330
17
100
AcDbEntity
  8
FIAÇÃO_FÁBRICA
100
AcDbText
 10
-45218.138
 20
56429.304200000006
 30
0.0
 40
0.1248
  1
1#2.5
100
AcDbText
  0
MTEXT
  5
81E
330
17
100
AcDbEntity
  8
UNIFILAR - TEXTO
100
AcDbMText
 10
-45150.88098999508
 20
56402.69228091325
 30
0.0
 40
0.1021482570786623
 41
0.1104341077644502
 46
0.0
 71
1
 72
5
  1
T
 11
1.0
 21
-2e-16
 31
0.0
101
Embedded Object
 70
1
 10
1.0
 20
-2e-16
 30
0.0
 11
-45150.88098999508
 21
56402.69228091325
 31
0.0
 40
0.1104341077644502
 41
0.0
 42
0.059165557407137
 43
0.1021482570786623
 71
2
 72
1
 44
0.1104341077644502
 45
0.0182407601926183
 73
0
 74
0
 46
0.0
  0
MTEXT
  5
81F
330
17
100
AcDbEntity
  8
UNIFILAR - TEXTO
100
AcDbMText
 10
-45150.88098999508
 20
56399.52942377039
 30
0.0
 40
0.1021482570786623
 41
0.1104341077644502
 46
0.0
 71
1
 72
5
  1
S
 11
1.0
 21
-2e-16
 31
0.0
101
Embedded Object
 70
1
 10
1.0
 20
-2e-16
 30
0.0
 11
-45150.88098999508
 21
56399.52942377039
 31
0.0
 40
0.1104341077644502
 41
0.0
 42
0.0510741285393313
 43
0.1021482570786623
 71
2
 72
1
 44
0.1104341077644502
 45
0.0182407601926183
 73
0
 74
0
 46
0.0
  0
MTEXT
  5
820
330
17
100
AcDbEntity
  8
UNIFILAR - TEXTO
100
AcDbMText
 10
-45150.88098999508
 20
56397.94799519896
 30
0.0
 40
0.1021482570786623
 41
0.1104341077644502
 46
0.0
 71
1
 72
5
  1
R
 11
1.0
 21
-2e-16
 31
0.0
101
Embedded Object
 70
1
 10
1.0
 20
-2e-16
 30
0.0
 11
-45150.88098999508
 21
56397.94799519896
 31
0.0
 40
0.1104341077644502
 41
0.0
 42
0.0510741285393312
 43
0.1021482570786623
 71
2
 72
1
 44
0.1104341077644502
 45
0.0182407601926183
 73
0
 74
0
 46
0.0
  0
MTEXT
  5
821
330
17
100
AcDbEntity
  8
UNIFILAR - TEXTO
100
AcDbMText
 10
-45150.88098999508
 20
56397.15728091324
 30
0.0
 40
0.1021482570786623
 41
0.1104341077644502
 46
0.0
 71
1
 72
5
  1
T
 11
1.0
 21
-2e-16
 31
0.0
101
Embedded Object
 70
1
 10
1.0
 20
-2e-16
 30
0.0
 11
-45150.88098999508
 21
56397.15728091324
 31
0.0
 40
0.1104341077644502
 41
0.0
 42
0.059165557407137
 43
0.1021482570786623
 71
2
 72
1
 44
0.1104341077644502
 45
0.0182407601926183
 73
0
 74
0
 46
0.0
  0
MTEXT
  5
822
330
17
100
AcDbEntity
  8
UNIFILAR - TEXTO
100
AcDbMText
 10
-45150.88098999508
 20
56385.27370948467
 30
0.0
 40
0.1021482570786623
 41
0.1104341077644502
 46
0.0
 71
1
 72
5
  1
R
 11
1.0
 21
-2e-16
 31
0.0
101
Embedded Object
 70
1
 10
1.0
 20
-2e-16
 30
0.0
 11
-45150.88098999508
 21
56385.27370948467
 31
0.0
 40
0.1104341077644502
 41
0.0
 42
0.0510741285393312
 43
0.1021482570786623
 71
2
 72
1
 44
0.1104341077644502
 45
0.0182407601926183
 73
0
 74
0
 46
0.0
  0
MTEXT
  5
823
330
17
100
AcDbEntity
  8
UNIFILAR - TEXTO
100
AcDbMText
 10
-45150.88098999508
 20
56382.90156662753
 30
0.0
 40
0.1021482570786623
 41
0.1104341077644502
 46
0.0
 71
1
 72
5
  1
T
 11
1.0
 21
-2e-16
 31
0.0
101
Embedded Object
 70
1
 10
1.0
 20
-2e-16
 30
0.0
 11
-45150.88098999508
 21
56382.90156662753
 31
0.0
 40
0.1104341077644502
 41
0.0
 42
0.059165557407137
 43
0.1021482570786623
 71
2
 72
1
 44
0.1104341077644502
 45
0.0182407601926183
 73
0
 74
0
 46
0.0
  0
MTEXT
  5
824
330
17
100
AcDbEntity
  8
UNIFILAR - TEXTO
100
AcDbMText
 10
-45150.88098999508
 20
56382.11085234181
 30
0.0
 40
0.1021482570786623
 41
0.1104341077644502
 46
0.0
 71
1
 72
5
  1
S
 11
1.0
 21
-2e-16
 31
0.0
101
Embedded Object
 70
1
 10
1.0
 20
-2e-16
 30
0.0
 11
-45150.88098999508
 21
56382.11085234181
 31
0.0
 40
0.1104341077644502
 41
0.0
 42
0.0510741285393313
 43
0.1021482570786623
 71
2
 72
1
 44
0.1104341077644502
 45
0.0182407601926183
 73
0
 74
0
 46
0.0
  0
MTEXT
  5
825
330
17
100
AcDbEntity
  8
UNIFILAR - TEXTO
100
AcDbMText
 10
-45150.88098999508
 20
56379.73870948467
 30
0.0
 40
0.1021482570786623
 41
0.1104341077644502
 46
0.0
 71
1
 72
5
  1
S
 11
1.0
 21
-2e-16
 31
0.0
101
Embedded Object
 70
1
 10
1.0
 20
-2e-16
 30
0.0
 11
-45150.88098999508
 21
56379.73870948467
 31
0.0
 40
0.1104341077644502
 41
0.0
 42
0.0510741285393312
 43
0.1021482570786623
 71
2
 72
1
 44
0.1104341077644502
 45
0.0182407601926183
 73
0
 74
0
 46
0.0
  0
ENDSEC
  0
SECTION
  2
OBJECTS
  0
DICTIONARY
  5
A
330
0
100
AcDbDictionary
281
1
  3
ACAD_COLOR
350
B
  3
ACAD_GROUP
350
C
  3
ACAD_LAYOUT
350
D
  3
ACAD_MATERIAL
350
E
  3
ACAD_MLEADERSTYLE
350
F
  3
ACAD_MLINESTYLE
350
10
  3
ACAD_PLOTSETTINGS
350
11
  3
ACAD_PLOTSTYLENAME
350
12
  3
ACAD_SCALELIST
350
14
  3
ACAD_TABLESTYLE
350
15
  3
ACAD_VISUALSTYLE
350
16
  3
EZDXF_META
350
2D
  0
DICTIONARY
  5
B
330
A
100
AcDbDictionary
281
1
  0
DICTIONARY
  5
C
330
A
100
AcDbDictionary
281
1
  0
DICTIONARY
  5
D
330
A
100
AcDbDictionary
281
1
  3
Model
350
1A
  3
Layout1
350
1E
  0
DICTIONARY
  5
E
330
A
100
AcDbDictionary
281
1
  3
ByBlock
350
1F
  3
ByLayer
350
20
  3
Global
350
21
  0
DICTIONARY
  5
F
330
A
100
AcDbDictionary
281
1
  3
Standard
350
2C
  0
DICTIONARY
  5
10
330
A
100
AcDbDictionary
281
1
  3
Standard
350
22
  0
DICTIONARY
  5
11
330
A
100
AcDbDictionary
281
1
  0
ACDBDICTIONARYWDFLT
  5
12
330
A
100
AcDbDictionary
281
1
  3
Normal
350
13
100
AcDbDictionaryWithDefault
340
13
  0
ACDBPLACEHOLDER
  5
13
330
12
  0
DICTIONARY
  5
14
330
A
100
AcDbDictionary
281
1
  0
DICTIONARY
  5
15
330
A
100
AcDbDictionary
281
1
  0
DICTIONARY
  5
16
330
A
100
AcDbDictionary
281
1
  0
LAYOUT
  5
1A
330
D
100
AcDbPlotSettings
  1

  4
A3
  6

 40
7.5
 41
20.0
 42
7.5
 43
20.0
 44
420.0
 45
297.0
 46
0.0
 47
0.0
 48
0.0
 49
0.0
140
0.0
141
0.0
142
1.0
143
1.0
 70
1024
 72
1
 73
0
 74
5
  7

 75
16
 76
0
 77
2
 78
300
147
1.0
148
0.0
149
0.0
100
AcDbLayout
  1
Model
 70
1
 71
0
 10
0.0
 20
0.0
 11
420.0
 21
297.0
 12
0.0
 22
0.0
 32
0.0
 14
1e+20
 24
1e+20
 34
1e+20
 15
-1e+20
 25
-1e+20
 35
-1e+20
146
0.0
 13
0.0
 23
0.0
 33
0.0
 16
1.0
 26
0.0
 36
0.0
 17
0.0
 27
1.0
 37
0.0
 76
1
330
17
  0
LAYOUT
  5
1E
330
D
100
AcDbPlotSettings
  1

  4
A3
  6

 40
7.5
 41
20.0
 42
7.5
 43
20.0
 44
420.0
 45
297.0
 46
0.0
 47
0.0
 48
0.0
 49
0.0
140
0.0
141
0.0
142
1.0
143
1.0
 70
0
 72
1
 73
0
 74
5
  7

 75
16
 76
0
 77
2
 78
300
147
1.0
148
0.0
149
0.0
100
AcDbLayout
  1
Layout1
 70
1
 71
1
 10
0.0
 20
0.0
 11
420.0
 21
297.0
 12
0.0
 22
0.0
 32
0.0
 14
1e+20
 24
1e+20
 34
1e+20
 15
-1e+20
 25
-1e+20
 35
-1e+20
146
0.0
 13
0.0
 23
0.0
 33
0.0
 16
1.0
 26
0.0
 36
0.0
 17
0.0
 27
1.0
 37
0.0
 76
1
330
1B
  0
MATERIAL
  5
1F
102
{ACAD_REACTORS
330
E
102
}
330
E
100
AcDbMaterial
  1
ByBlock
  2

 70
0
 40
1.0
 71
1
 41
1.0
 91
-1023410177
 42
1.0
 72
1
  3

 73
1
 74
1
 75
1
 44
0.5
 73
0
 45
1.0
 46
1.0
 77
1
  4

 78
1
 79
1
170
1
 48
1.0
171
1
  6

172
1
173
1
174
1
140
1.0
141
1.0
175
1
  7

176
1
177
1
178
1
143
1.0
179
1
  8

270
1
271
1
272
1
145
1.0
146
1.0
273
1
  9

274
1
275
1
276
1
 42
1.0
 72
1
  3

 73
1
 74
1
 75
1
 94
63
  0
MATERIAL
  5
20
102
{ACAD_REACTORS
330
E
102
}
330
E
100
AcDbMaterial
  1
ByLayer
  2

 70
0
 40
1.0
 71
1
 41
1.0
 91
-1023410177
 42
1.0
 72
1
  3

 73
1
 74
1
 75
1
 44
0.5
 73
0
 45
1.0
 46
1.0
 77
1
  4

 78
1
 79
1
170
1
 48
1.0
171
1
  6

172
1
173
1
174
1
140
1.0
141
1.0
175
1
  7

176
1
177
1
178
1
143
1.0
179
1
  8

270
1
271
1
272
1
145
1.0
146
1.0
273
1
  9

274
1
275
1
276
1
 42
1.0
 72
1
  3

 73
1
 74
1
 75
1
 94
63
  0
MATERIAL
  5
21
102
{ACAD_REACTORS
330
E
102
}
330
E
100
AcDbMaterial
  1
Global
  2

 70
0
 40
1.0
 71
1
 41
1.0
 91
-1023410177
 42
1.0
 72
1
  3

 73
1
 74
1
 75
1
 44
0.5
 73
0
 45
1.0
 46
1.0
 77
1
  4

 78
1
 79
1
170
1
 48
1.0
171
1
  6

172
1
173
1
174
1
140
1.0
141
1.0
175
1
  7

176
1
177
1
178
1
143
1.0
179
1
  8

270
1
271
1
272
1
145
1.0
146
1.0
273
1
  9

274
1
275
1
276
1
 42
1.0
 72
1
  3

 73
1
 74
1
 75
1
 94
63
  0
MLINESTYLE
  5
22
102
{ACAD_REACTORS
330
10
102
}
330
10
100
AcDbMlineStyle
  2
Standard
 70
0
  3

 62
256
 51
90.0
 52
90.0
 71
2
 49
0.5
 62
256
  6
BYLAYER
 49
-0.5
 62
256
  6
BYLAYER
  0
MLEADERSTYLE
  5
2C
102
{ACAD_REACTORS
330
F
102
}
330
F
100
AcDbMLeaderStyle
179
2
170
2
171
1
172
0
 90
2
 40
0.0
 41
0.0
173
1
 91
-1056964608
 92
-2
290
1
 42
2.0
291
1
 43
8.0
  3
Standard
 44
4.0
300

342
29
174
1
175
1
176
0
178
1
 93
-1056964608
 45
4.0
292
0
297
0
 46
4.0
 94
-1056964608
 47
1.0
 49
1.0
140
1.0
294
1
141
0.0
177
0
142
1.0
295
0
296
0
143
3.75
271
0
272
9
273
9
  0
DICTIONARY
  5
2D
330
A
100
AcDbDictionary
280
1
281
1
  3
CREATED_BY_EZDXF
350
2E
  3
WRITTEN_BY_EZDXF
350
828
  0
DICTIONARYVAR
  5
2E
330
2D
100
DictionaryVariables
280
0
  1
1.4.4 @ 2026-10-07T03:06:20.855178+00:00
  0
DICTIONARYVAR
  5
828
330
2D
100
DictionaryVariables
280
0
  1
1.4.4 @ 2026-10-07T03:06:22.055489+00:00
  0
ENDSEC
  0
EOF
