  0
SECTION
  2
HEADER
  9
$ACADVER
  1
AC1032
  9
$ACADMAINTVER
 90
4
  9
$DWGCODEPAGE
  3
ANSI_1252
  9
$LASTSAVEDBY
  1
ezdxf
  9
$REQUIREDVERSIONS
160
0
  9
$INSBASE
 10
0.0
 20
0.0
 30
0.0
  9
$EXTMIN
 10
1e+20
 20
1e+20
 30
1e+20
  9
$EXTMAX
 10
-1e+20
 20
-1e+20
 30
-1e+20
  9
$LIMMIN
 10
0.0
 20
0.0
  9
$LIMMAX
 10
420.0
 20
297.0
  9
$ORTHOMODE
 70
0
  9
$REGENMODE
 70
1
  9
$FILLMODE
 70
1
  9
$QTEXTMODE
 70
0
  9
$MIRRTEXT
 70
1
  9
$LTSCALE
 40
1.0
  9
$ATTMODE
 70
1
  9
$TEXTSIZE
 40
2.5
  9
$TRACEWID
 40
1.0
  9
$TEXTSTYLE
  7
Standard
  9
$CLAYER
  8
0
  9
$CELTYPE
  6
ByLayer
  9
$CECOLOR
 62
256
  9
$CELTSCALE
 40
1.0
  9
$DISPSILH
 70
0
  9
$DIMSCALE
 40
1.0
  9
$DIMASZ
 40
2.5
  9
$DIMEXO
 40
0.625
  9
$DIMDLI
 40
3.75
  9
$DIMRND
 40
0.0
  9
$DIMDLE
 40
0.0
  9
$DIMEXE
 40
1.25
  9
$DIMTP
 40
0.0
  9
$DIMTM
 40
0.0
  9
$DIMTXT
 40
2.5
  9
$DIMCEN
 40
2.5
  9
$DIMTSZ
 40
0.0
  9
$DIMTOL
 70
0
  9
$DIMLIM
 70
0
  9
$DIMTIH
 70
0
  9
$DIMTOH
 70
0
  9
$DIMSE1
 70
0
  9
$DIMSE2
 70
0
  9
$DIMTAD
 70
1
  9
$DIMZIN
 70
8
  9
$DIMBLK
  1

  9
$DIMASO
 70
1
  9
$DIMSHO
 70
1
  9
$DIMPOST
  1

  9
$DIMAPOST
  1

  9
$DIMALT
 70
0
  9
$DIMALTD
 70
3
  9
$DIMALTF
 40
0.03937007874
  9
$DIMLFAC
 40
1.0
  9
$DIMTOFL
 70
1
  9
$DIMTVP
 40
0.0
  9
$DIMTIX
 70
0
  9
$DIMSOXD
 70
0
  9
$DIMSAH
 70
0
  9
$DIMBLK1
  1

  9
$DIMBLK2
  1

  9
$DIMSTYLE
  2
ISO-25
  9
$DIMCLRD
 70
0
  9
$DIMCLRE
 70
0
  9
$DIMCLRT
 70
0
  9
$DIMTFAC
 40
1.0
  9
$DIMGAP
 40
0.625
  9
$DIMJUST
 70
0
  9
$DIMSD1
 70
0
  9
$DIMSD2
 70
0
  9
$DIMTOLJ
 70
0
  9
$DIMTZIN
 70
8
  9
$DIMALTZ
 70
0
  9
$DIMALTTZ
 70
0
  9
$DIMUPT
 70
0
  9
$DIMDEC
 70
2
  9
$DIMTDEC
 70
2
  9
$DIMALTU
 70
2
  9
$DIMALTTD
 70
3
  9
$DIMTXSTY
  7
Standard
  9
$DIMAUNIT
 70
0
  9
$DIMADEC
 70
0
  9
$DIMALTRND
 40
0.0
  9
$DIMAZIN
 70
0
  9
$DIMDSEP
 70
44
  9
$DIMATFIT
 70
3
  9
$DIMFRAC
 70
0
  9
$DIMLDRBLK
  1

  9
$DIMLUNIT
 70
2
  9
$DIMLWD
 70
-2
  9
$DIMLWE
 70
-2
  9
$DIMTMOVE
 70
0
  9
$DIMFXL
 40
1.0
  9
$DIMFXLON
 70
0
  9
$DIMJOGANG
 40
0.785398163397
  9
$DIMTFILL
 70
0
  9
$DIMTFILLCLR
 70
0
  9
$DIMARCSYM
 70
0
  9
$DIMLTYPE
  6

  9
$DIMLTEX1
  6

  9
$DIMLTEX2
  6

  9
$DIMTXTDIRECTION
 70
0
  9
$LUNITS
 70
2
  9
$LUPREC
 70
4
  9
$SKETCHINC
 40
1.0
  9
$FILLETRAD
 40
10.0
  9
$AUNITS
 70
0
  9
$AUPREC
 70
2
  9
$MENU
  1
.
  9
$ELEVATION
 40
0.0
  9
$PELEVATION
 40
0.0
  9
$THICKNESS
 40
0.0
  9
$LIMCHECK
 70
0
  9
$CHAMFERA
 40
0.0
  9
$CHAMFERB
 40
0.0
  9
$CHAMFERC
 40
0.0
  9
$CHAMFERD
 40
0.0
  9
$SKPOLY
 70
0
  9
$TDCREATE
 40
2461321.3820949076
  9
$TDUCREATE
 40
2458532.153996898
  9
$TDUPDATE
 40
2461321.3820949076
  9
$TDUUPDATE
 40
2458532.1544311
  9
$TDINDWG
 40
0.0
  9
$TDUSRTIMER
 40
0.0
  9
$USRTIMER
 70
1
  9
$ANGBASE
 50
0.0
  9
$ANGDIR
 70
0
  9
$PDMODE
 70
0
  9
$PDSIZE
 40
0.0
  9
$PLINEWID
 40
0.0
  9
$SPLFRAME
 70
0
  9
$SPLINETYPE
 70
6
  9
$SPLINESEGS
 70
8
  9
$HANDSEED
  5
945
  9
$SURFTAB1
 70
6
  9
$SURFTAB2
 70
6
  9
$SURFTYPE
 70
6
  9
$SURFU
 70
6
  9
$SURFV
 70
6
  9
$UCSBASE
  2

  9
$UCSNAME
  2

  9
$UCSORG
 10
0.0
 20
0.0
 30
0.0
  9
$UCSXDIR
 10
1.0
 20
0.0
 30
0.0
  9
$UCSYDIR
 10
0.0
 20
1.0
 30
0.0
  9
$UCSORTHOREF
  2

  9
$UCSORTHOVIEW
 70
0
  9
$UCSORGTOP
 10
0.0
 20
0.0
 30
0.0
  9
$UCSORGBOTTOM
 10
0.0
 20
0.0
 30
0.0
  9
$UCSORGLEFT
 10
0.0
 20
0.0
 30
0.0
  9
$UCSORGRIGHT
 10
0.0
 20
0.0
 30
0.0
  9
$UCSORGFRONT
 10
0.0
 20
0.0
 30
0.0
  9
$UCSORGBACK
 10
0.0
 20
0.0
 30
0.0
  9
$PUCSBASE
  2

  9
$PUCSNAME
  2

  9
$PUCSORG
 10
0.0
 20
0.0
 30
0.0
  9
$PUCSXDIR
 10
1.0
 20
0.0
 30
0.0
  9
$PUCSYDIR
 10
0.0
 20
1.0
 30
0.0
  9
$PUCSORTHOREF
  2

  9
$PUCSORTHOVIEW
 70
0
  9
$PUCSORGTOP
 10
0.0
 20
0.0
 30
0.0
  9
$PUCSORGBOTTOM
 10
0.0
 20
0.0
 30
0.0
  9
$PUCSORGLEFT
 10
0.0
 20
0.0
 30
0.0
  9
$PUCSORGRIGHT
 10
0.0
 20
0.0
 30
0.0
  9
$PUCSORGFRONT
 10
0.0
 20
0.0
 30
0.0
  9
$PUCSORGBACK
 10
0.0
 20
0.0
 30
0.0
  9
$USERI1
 70
0
  9
$USERI2
 70
0
  9
$USERI3
 70
0
  9
$USERI4
 70
0
  9
$USERI5
 70
0
  9
$USERR1
 40
0.0
  9
$USERR2
 40
0.0
  9
$USERR3
 40
0.0
  9
$USERR4
 40
0.0
  9
$USERR5
 40
0.0
  9
$WORLDVIEW
 70
1
  9
$SHADEDGE
 70
3
  9
$SHADEDIF
 70
70
  9
$TILEMODE
 70
1
  9
$MAXACTVP
 70
64
  9
$PINSBASE
 10
0.0
 20
0.0
 30
0.0
  9
$PLIMCHECK
 70
0
  9
$PEXTMIN
 10
1e+20
 20
1e+20
 30
1e+20
  9
$PEXTMAX
 10
-1e+20
 20
-1e+20
 30
-1e+20
  9
$PLIMMIN
 10
0.0
 20
0.0
  9
$PLIMMAX
 10
420.0
 20
297.0
  9
$UNITMODE
 70
0
  9
$VISRETAIN
 70
1
  9
$PLINEGEN
 70
0
  9
$PSLTSCALE
 70
1
  9
$TREEDEPTH
 70
3020
  9
$CMLSTYLE
  2
Standard
  9
$CMLJUST
 70
0
  9
$CMLSCALE
 40
20.0
  9
$PROXYGRAPHICS
 70
1
  9
$MEASUREMENT
 70
1
  9
$CELWEIGHT
370
-1
  9
$ENDCAPS
280
0
  9
$JOINSTYLE
280
0
  9
$LWDISPLAY
290
0
  9
$INSUNITS
 70
6
  9
$HYPERLINKBASE
  1

  9
$STYLESHEET
  1

  9
$XEDIT
290
1
  9
$CEPSNTYPE
380
0
  9
$PSTYLEMODE
290
1
  9
$FINGERPRINTGUID
  2
{2FEE8389-D6F7-43EC-A09A-612175D58AE9}
  9
$VERSIONGUID
  2
{D3015F5F-B19E-40DA-A996-4C7450BAB4D8}
  9
$EXTNAMES
290
1
  9
$PSVPSCALE
 40
0.0
  9
$OLESTARTUP
290
0
  9
$SORTENTS
280
127
  9
$INDEXCTL
280
0
  9
$HIDETEXT
280
1
  9
$XCLIPFRAME
280
1
  9
$HALOGAP
280
0
  9
$OBSCOLOR
 70
257
  9
$OBSLTYPE
280
0
  9
$INTERSECTIONDISPLAY
280
0
  9
$INTERSECTIONCOLOR
 70
257
  9
$DIMASSOC
280
2
  9
$PROJECTNAME
  1

  9
$CAMERADISPLAY
290
0
  9
$LENSLENGTH
 40
50.0
  9
$CAMERAHEIGHT
 40
0.0
  9
$STEPSPERSEC
 40
24.0
  9
$STEPSIZE
 40
100.0
  9
$3DDWFPREC
 40
2.0
  9
$PSOLWIDTH
 40
0.005
  9
$PSOLHEIGHT
 40
0.08
  9
$LOFTANG1
 40
1.570796326795
  9
$LOFTANG2
 40
1.570796326795
  9
$LOFTMAG1
 40
0.0
  9
$LOFTMAG2
 40
0.0
  9
$LOFTPARAM
 70
7
  9
$LOFTNORMALS
280
1
  9
$LATITUDE
 40
37.795
  9
$LONGITUDE
 40
-122.394
  9
$NORTHDIRECTION
 40
0.0
  9
$TIMEZONE
 70
-8000
  9
$LIGHTGLYPHDISPLAY
280
1
  9
$TILEMODELIGHTSYNCH
280
1
  9
$CMATERIAL
347
20
  9
$SOLIDHIST
280
0
  9
$SHOWHIST
280
1
  9
$DWFFRAME
280
2
  9
$DGNFRAME
280
2
  9
$REALWORLDSCALE
290
1
  9
$INTERFERECOLOR
 62
256
  9
$CSHADOW
280
0
  9
$SHADOWPLANELOCATION
 40
0.0
  0
ENDSEC
  0
SECTION
  2
CLASSES
  0
CLASS
  1
ACDBDICTIONARYWDFLT
  2
AcDbDictionaryWithDefault
  3
ObjectDBX Classes
 90
0
 91
0
280
0
281
0
  0
CLASS
  1
SUN
  2
AcDbSun
  3
SCENEOE
 90
1153
 91
0
280
0
281
0
  0
CLASS
  1
VISUALSTYLE
  2
AcDbVisualStyle
  3
ObjectDBX Classes
 90
4095
 91
0
280
0
281
0
  0
CLASS
  1
MATERIAL
  2
AcDbMaterial
  3
ObjectDBX Classes
 90
1153
 91
0
280
0
281
0
  0
CLASS
  1
SCALE
  2
AcDbScale
  3
ObjectDBX Classes
 90
1153
 91
0
280
0
281
0
  0
CLASS
  1
TABLESTYLE
  2
AcDbTableStyle
  3
ObjectDBX Classes
 90
4095
 91
0
280
0
281
0
  0
CLASS
  1
MLEADERSTYLE
  2
AcDbMLeaderStyle
  3
ACDB_MLEADERSTYLE_CLASS
 90
4095
 91
0
280
0
281
0
  0
CLASS
  1
DICTIONARYVAR
  2
AcDbDictionaryVar
  3
ObjectDBX Classes
 90
0
 91
0
280
0
281
0
  0
CLASS
  1
CELLSTYLEMAP
  2
AcDbCellStyleMap
  3
ObjectDBX Classes
 90
1152
 91
0
280
0
281
0
  0
CLASS
  1
MENTALRAYRENDERSETTINGS
  2
AcDbMentalRayRenderSettings
  3
SCENEOE
 90
1024
 91
0
280
0
281
0
  0
CLASS
  1
ACDBDETAILVIEWSTYLE
  2
AcDbDetailViewStyle
  3
ObjectDBX Classes
 90
1025
 91
0
280
0
281
0
  0
CLASS
  1
ACDBSECTIONVIEWSTYLE
  2
AcDbSectionViewStyle
  3
ObjectDBX Classes
 90
1025
 91
0
280
0
281
0
  0
CLASS
  1
RASTERVARIABLES
  2
AcDbRasterVariables
  3
ISM
 90
0
 91
0
280
0
281
0
  0
CLASS
  1
LAYOUT
  2
AcDbLayout
  3
ObjectDBX Classes
 90
0
 91
0
280
0
281
0
  0
CLASS
  1
ACDBPLACEHOLDER
  2
AcDbPlaceHolder
  3
ObjectDBX Classes
 90
0
 91
0
280
0
281
0
  0
ENDSEC
  0
SECTION
  2
TABLES
  0
TABLE
  2
VPORT
  5
8
330
0
100
AcDbSymbolTable
 70
1
  0
VPORT
  5
23
330
8
100
AcDbSymbolTableRecord
100
AcDbViewportTableRecord
  2
*Active
 70
0
 10
0.0
 20
0.0
 11
1.0
 21
1.0
 12
0.0
 22
0.0
 13
0.0
 23
0.0
 14
0.5
 24
0.5
 15
0.5
 25
0.5
 16
0.0
 26
0.0
 36
1.0
 17
0.0
 27
0.0
 37
0.0
 40
1000.0
 41
1.34
 42
50.0
 43
0.0
 44
0.0
 50
0.0
 51
0.0
 71
0
 72
1000
 73
1
 74
3
 75
0
 76
0
 77
0
 78
0
281
0
 65
0
146
0.0
  0
ENDTAB
  0
TABLE
  2
LTYPE
  5
2
330
0
100
AcDbSymbolTable
 70
3
  0
LTYPE
  5
24
330
2
100
AcDbSymbolTableRecord
100
AcDbLinetypeTableRecord
  2
ByBlock
 70
0
  3

 72
65
 73
0
 40
0.0
  0
LTYPE
  5
25
330
2
100
AcDbSymbolTableRecord
100
AcDbLinetypeTableRecord
  2
ByLayer
 70
0
  3

 72
65
 73
0
 40
0.0
  0
LTYPE
  5
26
330
2
100
AcDbSymbolTableRecord
100
AcDbLinetypeTableRecord
  2
Continuous
 70
0
  3

 72
65
 73
0
 40
0.0
  0
ENDTAB
  0
TABLE
  2
LAYER
  5
1
330
0
100
AcDbSymbolTable
 70
26
  0
LAYER
  5
27
330
1
100
AcDbSymbolTableRecord
100
AcDbLayerTableRecord
  2
0
 70
0
 62
7
  6
Continuous
370
-3
390
13
347
21
  0
LAYER
  5
28
330
1
100
AcDbSymbolTableRecord
100
AcDbLayerTableRecord
  2
Defpoints
 70
0
 62
7
  6
Continuous
290
0
370
-3
390
13
347
21
  0
LAYER
  5
2F
330
1
100
AcDbSymbolTableRecord
100
AcDbLayerTableRecord
  2
LUMINOTÉCNICO
 70
0
 62
5
  6
Continuous
370
-3
390
13
347
21
  0
LAYER
  5
30
330
1
100
AcDbSymbolTableRecord
100
AcDbLayerTableRecord
  2
ARQUITETÔNICO
 70
0
 62
6
  6
Continuous
370
-3
390
13
347
21
  0
LAYER
  5
31
330
1
100
AcDbSymbolTableRecord
100
AcDbLayerTableRecord
  2
TEXTO - PLANTA
 70
0
 62
7
  6
Continuous
370
-3
390
13
347
21
  0
LAYER
  5
32
330
1
100
AcDbSymbolTableRecord
100
AcDbLayerTableRecord
  2
MOTORES
 70
0
 62
3
  6
Continuous
370
-3
390
13
347
21
  0
LAYER
  5
33
330
1
100
AcDbSymbolTableRecord
100
AcDbLayerTableRecord
  2
RUA
 70
0
 62
252
  6
Continuous
370
-3
390
13
347
21
  0
LAYER
  5
34
330
1
100
AcDbSymbolTableRecord
100
AcDbLayerTableRecord
  2
QUADROS
 70
0
 62
7
  6
Continuous
370
-3
390
13
347
21
  0
LAYER
  5
35
330
1
100
AcDbSymbolTableRecord
100
AcDbLayerTableRecord
  2
INFR - LEITOS
 70
0
 62
7
  6
Continuous
370
-3
390
13
347
21
  0
LAYER
  5
36
330
1
100
AcDbSymbolTableRecord
100
AcDbLayerTableRecord
  2
INFR-ELETRODUTO_RÍGIDO
 70
0
 62
7
  6
Continuous
370
-3
390
13
347
21
  0
LAYER
  5
37
330
1
100
AcDbSymbolTableRecord
100
AcDbLayerTableRecord
  2
INFR-ELETROCALHA
 70
0
 62
7
  6
Continuous
370
-3
390
13
347
21
  0
LAYER
  5
38
330
1
100
AcDbSymbolTableRecord
100
AcDbLayerTableRecord
  2
CONDUTORES
 70
0
 62
1
  6
Continuous
370
-3
390
13
347
21
  0
LAYER
  5
39
330
1
100
AcDbSymbolTableRecord
100
AcDbLayerTableRecord
  2
LEGENDA - DESENHO
 70
0
 62
2
  6
Continuous
370
-3
390
13
347
21
  0
LAYER
  5
3A
330
1
100
AcDbSymbolTableRecord
100
AcDbLayerTableRecord
  2
UNIFILAR - TEXTO
 70
0
 62
4
  6
Continuous
370
-3
390
13
347
21
  0
LAYER
  5
3B
330
1
100
AcDbSymbolTableRecord
100
AcDbLayerTableRecord
  2
UNIFILAR - DESENHO
 70
0
 62
2
  6
Continuous
370
-3
390
13
347
21
  0
LAYER
  5
3C
330
1
100
AcDbSymbolTableRecord
100
AcDbLayerTableRecord
  2
LEGENDA - TEXTO
 70
0
 62
4
  6
Continuous
370
-3
390
13
347
21
  0
LAYER
  5
3D
330
1
100
AcDbSymbolTableRecord
100
AcDbLayerTableRecord
  2
SUBESTAÇÃO
 70
0
 62
7
  6
Continuous
370
-3
390
13
347
21
  0
LAYER
  5
3E
330
1
100
AcDbSymbolTableRecord
100
AcDbLayerTableRecord
  2
TUE - BANCADAS
 70
0
 62
20
  6
Continuous
370
-3
390
13
347
21
  0
LAYER
  5
3F
330
1
100
AcDbSymbolTableRecord
100
AcDbLayerTableRecord
  2
Texto
 70
0
 62
7
  6
Continuous
370
-3
390
13
347
21
  0
LAYER
  5
40
330
1
100
AcDbSymbolTableRecord
100
AcDbLayerTableRecord
  2
Diagrama unifilar
 70
0
 62
7
  6
Continuous
370
-3
390
13
347
21
  0
LAYER
  5
41
330
1
100
AcDbSymbolTableRecord
100
AcDbLayerTableRecord
  2
Grades
 70
0
 62
2
  6
Continuous
370
-3
390
13
347
21
  0
LAYER
  5
42
330
1
100
AcDbSymbolTableRecord
100
AcDbLayerTableRecord
  2
TOMADAS
 70
0
 62
2
  6
Continuous
370
-3
390
13
347
21
  0
LAYER
  5
43
330
1
100
AcDbSymbolTableRecord
100
AcDbLayerTableRecord
  2
INFR-PERFILADO
 70
0
 62
7
  6
Continuous
370
-3
390
13
347
21
  0
LAYER
  5
44
330
1
100
AcDbSymbolTableRecord
100
AcDbLayerTableRecord
  2
FIAÇÃO_FÁBRICA
 70
0
 62
1
  6
Continuous
370
-3
390
13
347
21
  0
LAYER
  5
45
330
1
100
AcDbSymbolTableRecord
100
AcDbLayerTableRecord
  2
INFR - ELETRODUTO_EMBUTIDO
 70
0
 62
4
  6
Continuous
370
-3
390
13
347
21
  0
LAYER
  5
46
330
1
100
AcDbSymbolTableRecord
100
AcDbLayerTableRecord
  2
FIAÇÃO_COMERCIAL
 70
0
 62
1
  6
Continuous
370
-3
390
13
347
21
  0
ENDTAB
  0
TABLE
  2
STYLE
  5
5
330
0
100
AcDbSymbolTable
 70
1
  0
STYLE
  5
29
330
5
100
AcDbSymbolTableRecord
100
AcDbTextStyleTableRecord
  2
Standard
 70
0
 40
0.0
 41
1.0
 50
0.0
 71
0
 42
2.5
  3
ISOCP
  4

  0
ENDTAB
  0
TABLE
  2
VIEW
  5
7
330
0
100
AcDbSymbolTable
 70
0
  0
ENDTAB
  0
TABLE
  2
UCS
  5
6
330
0
100
AcDbSymbolTable
 70
0
  0
ENDTAB
  0
TABLE
  2
APPID
  5
3
330
0
100
AcDbSymbolTable
 70
3
  0
APPID
  5
2A
330
3
100
AcDbSymbolTableRecord
100
AcDbRegAppTableRecord
  2
ACAD
 70
0
  0
APPID
  5
727
330
3
100
AcDbSymbolTableRecord
100
AcDbRegAppTableRecord
  2
HATCHBACKGROUNDCOLOR
 70
0
  0
APPID
  5
728
330
3
100
AcDbSymbolTableRecord
100
AcDbRegAppTableRecord
  2
EZDXF
 70
0
  0
ENDTAB
  0
TABLE
  2
DIMSTYLE
  5
4
330
0
100
AcDbSymbolTable
 70
2
100
AcDbDimStyleTable
  0
DIMSTYLE
105
2B
330
4
100
AcDbSymbolTableRecord
100
AcDbDimStyleTableRecord
  2
Standard
 70
0
 40
1.0
 41
2.5
 42
0.625
 43
3.75
 44
1.25
 45
0.0
 46
0.0
 47
0.0
 48
0.0
 49
2.5
140
2.5
141
2.5
142
0.0
143
0.03937007874
144
1.0
145
0.0
146
1.0
147
0.625
148
0.0
 69
0
 70
0
 71
0
 72
0
 73
0
 74
0
 75
0
 76
0
 77
1
 78
8
 79
3
170
0
171
3
172
1
173
0
174
0
175
0
176
0
177
0
178
0
179
2
271
2
272
2
273
2
274
3
275
0
276
0
277
2
278
44
279
0
280
0
281
0
282
0
283
0
284
8
285
0
286
0
288
0
289
3
290
0
371
-2
372
-2
  0
DIMSTYLE
105
48
330
4
100
AcDbSymbolTableRecord
100
AcDbDimStyleTableRecord
  2
ISO-25
 70
0
 40
1.0
 41
1.0
 42
0.625
 43
1.0
 44
1.25
 45
0.0
 46
0.0
 47
0.0
 48
0.0
 49
2.5
140
1.0
141
2.5
142
0.0
143
0.0394
144
1.0
145
0.0
146
1.0
147
0.5
148
0.0
 69
0
 70
0
 71
0
 72
0
 73
0
 74
0
 75
0
 76
0
 77
1
 78
8
 79
3
170
0
171
4
172
1
173
0
174
0
175
0
176
0
177
0
178
0
179
2
271
2
272
2
273
8
274
4
275
0
276
0
277
6
278
44
279
0
280
0
281
0
282
0
283
0
284
8
285
0
286
0
288
1
289
0
290
0
340
29
371
-2
372
-2
  0
ENDTAB
  0
TABLE
  2
BLOCK_RECORD
  5
9
330
0
100
AcDbSymbolTable
 70
120
  0
BLOCK_RECORD
  5
17
330
9
100
AcDbSymbolTableRecord
100
AcDbBlockTableRecord
  2
*Model_Space
340
1A
 70
0
280
1
281
0
  0
BLOCK_RECORD
  5
1B
330
9
100
AcDbSymbolTableRecord
100
AcDbBlockTableRecord
  2
*Paper_Space
340
1E
 70
0
280
1
281
0
  0
BLOCK_RECORD
  5
4A
330
9
100
AcDbSymbolTableRecord
100
AcDbBlockTableRecord
  2
*D1
340
0
 70
0
280
1
281
0
  0
BLOCK_RECORD
  5
4F
330
9
100
AcDbSymbolTableRecord
100
AcDbBlockTableRecord
  2
_CLOSEDFILLED
340
0
 70
0
280
1
281
0
  0
BLOCK_RECORD
  5
5D
330
9
100
AcDbSymbolTableRecord
100
AcDbBlockTableRecord
  2
*D2
340
0
 70
0
280
1
281
0
  0
BLOCK_RECORD
  5
6C
330
9
100
AcDbSymbolTableRecord
100
AcDbBlockTableRecord
  2
*D3
340
0
 70
0
280
1
281
0
  0
BLOCK_RECORD
  5
7B
330
9
100
AcDbSymbolTableRecord
100
AcDbBlockTableRecord
  2
*D4
340
0
 70
0
280
1
281
0
  0
BLOCK_RECORD
  5
8A
330
9
100
AcDbSymbolTableRecord
100
AcDbBlockTableRecord
  2
*D5
340
0
 70
0
280
1
281
0
  0
BLOCK_RECORD
  5
99
330
9
100
AcDbSymbolTableRecord
100
AcDbBlockTableRecord
  2
*D6
340
0
 70
0
280
1
281
0
  0
BLOCK_RECORD
  5
A8
330
9
100
AcDbSymbolTableRecord
100
AcDbBlockTableRecord
  2
*D7
340
0
 70
0
280
1
281
0
  0
BLOCK_RECORD
  5
B7
330
9
100
AcDbSymbolTableRecord
100
AcDbBlockTableRecord
  2
*D8
340
0
 70
0
280
1
281
0
  0
BLOCK_RECORD
  5
C6
330
9
100
AcDbSymbolTableRecord
100
AcDbBlockTableRecord
  2
*D9
340
0
 70
0
280
1
281
0
  0
BLOCK_RECORD
  5
D5
330
9
100
AcDbSymbolTableRecord
100
AcDbBlockTableRecord
  2
*D10
340
0
 70
0
280
1
281
0
  0
BLOCK_RECORD
  5
E4
330
9
100
AcDbSymbolTableRecord
100
AcDbBlockTableRecord
  2
*D11
340
0
 70
0
280
1
281
0
  0
BLOCK_RECORD
  5
F3
330
9
100
AcDbSymbolTableRecord
100
AcDbBlockTableRecord
  2
*D12
340
0
 70
0
280
1
281
0
  0
BLOCK_RECORD
  5
102
330
9
100
AcDbSymbolTableRecord
100
AcDbBlockTableRecord
  2
*D13
340
0
 70
0
280
1
281
0
  0
BLOCK_RECORD
  5
111
330
9
100
AcDbSymbolTableRecord
100
AcDbBlockTableRecord
  2
*D14
340
0
 70
0
280
1
281
0
  0
BLOCK_RECORD
  5
120
330
9
100
AcDbSymbolTableRecord
100
AcDbBlockTableRecord
  2
*D15
340
0
 70
0
280
1
281
0
  0
BLOCK_RECORD
  5
12F
330
9
100
AcDbSymbolTableRecord
100
AcDbBlockTableRecord
  2
*D16
340
0
 70
0
280
1
281
0
  0
BLOCK_RECORD
  5
13E
330
9
100
AcDbSymbolTableRecord
100
AcDbBlockTableRecord
  2
*D17
340
0
 70
0
280
1
281
0
  0
BLOCK_RECORD
  5
14D
330
9
100
AcDbSymbolTableRecord
100
AcDbBlockTableRecord
  2
*D18
340
0
 70
0
280
1
281
0
  0
BLOCK_RECORD
  5
15C
330
9
100
AcDbSymbolTableRecord
100
AcDbBlockTableRecord
  2
*D19
340
0
 70
0
280
1
281
0
  0
BLOCK_RECORD
  5
16B
330
9
100
AcDbSymbolTableRecord
100
AcDbBlockTableRecord
  2
*D20
340
0
 70
0
280
1
281
0
  0
BLOCK_RECORD
  5
17A
330
9
100
AcDbSymbolTableRecord
100
AcDbBlockTableRecord
  2
*D21
340
0
 70
0
280
1
281
0
  0
BLOCK_RECORD
  5
189
330
9
100
AcDbSymbolTableRecord
100
AcDbBlockTableRecord
  2
*D22
340
0
 70
0
280
1
281
0
  0
BLOCK_RECORD
  5
198
330
9
100
AcDbSymbolTableRecord
100
AcDbBlockTableRecord
  2
*D23
340
0
 70
0
280
1
281
0
  0
BLOCK_RECORD
  5
1A7
330
9
100
AcDbSymbolTableRecord
100
AcDbBlockTableRecord
  2
*D24
340
0
 70
0
280
1
281
0
  0
BLOCK_RECORD
  5
1B6
330
9
100
AcDbSymbolTableRecord
100
AcDbBlockTableRecord
  2
*D25
340
0
 70
0
280
1
281
0
  0
BLOCK_RECORD
  5
1C5
330
9
100
AcDbSymbolTableRecord
100
AcDbBlockTableRecord
  2
*D26
340
0
 70
0
280
1
281
0
  0
BLOCK_RECORD
  5
1D4
330
9
100
AcDbSymbolTableRecord
100
AcDbBlockTableRecord
  2
*D27
340
0
 70
0
280
1
281
0
  0
BLOCK_RECORD
  5
1E3
330
9
100
AcDbSymbolTableRecord
100
AcDbBlockTableRecord
  2
*D28
340
0
 70
0
280
1
281
0
  0
BLOCK_RECORD
  5
1F2
330
9
100
AcDbSymbolTableRecord
100
AcDbBlockTableRecord
  2
*D29
340
0
 70
0
280
1
281
0
  0
BLOCK_RECORD
  5
201
330
9
100
AcDbSymbolTableRecord
100
AcDbBlockTableRecord
  2
*D30
340
0
 70
0
280
1
281
0
  0
BLOCK_RECORD
  5
210
330
9
100
AcDbSymbolTableRecord
100
AcDbBlockTableRecord
  2
*D31
340
0
 70
0
280
1
281
0
  0
BLOCK_RECORD
  5
21F
330
9
100
AcDbSymbolTableRecord
100
AcDbBlockTableRecord
  2
*D32
340
0
 70
0
280
1
281
0
  0
BLOCK_RECORD
  5
22E
330
9
100
AcDbSymbolTableRecord
100
AcDbBlockTableRecord
  2
*D33
340
0
 70
0
280
1
281
0
  0
BLOCK_RECORD
  5
23D
330
9
100
AcDbSymbolTableRecord
100
AcDbBlockTableRecord
  2
*D34
340
0
 70
0
280
1
281
0
  0
BLOCK_RECORD
  5
24C
330
9
100
AcDbSymbolTableRecord
100
AcDbBlockTableRecord
  2
*D35
340
0
 70
0
280
1
281
0
  0
BLOCK_RECORD
  5
25B
330
9
100
AcDbSymbolTableRecord
100
AcDbBlockTableRecord
  2
*D36
340
0
 70
0
280
1
281
0
  0
BLOCK_RECORD
  5
26A
330
9
100
AcDbSymbolTableRecord
100
AcDbBlockTableRecord
  2
*D37
340
0
 70
0
280
1
281
0
  0
BLOCK_RECORD
  5
279
330
9
100
AcDbSymbolTableRecord
100
AcDbBlockTableRecord
  2
*D38
340
0
 70
0
280
1
281
0
  0
BLOCK_RECORD
  5
288
330
9
100
AcDbSymbolTableRecord
100
AcDbBlockTableRecord
  2
*D39
340
0
 70
0
280
1
281
0
  0
BLOCK_RECORD
  5
297
330
9
100
AcDbSymbolTableRecord
100
AcDbBlockTableRecord
  2
*D40
340
0
 70
0
280
1
281
0
  0
BLOCK_RECORD
  5
2A6
330
9
100
AcDbSymbolTableRecord
100
AcDbBlockTableRecord
  2
*D41
340
0
 70
0
280
1
281
0
  0
BLOCK_RECORD
  5
2B5
330
9
100
AcDbSymbolTableRecord
100
AcDbBlockTableRecord
  2
*D42
340
0
 70
0
280
1
281
0
  0
BLOCK_RECORD
  5
2C4
330
9
100
AcDbSymbolTableRecord
100
AcDbBlockTableRecord
  2
*D43
340
0
 70
0
280
1
281
0
  0
BLOCK_RECORD
  5
2D3
330
9
100
AcDbSymbolTableRecord
100
AcDbBlockTableRecord
  2
*D44
340
0
 70
0
280
1
281
0
  0
BLOCK_RECORD
  5
2E2
330
9
100
AcDbSymbolTableRecord
100
AcDbBlockTableRecord
  2
*D45
340
0
 70
0
280
1
281
0
  0
BLOCK_RECORD
  5
2F1
330
9
100
AcDbSymbolTableRecord
100
AcDbBlockTableRecord
  2
*D46
340
0
 70
0
280
1
281
0
  0
BLOCK_RECORD
  5
300
330
9
100
AcDbSymbolTableRecord
100
AcDbBlockTableRecord
  2
*D47
340
0
 70
0
280
1
281
0
  0
BLOCK_RECORD
  5
30F
330
9
100
AcDbSymbolTableRecord
100
AcDbBlockTableRecord
  2
*D48
340
0
 70
0
280
1
281
0
  0
BLOCK_RECORD
  5
31E
330
9
100
AcDbSymbolTableRecord
100
AcDbBlockTableRecord
  2
*D49
340
0
 70
0
280
1
281
0
  0
BLOCK_RECORD
  5
32D
330
9
100
AcDbSymbolTableRecord
100
AcDbBlockTableRecord
  2
*D50
340
0
 70
0
280
1
281
0
  0
BLOCK_RECORD
  5
33C
330
9
100
AcDbSymbolTableRecord
100
AcDbBlockTableRecord
  2
*D51
340
0
 70
0
280
1
281
0
  0
BLOCK_RECORD
  5
34B
330
9
100
AcDbSymbolTableRecord
100
AcDbBlockTableRecord
  2
*D52
340
0
 70
0
280
1
281
0
  0
BLOCK_RECORD
  5
35A
330
9
100
AcDbSymbolTableRecord
100
AcDbBlockTableRecord
  2
*D53
340
0
 70
0
280
1
281
0
  0
BLOCK_RECORD
  5
369
330
9
100
AcDbSymbolTableRecord
100
AcDbBlockTableRecord
  2
*D54
340
0
 70
0
280
1
281
0
  0
BLOCK_RECORD
  5
378
330
9
100
AcDbSymbolTableRecord
100
AcDbBlockTableRecord
  2
*D55
340
0
 70
0
280
1
281
0
  0
BLOCK_RECORD
  5
387
330
9
100
AcDbSymbolTableRecord
100
AcDbBlockTableRecord
  2
*D56
340
0
 70
0
280
1
281
0
  0
BLOCK_RECORD
  5
396
330
9
100
AcDbSymbolTableRecord
100
AcDbBlockTableRecord
  2
*D57
340
0
 70
0
280
1
281
0
  0
BLOCK_RECORD
  5
3A5
330
9
100
AcDbSymbolTableRecord
100
AcDbBlockTableRecord
  2
*D58
340
0
 70
0
280
1
281
0
  0
BLOCK_RECORD
  5
3B4
330
9
100
AcDbSymbolTableRecord
100
AcDbBlockTableRecord
  2
*D59
340
0
 70
0
280
1
281
0
  0
BLOCK_RECORD
  5
3C3
330
9
100
AcDbSymbolTableRecord
100
AcDbBlockTableRecord
  2
*D60
340
0
 70
0
280
1
281
0
  0
BLOCK_RECORD
  5
3D2
330
9
100
AcDbSymbolTableRecord
100
AcDbBlockTableRecord
  2
*D61
340
0
 70
0
280
1
281
0
  0
BLOCK_RECORD
  5
3E1
330
9
100
AcDbSymbolTableRecord
100
AcDbBlockTableRecord
  2
*D62
340
0
 70
0
280
1
281
0
  0
BLOCK_RECORD
  5
3F0
330
9
100
AcDbSymbolTableRecord
100
AcDbBlockTableRecord
  2
*D63
340
0
 70
0
280
1
281
0
  0
BLOCK_RECORD
  5
3FF
330
9
100
AcDbSymbolTableRecord
100
AcDbBlockTableRecord
  2
*D64
340
0
 70
0
280
1
281
0
  0
BLOCK_RECORD
  5
40E
330
9
100
AcDbSymbolTableRecord
100
AcDbBlockTableRecord
  2
*D65
340
0
 70
0
280
1
281
0
  0
BLOCK_RECORD
  5
41D
330
9
100
AcDbSymbolTableRecord
100
AcDbBlockTableRecord
  2
*D66
340
0
 70
0
280
1
281
0
  0
BLOCK_RECORD
  5
42C
330
9
100
AcDbSymbolTableRecord
100
AcDbBlockTableRecord
  2
*D67
340
0
 70
0
280
1
281
0
  0
BLOCK_RECORD
  5
43B
330
9
100
AcDbSymbolTableRecord
100
AcDbBlockTableRecord
  2
*D68
340
0
 70
0
280
1
281
0
  0
BLOCK_RECORD
  5
44A
330
9
100
AcDbSymbolTableRecord
100
AcDbBlockTableRecord
  2
*D69
340
0
 70
0
280
1
281
0
  0
BLOCK_RECORD
  5
459
330
9
100
AcDbSymbolTableRecord
100
AcDbBlockTableRecord
  2
*D70
340
0
 70
0
280
1
281
0
  0
BLOCK_RECORD
  5
468
330
9
100
AcDbSymbolTableRecord
100
AcDbBlockTableRecord
  2
*D71
340
0
 70
0
280
1
281
0
  0
BLOCK_RECORD
  5
477
330
9
100
AcDbSymbolTableRecord
100
AcDbBlockTableRecord
  2
*D72
340
0
 70
0
280
1
281
0
  0
BLOCK_RECORD
  5
486
330
9
100
AcDbSymbolTableRecord
100
AcDbBlockTableRecord
  2
*D73
340
0
 70
0
280
1
281
0
  0
BLOCK_RECORD
  5
495
330
9
100
AcDbSymbolTableRecord
100
AcDbBlockTableRecord
  2
*D74
340
0
 70
0
280
1
281
0
  0
BLOCK_RECORD
  5
4A4
330
9
100
AcDbSymbolTableRecord
100
AcDbBlockTableRecord
  2
*D75
340
0
 70
0
280
1
281
0
  0
BLOCK_RECORD
  5
4B3
330
9
100
AcDbSymbolTableRecord
100
AcDbBlockTableRecord
  2
*D76
340
0
 70
0
280
1
281
0
  0
BLOCK_RECORD
  5
4C2
330
9
100
AcDbSymbolTableRecord
100
AcDbBlockTableRecord
  2
*D77
340
0
 70
0
280
1
281
0
  0
BLOCK_RECORD
  5
4D1
330
9
100
AcDbSymbolTableRecord
100
AcDbBlockTableRecord
  2
*D78
340
0
 70
0
280
1
281
0
  0
BLOCK_RECORD
  5
4E0
330
9
100
AcDbSymbolTableRecord
100
AcDbBlockTableRecord
  2
*D79
340
0
 70
0
280
1
281
0
  0
BLOCK_RECORD
  5
4EF
330
9
100
AcDbSymbolTableRecord
100
AcDbBlockTableRecord
  2
*D80
340
0
 70
0
280
1
281
0
  0
BLOCK_RECORD
  5
4FE
330
9
100
AcDbSymbolTableRecord
100
AcDbBlockTableRecord
  2
*D81
340
0
 70
0
280
1
281
0
  0
BLOCK_RECORD
  5
50D
330
9
100
AcDbSymbolTableRecord
100
AcDbBlockTableRecord
  2
*D82
340
0
 70
0
280
1
281
0
  0
BLOCK_RECORD
  5
51C
330
9
100
AcDbSymbolTableRecord
100
AcDbBlockTableRecord
  2
*D83
340
0
 70
0
280
1
281
0
  0
BLOCK_RECORD
  5
52B
330
9
100
AcDbSymbolTableRecord
100
AcDbBlockTableRecord
  2
*D84
340
0
 70
0
280
1
281
0
  0
BLOCK_RECORD
  5
53A
330
9
100
AcDbSymbolTableRecord
100
AcDbBlockTableRecord
  2
*D85
340
0
 70
0
280
1
281
0
  0
BLOCK_RECORD
  5
549
330
9
100
AcDbSymbolTableRecord
100
AcDbBlockTableRecord
  2
*D86
340
0
 70
0
280
1
281
0
  0
BLOCK_RECORD
  5
558
330
9
100
AcDbSymbolTableRecord
100
AcDbBlockTableRecord
  2
*D87
340
0
 70
0
280
1
281
0
  0
BLOCK_RECORD
  5
567
330
9
100
AcDbSymbolTableRecord
100
AcDbBlockTableRecord
  2
*D88
340
0
 70
0
280
1
281
0
  0
BLOCK_RECORD
  5
576
330
9
100
AcDbSymbolTableRecord
100
AcDbBlockTableRecord
  2
*D89
340
0
 70
0
280
1
281
0
  0
BLOCK_RECORD
  5
585
330
9
100
AcDbSymbolTableRecord
100
AcDbBlockTableRecord
  2
*D90
340
0
 70
0
280
1
281
0
  0
BLOCK_RECORD
  5
594
330
9
100
AcDbSymbolTableRecord
100
AcDbBlockTableRecord
  2
*D91
340
0
 70
0
280
1
281
0
  0
BLOCK_RECORD
  5
5A3
330
9
100
AcDbSymbolTableRecord
100
AcDbBlockTableRecord
  2
*D92
340
0
 70
0
280
1
281
0
  0
BLOCK_RECORD
  5
5B2
330
9
100
AcDbSymbolTableRecord
100
AcDbBlockTableRecord
  2
*D93
340
0
 70
0
280
1
281
0
  0
BLOCK_RECORD
  5
5C1
330
9
100
AcDbSymbolTableRecord
100
AcDbBlockTableRecord
  2
*D94
340
0
 70
0
280
1
281
0
  0
BLOCK_RECORD
  5
5D0
330
9
100
AcDbSymbolTableRecord
100
AcDbBlockTableRecord
  2
*D95
340
0
 70
0
280
1
281
0
  0
BLOCK_RECORD
  5
5DF
330
9
100
AcDbSymbolTableRecord
100
AcDbBlockTableRecord
  2
*D96
340
0
 70
0
280
1
281
0
  0
BLOCK_RECORD
  5
5EE
330
9
100
AcDbSymbolTableRecord
100
AcDbBlockTableRecord
  2
*D97
340
0
 70
0
280
1
281
0
  0
BLOCK_RECORD
  5
5FD
330
9
100
AcDbSymbolTableRecord
100
AcDbBlockTableRecord
  2
*D98
340
0
 70
0
280
1
281
0
  0
BLOCK_RECORD
  5
60C
330
9
100
AcDbSymbolTableRecord
100
AcDbBlockTableRecord
  2
*D99
340
0
 70
0
280
1
281
0
  0
BLOCK_RECORD
  5
61B
330
9
100
AcDbSymbolTableRecord
100
AcDbBlockTableRecord
  2
*D100
340
0
 70
0
280
1
281
0
  0
BLOCK_RECORD
  5
62A
330
9
100
AcDbSymbolTableRecord
100
AcDbBlockTableRecord
  2
*D101
340
0
 70
0
280
1
281
0
  0
BLOCK_RECORD
  5
639
330
9
100
AcDbSymbolTableRecord
100
AcDbBlockTableRecord
  2
*D102
340
0
 70
0
280
1
281
0
  0
BLOCK_RECORD
  5
648
330
9
100
AcDbSymbolTableRecord
100
AcDbBlockTableRecord
  2
*D103
340
0
 70
0
280
1
281
0
  0
BLOCK_RECORD
  5
657
330
9
100
AcDbSymbolTableRecord
100
AcDbBlockTableRecord
  2
*D104
340
0
 70
0
280
1
281
0
  0
BLOCK_RECORD
  5
666
330
9
100
AcDbSymbolTableRecord
100
AcDbBlockTableRecord
  2
*D105
340
0
 70
0
280
1
281
0
  0
BLOCK_RECORD
  5
675
330
9
100
AcDbSymbolTableRecord
100
AcDbBlockTableRecord
  2
*D106
340
0
 70
0
280
1
281
0
  0
BLOCK_RECORD
  5
684
330
9
100
AcDbSymbolTableRecord
100
AcDbBlockTableRecord
  2
*D107
340
0
 70
0
280
1
281
0
  0
BLOCK_RECORD
  5
692
330
9
100
AcDbSymbolTableRecord
100
AcDbBlockTableRecord
  2
*D108
340
0
 70
0
280
1
281
0
  0
BLOCK_RECORD
  5
6A1
330
9
100
AcDbSymbolTableRecord
100
AcDbBlockTableRecord
  2
*D109
340
0
 70
0
280
1
281
0
  0
BLOCK_RECORD
  5
6B0
330
9
100
AcDbSymbolTableRecord
100
AcDbBlockTableRecord
  2
*D110
340
0
 70
0
280
1
281
0
  0
BLOCK_RECORD
  5
6BF
330
9
100
AcDbSymbolTableRecord
100
AcDbBlockTableRecord
  2
*D111
340
0
 70
0
280
1
281
0
  0
BLOCK_RECORD
  5
6CE
330
9
100
AcDbSymbolTableRecord
100
AcDbBlockTableRecord
  2
*D112
340
0
 70
0
280
1
281
0
  0
BLOCK_RECORD
  5
6DD
330
9
100
AcDbSymbolTableRecord
100
AcDbBlockTableRecord
  2
*D113
340
0
 70
0
280
1
281
0
  0
BLOCK_RECORD
  5
6EC
330
9
100
AcDbSymbolTableRecord
100
AcDbBlockTableRecord
  2
*D114
340
0
 70
0
280
1
281
0
  0
BLOCK_RECORD
  5
6FB
330
9
100
AcDbSymbolTableRecord
100
AcDbBlockTableRecord
  2
*D115
340
0
 70
0
280
1
281
0
  0
BLOCK_RECORD
  5
70A
330
9
100
AcDbSymbolTableRecord
100
AcDbBlockTableRecord
  2
*D116
340
0
 70
0
280
1
281
0
  0
BLOCK_RECORD
  5
719
330
9
100
AcDbSymbolTableRecord
100
AcDbBlockTableRecord
  2
*D117
340
0
 70
0
280
1
281
0
  0
ENDTAB
  0
ENDSEC
  0
SECTION
  2
BLOCKS
  0
BLOCK
  5
18
330
17
100
AcDbEntity
  8
0
100
AcDbBlockBegin
  2
*Model_Space
 70
0
 10
0.0
 20
0.0
 30
0.0
  3
*Model_Space
  1

  0
ENDBLK
  5
19
330
17
100
AcDbEntity
  8
0
100
AcDbBlockEnd
  0
BLOCK
  5
1C
330
1B
100
AcDbEntity
  8
0
100
AcDbBlockBegin
  2
*Paper_Space
 70
0
 10
0.0
 20
0.0
 30
0.0
  3
*Paper_Space
  1

  0
ENDBLK
  5
1D
330
1B
100
AcDbEntity
  8
0
100
AcDbBlockEnd
  0
BLOCK
  5
4B
330
4A
100
AcDbEntity
  8
0
100
AcDbBlockBegin
  2
*D1
 70
1
 10
0.0
 20
0.0
 30
0.0
  3
*D1
  1

  0
LINE
  5
4D
330
4A
100
AcDbEntity
  8
0
100
AcDbLine
 10
-45255.01600716022
 20
56447.3527939662
 30
0.0
 11
-45255.01600716022
 21
56447.97877914745
 31
0.0
  0
LINE
  5
4E
330
4A
100
AcDbEntity
  8
0
100
AcDbLine
 10
-45252.98600716022
 20
56447.3527939662
 30
0.0
 11
-45252.98600716022
 21
56447.97877914745
 31
0.0
  0
INSERT
  5
53
330
4A
100
AcDbEntity
  8
SUBESTAÇÃO
100
AcDbBlockReference
  2
_CLOSEDFILLED
 10
-45255.01600716022
 20
56447.72877914745
 30
0.0
 41
0.15
 42
0.15
 50
180.0
  0
INSERT
  5
55
330
4A
100
AcDbEntity
  8
SUBESTAÇÃO
100
AcDbBlockReference
  2
_CLOSEDFILLED
 10
-45252.98600716022
 20
56447.72877914745
 30
0.0
 41
0.15
 42
0.15
  0
LINE
  5
57
330
4A
100
AcDbEntity
  8
0
100
AcDbLine
 10
-45254.86600716022
 20
56447.72877914745
 30
0.0
 11
-45253.136007160225
 21
56447.72877914745
 31
0.0
  0
MTEXT
  5
58
330
4A
100
AcDbEntity
  8
SUBESTAÇÃO
100
AcDbMText
 10
-45254.00100716022
 20
56447.903779147455
 30
0.0
 40
0.15
 71
5
  1
2,03m
  7
STANDARD
  0
POINT
  5
59
330
4A
100
AcDbEntity
  8
Defpoints
100
AcDbPoint
 10
-45255.01600716022
 20
56447.72877914745
 30
0.0
  0
POINT
  5
5A
330
4A
100
AcDbEntity
  8
Defpoints
100
AcDbPoint
 10
-45255.01600716022
 20
56446.7277939662
 30
0.0
  0
POINT
  5
5B
330
4A
100
AcDbEntity
  8
Defpoints
100
AcDbPoint
 10
-45252.98600716022
 20
56446.7277939662
 30
0.0
  0
ENDBLK
  5
4C
330
4A
100
AcDbEntity
  8
0
100
AcDbBlockEnd
  0
BLOCK
  5
50
330
4F
100
AcDbEntity
  8
0
100
AcDbBlockBegin
  2
_CLOSEDFILLED
 70
0
 10
0.0
 20
0.0
 30
0.0
  3
_CLOSEDFILLED
  1

  0
SOLID
  5
52
330
4F
100
AcDbEntity
  8
0
  6
BYBLOCK
 62
0
100
AcDbTrace
 10
-1.0
 20
0.16439898372402537
 30
0.0
 11
0.0
 21
0.0
 31
0.0
 12
-1.0
 22
-0.16439898372402537
 32
0.0
 13
-1.0
 23
-0.16439898372402537
 33
0.0
  0
ENDBLK
  5
51
330
4F
100
AcDbEntity
  8
0
100
AcDbBlockEnd
  0
BLOCK
  5
5E
330
5D
100
AcDbEntity
  8
0
100
AcDbBlockBegin
  2
*D2
 70
1
 10
0.0
 20
0.0
 30
0.0
  3
*D2
  1

  0
LINE
  5
60
330
5D
100
AcDbEntity
  8
0
100
AcDbLine
 10
-45252.98600716022
 20
56447.3527939662
 30
0.0
 11
-45252.98600716022
 21
56447.99448318702
 31
0.0
  0
LINE
  5
61
330
5D
100
AcDbEntity
  8
0
100
AcDbLine
 10
-45248.93600716023
 20
56447.3527939662
 30
0.0
 11
-45248.93600716023
 21
56447.99448318702
 31
0.0
  0
INSERT
  5
62
330
5D
100
AcDbEntity
  8
SUBESTAÇÃO
100
AcDbBlockReference
  2
_CLOSEDFILLED
 10
-45252.98600716022
 20
56447.74448318702
 30
0.0
 41
0.15
 42
0.15
 50
180.0
  0
INSERT
  5
64
330
5D
100
AcDbEntity
  8
SUBESTAÇÃO
100
AcDbBlockReference
  2
_CLOSEDFILLED
 10
-45248.93600716023
 20
56447.74448318702
 30
0.0
 41
0.15
 42
0.15
  0
LINE
  5
66
330
5D
100
AcDbEntity
  8
0
100
AcDbLine
 10
-45252.83600716022
 20
56447.74448318702
 30
0.0
 11
-45249.08600716023
 21
56447.74448318702
 31
0.0
  0
MTEXT
  5
67
330
5D
100
AcDbEntity
  8
SUBESTAÇÃO
100
AcDbMText
 10
-45250.96100716022
 20
56447.919483187026
 30
0.0
 40
0.15
 71
5
  1
4,05m
  7
STANDARD
  0
POINT
  5
68
330
5D
100
AcDbEntity
  8
Defpoints
100
AcDbPoint
 10
-45252.98600716022
 20
56447.74448318702
 30
0.0
  0
POINT
  5
69
330
5D
100
AcDbEntity
  8
Defpoints
100
AcDbPoint
 10
-45252.98600716022
 20
56446.7277939662
 30
0.0
  0
POINT
  5
6A
330
5D
100
AcDbEntity
  8
Defpoints
100
AcDbPoint
 10
-45248.93600716023
 20
56446.7277939662
 30
0.0
  0
ENDBLK
  5
5F
330
5D
100
AcDbEntity
  8
0
100
AcDbBlockEnd
  0
BLOCK
  5
6D
330
6C
100
AcDbEntity
  8
0
100
AcDbBlockBegin
  2
*D3
 70
1
 10
0.0
 20
0.0
 30
0.0
  3
*D3
  1

  0
LINE
  5
6F
330
6C
100
AcDbEntity
  8
0
100
AcDbLine
 10
-45255.64100716022
 20
56437.69601101505
 30
0.0
 11
-45256.3899113818
 21
56437.69601101505
 31
0.0
  0
LINE
  5
70
330
6C
100
AcDbEntity
  8
0
100
AcDbLine
 10
-45255.64100716022
 20
56439.94601101505
 30
0.0
 11
-45256.3899113818
 21
56439.94601101505
 31
0.0
  0
INSERT
  5
71
330
6C
100
AcDbEntity
  8
SUBESTAÇÃO
100
AcDbBlockReference
  2
_CLOSEDFILLED
 10
-45256.1399113818
 20
56437.69601101505
 30
0.0
 41
0.15
 42
0.15
 50
270.0
  0
INSERT
  5
73
330
6C
100
AcDbEntity
  8
SUBESTAÇÃO
100
AcDbBlockReference
  2
_CLOSEDFILLED
 10
-45256.1399113818
 20
56439.94601101505
 30
0.0
 41
0.15
 42
0.15
 50
90.0
  0
LINE
  5
75
330
6C
100
AcDbEntity
  8
0
100
AcDbLine
 10
-45256.1399113818
 20
56437.84601101505
 30
0.0
 11
-45256.1399113818
 21
56439.796011015045
 31
0.0
  0
MTEXT
  5
76
330
6C
100
AcDbEntity
  8
SUBESTAÇÃO
100
AcDbMText
 10
-45256.3149113818
 20
56438.82101101505
 30
0.0
 40
0.15
 71
5
  1
2,25m
  7
STANDARD
 50
90.0
  0
POINT
  5
77
330
6C
100
AcDbEntity
  8
Defpoints
100
AcDbPoint
 10
-45256.1399113818
 20
56437.69601101505
 30
0.0
  0
POINT
  5
78
330
6C
100
AcDbEntity
  8
Defpoints
100
AcDbPoint
 10
-45255.01600716022
 20
56437.69601101505
 30
0.0
  0
POINT
  5
79
330
6C
100
AcDbEntity
  8
Defpoints
100
AcDbPoint
 10
-45255.01600716022
 20
56439.94601101505
 30
0.0
  0
ENDBLK
  5
6E
330
6C
100
AcDbEntity
  8
0
100
AcDbBlockEnd
  0
BLOCK
  5
7C
330
7B
100
AcDbEntity
  8
0
100
AcDbBlockBegin
  2
*D4
 70
1
 10
0.0
 20
0.0
 30
0.0
  3
*D4
  1

  0
LINE
  5
7E
330
7B
100
AcDbEntity
  8
0
100
AcDbLine
 10
-45255.64100716024
 20
56439.94601101508
 30
0.0
 11
-45256.42134388258
 21
56439.94601101508
 31
0.0
  0
LINE
  5
7F
330
7B
100
AcDbEntity
  8
0
100
AcDbLine
 10
-45255.64100716019
 20
56444.44601101508
 30
0.0
 11
-45256.42134388258
 21
56444.44601101508
 31
0.0
  0
INSERT
  5
80
330
7B
100
AcDbEntity
  8
SUBESTAÇÃO
100
AcDbBlockReference
  2
_CLOSEDFILLED
 10
-45256.17134388258
 20
56439.94601101508
 30
0.0
 41
0.15
 42
0.15
 50
270.0
  0
INSERT
  5
82
330
7B
100
AcDbEntity
  8
SUBESTAÇÃO
100
AcDbBlockReference
  2
_CLOSEDFILLED
 10
-45256.17134388258
 20
56444.44601101508
 30
0.0
 41
0.15
 42
0.15
 50
90.0
  0
LINE
  5
84
330
7B
100
AcDbEntity
  8
0
100
AcDbLine
 10
-45256.17134388258
 20
56440.096011015085
 30
0.0
 11
-45256.17134388258
 21
56444.29601101508
 31
0.0
  0
MTEXT
  5
85
330
7B
100
AcDbEntity
  8
SUBESTAÇÃO
100
AcDbMText
 10
-45256.346343882586
 20
56442.19601101508
 30
0.0
 40
0.15
 71
5
  1
4,5m
  7
STANDARD
 50
90.0
  0
POINT
  5
86
330
7B
100
AcDbEntity
  8
Defpoints
100
AcDbPoint
 10
-45256.17134388258
 20
56439.94601101508
 30
0.0
  0
POINT
  5
87
330
7B
100
AcDbEntity
  8
Defpoints
100
AcDbPoint
 10
-45255.01600716024
 20
56439.94601101508
 30
0.0
  0
POINT
  5
88
330
7B
100
AcDbEntity
  8
Defpoints
100
AcDbPoint
 10
-45255.01600716019
 20
56444.44601101508
 30
0.0
  0
ENDBLK
  5
7D
330
7B
100
AcDbEntity
  8
0
100
AcDbBlockEnd
  0
BLOCK
  5
8B
330
8A
100
AcDbEntity
  8
0
100
AcDbBlockBegin
  2
*D5
 70
1
 10
0.0
 20
0.0
 30
0.0
  3
*D5
  1

  0
LINE
  5
8D
330
8A
100
AcDbEntity
  8
0
100
AcDbLine
 10
-45248.93600716023
 20
56447.3527939662
 30
0.0
 11
-45248.93600716023
 21
56449.15786649108
 31
0.0
  0
LINE
  5
8E
330
8A
100
AcDbEntity
  8
0
100
AcDbLine
 10
-45244.88600716022
 20
56447.3527939662
 30
0.0
 11
-45244.88600716022
 21
56449.15786649108
 31
0.0
  0
INSERT
  5
8F
330
8A
100
AcDbEntity
  8
SUBESTAÇÃO
100
AcDbBlockReference
  2
_CLOSEDFILLED
 10
-45248.93600716023
 20
56448.90786649108
 30
0.0
 41
0.15
 42
0.15
 50
180.0
  0
INSERT
  5
91
330
8A
100
AcDbEntity
  8
SUBESTAÇÃO
100
AcDbBlockReference
  2
_CLOSEDFILLED
 10
-45244.88600716022
 20
56448.90786649108
 30
0.0
 41
0.15
 42
0.15
  0
LINE
  5
93
330
8A
100
AcDbEntity
  8
0
100
AcDbLine
 10
-45248.786007160226
 20
56448.90786649108
 30
0.0
 11
-45245.03600716022
 21
56448.90786649108
 31
0.0
  0
MTEXT
  5
94
330
8A
100
AcDbEntity
  8
SUBESTAÇÃO
100
AcDbMText
 10
-45246.91100716022
 20
56449.08286649108
 30
0.0
 40
0.15
 71
5
  1
4,05m
  7
STANDARD
  0
POINT
  5
95
330
8A
100
AcDbEntity
  8
Defpoints
100
AcDbPoint
 10
-45248.93600716023
 20
56448.90786649108
 30
0.0
  0
POINT
  5
96
330
8A
100
AcDbEntity
  8
Defpoints
100
AcDbPoint
 10
-45248.93600716023
 20
56446.7277939662
 30
0.0
  0
POINT
  5
97
330
8A
100
AcDbEntity
  8
Defpoints
100
AcDbPoint
 10
-45244.88600716022
 20
56446.7277939662
 30
0.0
  0
ENDBLK
  5
8C
330
8A
100
AcDbEntity
  8
0
100
AcDbBlockEnd
  0
BLOCK
  5
9A
330
99
100
AcDbEntity
  8
0
100
AcDbBlockBegin
  2
*D6
 70
1
 10
0.0
 20
0.0
 30
0.0
  3
*D6
  1

  0
LINE
  5
9C
330
99
100
AcDbEntity
  8
0
100
AcDbLine
 10
-45244.88600716022
 20
56447.3527939662
 30
0.0
 11
-45244.88600716022
 21
56449.10284816917
 31
0.0
  0
LINE
  5
9D
330
99
100
AcDbEntity
  8
0
100
AcDbLine
 10
-45240.83600716022
 20
56447.3527939662
 30
0.0
 11
-45240.83600716022
 21
56449.10284816917
 31
0.0
  0
INSERT
  5
9E
330
99
100
AcDbEntity
  8
SUBESTAÇÃO
100
AcDbBlockReference
  2
_CLOSEDFILLED
 10
-45244.88600716022
 20
56448.85284816917
 30
0.0
 41
0.15
 42
0.15
 50
180.0
  0
INSERT
  5
A0
330
99
100
AcDbEntity
  8
SUBESTAÇÃO
100
AcDbBlockReference
  2
_CLOSEDFILLED
 10
-45240.83600716022
 20
56448.85284816917
 30
0.0
 41
0.15
 42
0.15
  0
LINE
  5
A2
330
99
100
AcDbEntity
  8
0
100
AcDbLine
 10
-45244.736007160216
 20
56448.85284816917
 30
0.0
 11
-45240.98600716022
 21
56448.85284816917
 31
0.0
  0
MTEXT
  5
A3
330
99
100
AcDbEntity
  8
SUBESTAÇÃO
100
AcDbMText
 10
-45242.861007160216
 20
56449.02784816917
 30
0.0
 40
0.15
 71
5
  1
4,05m
  7
STANDARD
  0
POINT
  5
A4
330
99
100
AcDbEntity
  8
Defpoints
100
AcDbPoint
 10
-45244.88600716022
 20
56448.85284816917
 30
0.0
  0
POINT
  5
A5
330
99
100
AcDbEntity
  8
Defpoints
100
AcDbPoint
 10
-45244.88600716022
 20
56446.7277939662
 30
0.0
  0
POINT
  5
A6
330
99
100
AcDbEntity
  8
Defpoints
100
AcDbPoint
 10
-45240.83600716022
 20
56446.7277939662
 30
0.0
  0
ENDBLK
  5
9B
330
99
100
AcDbEntity
  8
0
100
AcDbBlockEnd
  0
BLOCK
  5
A9
330
A8
100
AcDbEntity
  8
0
100
AcDbBlockBegin
  2
*D7
 70
1
 10
0.0
 20
0.0
 30
0.0
  3
*D7
  1

  0
LINE
  5
AB
330
A8
100
AcDbEntity
  8
0
100
AcDbLine
 10
-45238.84136859136
 20
56447.3527939662
 30
0.0
 11
-45238.84136859136
 21
56448.0574947109
 31
0.0
  0
LINE
  5
AC
330
A8
100
AcDbEntity
  8
0
100
AcDbLine
 10
-45240.87136859136
 20
56447.3527939662
 30
0.0
 11
-45240.87136859136
 21
56448.0574947109
 31
0.0
  0
INSERT
  5
AD
330
A8
100
AcDbEntity
  8
SUBESTAÇÃO
100
AcDbBlockReference
  2
_CLOSEDFILLED
 10
-45238.84136859136
 20
56447.8074947109
 30
0.0
 41
0.15
 42
0.15
 50
180.0
  0
INSERT
  5
AF
330
A8
100
AcDbEntity
  8
SUBESTAÇÃO
100
AcDbBlockReference
  2
_CLOSEDFILLED
 10
-45240.87136859136
 20
56447.8074947109
 30
0.0
 41
0.15
 42
0.15
  0
LINE
  5
B1
330
A8
100
AcDbEntity
  8
0
100
AcDbLine
 10
-45238.69136859136
 20
56447.8074947109
 30
0.0
 11
-45241.02136859136
 21
56447.8074947109
 31
0.0
  0
MTEXT
  5
B2
330
A8
100
AcDbEntity
  8
SUBESTAÇÃO
100
AcDbMText
 10
-45239.85636859136
 20
56447.632494710895
 30
0.0
 40
0.15
 71
5
  1
2,03m
  7
STANDARD
  0
POINT
  5
B3
330
A8
100
AcDbEntity
  8
Defpoints
100
AcDbPoint
 10
-45238.84136859136
 20
56447.8074947109
 30
0.0
  0
POINT
  5
B4
330
A8
100
AcDbEntity
  8
Defpoints
100
AcDbPoint
 10
-45238.84136859136
 20
56446.7277939662
 30
0.0
  0
POINT
  5
B5
330
A8
100
AcDbEntity
  8
Defpoints
100
AcDbPoint
 10
-45240.87136859136
 20
56446.7277939662
 30
0.0
  0
ENDBLK
  5
AA
330
A8
100
AcDbEntity
  8
0
100
AcDbBlockEnd
  0
BLOCK
  5
B8
330
B7
100
AcDbEntity
  8
0
100
AcDbBlockBegin
  2
*D8
 70
1
 10
0.0
 20
0.0
 30
0.0
  3
*D8
  1

  0
LINE
  5
BA
330
B7
100
AcDbEntity
  8
0
100
AcDbLine
 10
-45255.64100716022
 20
56446.7277939662
 30
0.0
 11
-45256.17382945401
 21
56446.7277939662
 31
0.0
  0
LINE
  5
BB
330
B7
100
AcDbEntity
  8
0
100
AcDbLine
 10
-45255.64100716022
 20
56444.4777939662
 30
0.0
 11
-45256.17382945401
 21
56444.4777939662
 31
0.0
  0
INSERT
  5
BC
330
B7
100
AcDbEntity
  8
SUBESTAÇÃO
100
AcDbBlockReference
  2
_CLOSEDFILLED
 10
-45255.92382945401
 20
56446.7277939662
 30
0.0
 41
0.15
 42
0.15
 50
270.0
  0
INSERT
  5
BE
330
B7
100
AcDbEntity
  8
SUBESTAÇÃO
100
AcDbBlockReference
  2
_CLOSEDFILLED
 10
-45255.92382945401
 20
56444.4777939662
 30
0.0
 41
0.15
 42
0.15
 50
90.0
  0
LINE
  5
C0
330
B7
100
AcDbEntity
  8
0
100
AcDbLine
 10
-45255.92382945401
 20
56446.8777939662
 30
0.0
 11
-45255.92382945401
 21
56444.3277939662
 31
0.0
  0
MTEXT
  5
C1
330
B7
100
AcDbEntity
  8
SUBESTAÇÃO
100
AcDbMText
 10
-45255.74882945401
 20
56445.6027939662
 30
0.0
 40
0.15
 71
5
  1
2,25m
  7
STANDARD
 50
90.0
  0
POINT
  5
C2
330
B7
100
AcDbEntity
  8
Defpoints
100
AcDbPoint
 10
-45255.92382945401
 20
56446.7277939662
 30
0.0
  0
POINT
  5
C3
330
B7
100
AcDbEntity
  8
Defpoints
100
AcDbPoint
 10
-45255.01600716022
 20
56446.7277939662
 30
0.0
  0
POINT
  5
C4
330
B7
100
AcDbEntity
  8
Defpoints
100
AcDbPoint
 10
-45255.01600716022
 20
56444.4777939662
 30
0.0
  0
ENDBLK
  5
B9
330
B7
100
AcDbEntity
  8
0
100
AcDbBlockEnd
  0
BLOCK
  5
C7
330
C6
100
AcDbEntity
  8
0
100
AcDbBlockBegin
  2
*D9
 70
1
 10
0.0
 20
0.0
 30
0.0
  3
*D9
  1

  0
LINE
  5
C9
330
C6
100
AcDbEntity
  8
0
100
AcDbLine
 10
-45255.04794619719
 20
56437.77093345588
 30
0.0
 11
-45255.04794619719
 21
56437.60930749945
 31
0.0
  0
LINE
  5
CA
330
C6
100
AcDbEntity
  8
0
100
AcDbLine
 10
-45253.69794619718
 20
56437.77093345588
 30
0.0
 11
-45253.69794619718
 21
56437.60930749945
 31
0.0
  0
INSERT
  5
CB
330
C6
100
AcDbEntity
  8
SUBESTAÇÃO
100
AcDbBlockReference
  2
_CLOSEDFILLED
 10
-45255.04794619719
 20
56437.35930749945
 30
0.0
 41
0.15
 42
0.15
 50
180.0
  0
INSERT
  5
CD
330
C6
100
AcDbEntity
  8
SUBESTAÇÃO
100
AcDbBlockReference
  2
_CLOSEDFILLED
 10
-45253.69794619718
 20
56437.35930749945
 30
0.0
 41
0.15
 42
0.15
  0
LINE
  5
CF
330
C6
100
AcDbEntity
  8
0
100
AcDbLine
 10
-45254.89794619719
 20
56437.35930749945
 30
0.0
 11
-45253.84794619718
 21
56437.35930749945
 31
0.0
  0
MTEXT
  5
D0
330
C6
100
AcDbEntity
  8
SUBESTAÇÃO
100
AcDbMText
 10
-45254.37294619718
 20
56437.53430749945
 30
0.0
 40
0.15
 71
5
  1
1,35m
  7
STANDARD
  0
POINT
  5
D1
330
C6
100
AcDbEntity
  8
Defpoints
100
AcDbPoint
 10
-45255.04794619719
 20
56437.35930749945
 30
0.0
  0
POINT
  5
D2
330
C6
100
AcDbEntity
  8
Defpoints
100
AcDbPoint
 10
-45255.04794619719
 20
56437.14593345588
 30
0.0
  0
POINT
  5
D3
330
C6
100
AcDbEntity
  8
Defpoints
100
AcDbPoint
 10
-45253.69794619718
 20
56437.14593345588
 30
0.0
  0
ENDBLK
  5
C8
330
C6
100
AcDbEntity
  8
0
100
AcDbBlockEnd
  0
BLOCK
  5
D6
330
D5
100
AcDbEntity
  8
0
100
AcDbBlockBegin
  2
*D10
 70
1
 10
0.0
 20
0.0
 30
0.0
  3
*D10
  1

  0
LINE
  5
D8
330
D5
100
AcDbEntity
  8
0
100
AcDbLine
 10
-45238.862085894
 20
56437.77093345588
 30
0.0
 11
-45238.862085894
 21
56437.68865189605
 31
0.0
  0
LINE
  5
D9
330
D5
100
AcDbEntity
  8
0
100
AcDbLine
 10
-45240.212085894
 20
56437.77093345588
 30
0.0
 11
-45240.212085894
 21
56437.68865189605
 31
0.0
  0
INSERT
  5
DA
330
D5
100
AcDbEntity
  8
SUBESTAÇÃO
100
AcDbBlockReference
  2
_CLOSEDFILLED
 10
-45238.862085894
 20
56437.43865189605
 30
0.0
 41
0.15
 42
0.15
 50
180.0
  0
INSERT
  5
DC
330
D5
100
AcDbEntity
  8
SUBESTAÇÃO
100
AcDbBlockReference
  2
_CLOSEDFILLED
 10
-45240.212085894
 20
56437.43865189605
 30
0.0
 41
0.15
 42
0.15
  0
LINE
  5
DE
330
D5
100
AcDbEntity
  8
0
100
AcDbLine
 10
-45238.712085893996
 20
56437.43865189605
 30
0.0
 11
-45240.362085894005
 21
56437.43865189605
 31
0.0
  0
MTEXT
  5
DF
330
D5
100
AcDbEntity
  8
SUBESTAÇÃO
100
AcDbMText
 10
-45239.537085894
 20
56437.26365189605
 30
0.0
 40
0.15
 71
5
  1
1,35m
  7
STANDARD
  0
POINT
  5
E0
330
D5
100
AcDbEntity
  8
Defpoints
100
AcDbPoint
 10
-45238.862085894
 20
56437.43865189605
 30
0.0
  0
POINT
  5
E1
330
D5
100
AcDbEntity
  8
Defpoints
100
AcDbPoint
 10
-45238.862085894
 20
56437.14593345588
 30
0.0
  0
POINT
  5
E2
330
D5
100
AcDbEntity
  8
Defpoints
100
AcDbPoint
 10
-45240.212085894
 20
56437.14593345588
 30
0.0
  0
ENDBLK
  5
D7
330
D5
100
AcDbEntity
  8
0
100
AcDbBlockEnd
  0
BLOCK
  5
E5
330
E4
100
AcDbEntity
  8
0
100
AcDbBlockBegin
  2
*D11
 70
1
 10
0.0
 20
0.0
 30
0.0
  3
*D11
  1

  0
LINE
  5
E7
330
E4
100
AcDbEntity
  8
0
100
AcDbLine
 10
-45255.67294619719
 20
56428.94215862101
 30
0.0
 11
-45256.17382945401
 21
56428.94215862101
 31
0.0
  0
LINE
  5
E8
330
E4
100
AcDbEntity
  8
0
100
AcDbLine
 10
-45255.67294619719
 20
56430.99215862101
 30
0.0
 11
-45256.17382945401
 21
56430.99215862101
 31
0.0
  0
INSERT
  5
E9
330
E4
100
AcDbEntity
  8
SUBESTAÇÃO
100
AcDbBlockReference
  2
_CLOSEDFILLED
 10
-45255.92382945401
 20
56428.94215862101
 30
0.0
 41
0.15
 42
0.15
 50
270.0
  0
INSERT
  5
EB
330
E4
100
AcDbEntity
  8
SUBESTAÇÃO
100
AcDbBlockReference
  2
_CLOSEDFILLED
 10
-45255.92382945401
 20
56430.99215862101
 30
0.0
 41
0.15
 42
0.15
 50
90.0
  0
LINE
  5
ED
330
E4
100
AcDbEntity
  8
0
100
AcDbLine
 10
-45255.92382945401
 20
56429.09215862101
 30
0.0
 11
-45255.92382945401
 21
56430.84215862101
 31
0.0
  0
MTEXT
  5
EE
330
E4
100
AcDbEntity
  8
SUBESTAÇÃO
100
AcDbMText
 10
-45256.098829454015
 20
56429.96715862101
 30
0.0
 40
0.15
 71
5
  1
2,05m
  7
STANDARD
 50
90.0
  0
POINT
  5
EF
330
E4
100
AcDbEntity
  8
Defpoints
100
AcDbPoint
 10
-45255.92382945401
 20
56428.94215862101
 30
0.0
  0
POINT
  5
F0
330
E4
100
AcDbEntity
  8
Defpoints
100
AcDbPoint
 10
-45255.04794619719
 20
56428.94215862101
 30
0.0
  0
POINT
  5
F1
330
E4
100
AcDbEntity
  8
Defpoints
100
AcDbPoint
 10
-45255.04794619719
 20
56430.99215862101
 30
0.0
  0
ENDBLK
  5
E6
330
E4
100
AcDbEntity
  8
0
100
AcDbBlockEnd
  0
BLOCK
  5
F4
330
F3
100
AcDbEntity
  8
0
100
AcDbBlockBegin
  2
*D12
 70
1
 10
0.0
 20
0.0
 30
0.0
  3
*D12
  1

  0
LINE
  5
F6
330
F3
100
AcDbEntity
  8
0
100
AcDbLine
 10
-45255.67294619719
 20
56430.99215862105
 30
0.0
 11
-45256.42677868689
 21
56430.99215862105
 31
0.0
  0
LINE
  5
F7
330
F3
100
AcDbEntity
  8
0
100
AcDbLine
 10
-45255.67294619719
 20
56435.09215862104
 30
0.0
 11
-45256.42677868689
 21
56435.09215862104
 31
0.0
  0
INSERT
  5
F8
330
F3
100
AcDbEntity
  8
SUBESTAÇÃO
100
AcDbBlockReference
  2
_CLOSEDFILLED
 10
-45256.17677868689
 20
56430.99215862105
 30
0.0
 41
0.15
 42
0.15
 50
270.0
  0
INSERT
  5
FA
330
F3
100
AcDbEntity
  8
SUBESTAÇÃO
100
AcDbBlockReference
  2
_CLOSEDFILLED
 10
-45256.17677868689
 20
56435.09215862104
 30
0.0
 41
0.15
 42
0.15
 50
90.0
  0
LINE
  5
FC
330
F3
100
AcDbEntity
  8
0
100
AcDbLine
 10
-45256.17677868689
 20
56431.14215862105
 30
0.0
 11
-45256.17677868689
 21
56434.94215862104
 31
0.0
  0
MTEXT
  5
FD
330
F3
100
AcDbEntity
  8
SUBESTAÇÃO
100
AcDbMText
 10
-45256.35177868689
 20
56433.04215862104
 30
0.0
 40
0.15
 71
5
  1
4,1m
  7
STANDARD
 50
90.0
  0
POINT
  5
FE
330
F3
100
AcDbEntity
  8
Defpoints
100
AcDbPoint
 10
-45256.17677868689
 20
56430.99215862105
 30
0.0
  0
POINT
  5
FF
330
F3
100
AcDbEntity
  8
Defpoints
100
AcDbPoint
 10
-45255.04794619719
 20
56430.99215862105
 30
0.0
  0
POINT
  5
100
330
F3
100
AcDbEntity
  8
Defpoints
100
AcDbPoint
 10
-45255.04794619719
 20
56435.09215862104
 30
0.0
  0
ENDBLK
  5
F5
330
F3
100
AcDbEntity
  8
0
100
AcDbBlockEnd
  0
BLOCK
  5
103
330
102
100
AcDbEntity
  8
0
100
AcDbBlockBegin
  2
*D13
 70
1
 10
0.0
 20
0.0
 30
0.0
  3
*D13
  1

  0
LINE
  5
105
330
102
100
AcDbEntity
  8
0
100
AcDbLine
 10
-45255.67294619719
 20
56437.14593345588
 30
0.0
 11
-45256.38707908277
 21
56437.14593345588
 31
0.0
  0
LINE
  5
106
330
102
100
AcDbEntity
  8
0
100
AcDbLine
 10
-45255.67294619719
 20
56435.09593345588
 30
0.0
 11
-45256.38707908277
 21
56435.09593345588
 31
0.0
  0
INSERT
  5
107
330
102
100
AcDbEntity
  8
SUBESTAÇÃO
100
AcDbBlockReference
  2
_CLOSEDFILLED
 10
-45256.13707908277
 20
56437.14593345588
 30
0.0
 41
0.15
 42
0.15
 50
270.0
  0
INSERT
  5
109
330
102
100
AcDbEntity
  8
SUBESTAÇÃO
100
AcDbBlockReference
  2
_CLOSEDFILLED
 10
-45256.13707908277
 20
56435.09593345588
 30
0.0
 41
0.15
 42
0.15
 50
90.0
  0
LINE
  5
10B
330
102
100
AcDbEntity
  8
0
100
AcDbLine
 10
-45256.13707908277
 20
56437.295933455884
 30
0.0
 11
-45256.13707908277
 21
56434.94593345588
 31
0.0
  0
MTEXT
  5
10C
330
102
100
AcDbEntity
  8
SUBESTAÇÃO
100
AcDbMText
 10
-45255.96207908277
 20
56436.12093345588
 30
0.0
 40
0.15
 71
5
  1
2,05m
  7
STANDARD
 50
90.0
  0
POINT
  5
10D
330
102
100
AcDbEntity
  8
Defpoints
100
AcDbPoint
 10
-45256.13707908277
 20
56437.14593345588
 30
0.0
  0
POINT
  5
10E
330
102
100
AcDbEntity
  8
Defpoints
100
AcDbPoint
 10
-45255.04794619719
 20
56437.14593345588
 30
0.0
  0
POINT
  5
10F
330
102
100
AcDbEntity
  8
Defpoints
100
AcDbPoint
 10
-45255.04794619719
 20
56435.09593345588
 30
0.0
  0
ENDBLK
  5
104
330
102
100
AcDbEntity
  8
0
100
AcDbBlockEnd
  0
BLOCK
  5
112
330
111
100
AcDbEntity
  8
0
100
AcDbBlockBegin
  2
*D14
 70
1
 10
0.0
 20
0.0
 30
0.0
  3
*D14
  1

  0
LINE
  5
114
330
111
100
AcDbEntity
  8
0
100
AcDbLine
 10
-45253.69794619718
 20
56437.77093345588
 30
0.0
 11
-45253.69794619718
 21
56437.70848837678
 31
0.0
  0
LINE
  5
115
330
111
100
AcDbEntity
  8
0
100
AcDbLine
 10
-45250.99794619719
 20
56437.77093345588
 30
0.0
 11
-45250.99794619719
 21
56437.70848837678
 31
0.0
  0
INSERT
  5
116
330
111
100
AcDbEntity
  8
SUBESTAÇÃO
100
AcDbBlockReference
  2
_CLOSEDFILLED
 10
-45253.69794619718
 20
56437.45848837678
 30
0.0
 41
0.15
 42
0.15
 50
180.0
  0
INSERT
  5
118
330
111
100
AcDbEntity
  8
SUBESTAÇÃO
100
AcDbBlockReference
  2
_CLOSEDFILLED
 10
-45250.99794619719
 20
56437.45848837678
 30
0.0
 41
0.15
 42
0.15
  0
LINE
  5
11A
330
111
100
AcDbEntity
  8
0
100
AcDbLine
 10
-45253.54794619718
 20
56437.45848837678
 30
0.0
 11
-45251.14794619719
 21
56437.45848837678
 31
0.0
  0
MTEXT
  5
11B
330
111
100
AcDbEntity
  8
SUBESTAÇÃO
100
AcDbMText
 10
-45252.34794619719
 20
56437.633488376785
 30
0.0
 40
0.15
 71
5
  1
2,7m
  7
STANDARD
  0
POINT
  5
11C
330
111
100
AcDbEntity
  8
Defpoints
100
AcDbPoint
 10
-45253.69794619718
 20
56437.45848837678
 30
0.0
  0
POINT
  5
11D
330
111
100
AcDbEntity
  8
Defpoints
100
AcDbPoint
 10
-45253.69794619718
 20
56437.14593345588
 30
0.0
  0
POINT
  5
11E
330
111
100
AcDbEntity
  8
Defpoints
100
AcDbPoint
 10
-45250.99794619719
 20
56437.14593345588
 30
0.0
  0
ENDBLK
  5
113
330
111
100
AcDbEntity
  8
0
100
AcDbBlockEnd
  0
BLOCK
  5
121
330
120
100
AcDbEntity
  8
0
100
AcDbBlockBegin
  2
*D15
 70
1
 10
0.0
 20
0.0
 30
0.0
  3
*D15
  1

  0
LINE
  5
123
330
120
100
AcDbEntity
  8
0
100
AcDbLine
 10
-45250.93623032967
 20
56437.77093345588
 30
0.0
 11
-45250.93623032967
 21
56437.68865189605
 31
0.0
  0
LINE
  5
124
330
120
100
AcDbEntity
  8
0
100
AcDbLine
 10
-45248.23623032967
 20
56437.77093345588
 30
0.0
 11
-45248.23623032967
 21
56437.68865189605
 31
0.0
  0
INSERT
  5
125
330
120
100
AcDbEntity
  8
SUBESTAÇÃO
100
AcDbBlockReference
  2
_CLOSEDFILLED
 10
-45250.93623032967
 20
56437.43865189605
 30
0.0
 41
0.15
 42
0.15
 50
180.0
  0
INSERT
  5
127
330
120
100
AcDbEntity
  8
SUBESTAÇÃO
100
AcDbBlockReference
  2
_CLOSEDFILLED
 10
-45248.23623032967
 20
56437.43865189605
 30
0.0
 41
0.15
 42
0.15
  0
LINE
  5
129
330
120
100
AcDbEntity
  8
0
100
AcDbLine
 10
-45250.78623032967
 20
56437.43865189605
 30
0.0
 11
-45248.38623032967
 21
56437.43865189605
 31
0.0
  0
MTEXT
  5
12A
330
120
100
AcDbEntity
  8
SUBESTAÇÃO
100
AcDbMText
 10
-45249.586230329674
 20
56437.613651896056
 30
0.0
 40
0.15
 71
5
  1
2,7m
  7
STANDARD
  0
POINT
  5
12B
330
120
100
AcDbEntity
  8
Defpoints
100
AcDbPoint
 10
-45250.93623032967
 20
56437.43865189605
 30
0.0
  0
POINT
  5
12C
330
120
100
AcDbEntity
  8
Defpoints
100
AcDbPoint
 10
-45250.93623032967
 20
56437.14593345588
 30
0.0
  0
POINT
  5
12D
330
120
100
AcDbEntity
  8
Defpoints
100
AcDbPoint
 10
-45248.23623032967
 20
56437.14593345588
 30
0.0
  0
ENDBLK
  5
122
330
120
100
AcDbEntity
  8
0
100
AcDbBlockEnd
  0
BLOCK
  5
130
330
12F
100
AcDbEntity
  8
0
100
AcDbBlockBegin
  2
*D16
 70
1
 10
0.0
 20
0.0
 30
0.0
  3
*D16
  1

  0
LINE
  5
132
330
12F
100
AcDbEntity
  8
0
100
AcDbLine
 10
-45248.23623032967
 20
56437.77093345588
 30
0.0
 11
-45248.23623032967
 21
56437.66881617847
 31
0.0
  0
LINE
  5
133
330
12F
100
AcDbEntity
  8
0
100
AcDbLine
 10
-45245.53623032968
 20
56437.77093345588
 30
0.0
 11
-45245.53623032968
 21
56437.66881617847
 31
0.0
  0
INSERT
  5
134
330
12F
100
AcDbEntity
  8
SUBESTAÇÃO
100
AcDbBlockReference
  2
_CLOSEDFILLED
 10
-45248.23623032967
 20
56437.41881617847
 30
0.0
 41
0.15
 42
0.15
 50
180.0
  0
INSERT
  5
136
330
12F
100
AcDbEntity
  8
SUBESTAÇÃO
100
AcDbBlockReference
  2
_CLOSEDFILLED
 10
-45245.53623032968
 20
56437.41881617847
 30
0.0
 41
0.15
 42
0.15
  0
LINE
  5
138
330
12F
100
AcDbEntity
  8
0
100
AcDbLine
 10
-45248.08623032967
 20
56437.41881617847
 30
0.0
 11
-45245.68623032968
 21
56437.41881617847
 31
0.0
  0
MTEXT
  5
139
330
12F
100
AcDbEntity
  8
SUBESTAÇÃO
100
AcDbMText
 10
-45246.88623032968
 20
56437.59381617847
 30
0.0
 40
0.15
 71
5
  1
2,7m
  7
STANDARD
  0
POINT
  5
13A
330
12F
100
AcDbEntity
  8
Defpoints
100
AcDbPoint
 10
-45248.23623032967
 20
56437.41881617847
 30
0.0
  0
POINT
  5
13B
330
12F
100
AcDbEntity
  8
Defpoints
100
AcDbPoint
 10
-45248.23623032967
 20
56437.14593345588
 30
0.0
  0
POINT
  5
13C
330
12F
100
AcDbEntity
  8
Defpoints
100
AcDbPoint
 10
-45245.53623032968
 20
56437.14593345588
 30
0.0
  0
ENDBLK
  5
131
330
12F
100
AcDbEntity
  8
0
100
AcDbBlockEnd
  0
BLOCK
  5
13F
330
13E
100
AcDbEntity
  8
0
100
AcDbBlockBegin
  2
*D17
 70
1
 10
0.0
 20
0.0
 30
0.0
  3
*D17
  1

  0
LINE
  5
141
330
13E
100
AcDbEntity
  8
0
100
AcDbLine
 10
-45245.53623032968
 20
56437.77093345588
 30
0.0
 11
-45245.53623032968
 21
56437.70848837678
 31
0.0
  0
LINE
  5
142
330
13E
100
AcDbEntity
  8
0
100
AcDbLine
 10
-45242.83623032968
 20
56437.77093345588
 30
0.0
 11
-45242.83623032968
 21
56437.70848837678
 31
0.0
  0
INSERT
  5
143
330
13E
100
AcDbEntity
  8
SUBESTAÇÃO
100
AcDbBlockReference
  2
_CLOSEDFILLED
 10
-45245.53623032968
 20
56437.45848837678
 30
0.0
 41
0.15
 42
0.15
 50
180.0
  0
INSERT
  5
145
330
13E
100
AcDbEntity
  8
SUBESTAÇÃO
100
AcDbBlockReference
  2
_CLOSEDFILLED
 10
-45242.83623032968
 20
56437.45848837678
 30
0.0
 41
0.15
 42
0.15
  0
LINE
  5
147
330
13E
100
AcDbEntity
  8
0
100
AcDbLine
 10
-45245.38623032968
 20
56437.45848837678
 30
0.0
 11
-45242.98623032968
 21
56437.45848837678
 31
0.0
  0
MTEXT
  5
148
330
13E
100
AcDbEntity
  8
SUBESTAÇÃO
100
AcDbMText
 10
-45244.18623032968
 20
56437.633488376785
 30
0.0
 40
0.15
 71
5
  1
2,7m
  7
STANDARD
  0
POINT
  5
149
330
13E
100
AcDbEntity
  8
Defpoints
100
AcDbPoint
 10
-45245.53623032968
 20
56437.45848837678
 30
0.0
  0
POINT
  5
14A
330
13E
100
AcDbEntity
  8
Defpoints
100
AcDbPoint
 10
-45245.53623032968
 20
56437.14593345588
 30
0.0
  0
POINT
  5
14B
330
13E
100
AcDbEntity
  8
Defpoints
100
AcDbPoint
 10
-45242.83623032968
 20
56437.14593345588
 30
0.0
  0
ENDBLK
  5
140
330
13E
100
AcDbEntity
  8
0
100
AcDbBlockEnd
  0
BLOCK
  5
14E
330
14D
100
AcDbEntity
  8
0
100
AcDbBlockBegin
  2
*D18
 70
1
 10
0.0
 20
0.0
 30
0.0
  3
*D18
  1

  0
LINE
  5
150
330
14D
100
AcDbEntity
  8
0
100
AcDbLine
 10
-45242.83623032968
 20
56437.77093345588
 30
0.0
 11
-45242.83623032968
 21
56437.68865189605
 31
0.0
  0
LINE
  5
151
330
14D
100
AcDbEntity
  8
0
100
AcDbLine
 10
-45240.13623032968
 20
56437.77093345588
 30
0.0
 11
-45240.13623032968
 21
56437.68865189605
 31
0.0
  0
INSERT
  5
152
330
14D
100
AcDbEntity
  8
SUBESTAÇÃO
100
AcDbBlockReference
  2
_CLOSEDFILLED
 10
-45242.83623032968
 20
56437.43865189605
 30
0.0
 41
0.15
 42
0.15
 50
180.0
  0
INSERT
  5
154
330
14D
100
AcDbEntity
  8
SUBESTAÇÃO
100
AcDbBlockReference
  2
_CLOSEDFILLED
 10
-45240.13623032968
 20
56437.43865189605
 30
0.0
 41
0.15
 42
0.15
  0
LINE
  5
156
330
14D
100
AcDbEntity
  8
0
100
AcDbLine
 10
-45242.68623032968
 20
56437.43865189605
 30
0.0
 11
-45240.28623032968
 21
56437.43865189605
 31
0.0
  0
MTEXT
  5
157
330
14D
100
AcDbEntity
  8
SUBESTAÇÃO
100
AcDbMText
 10
-45241.48623032968
 20
56437.613651896056
 30
0.0
 40
0.15
 71
5
  1
2,7m
  7
STANDARD
  0
POINT
  5
158
330
14D
100
AcDbEntity
  8
Defpoints
100
AcDbPoint
 10
-45242.83623032968
 20
56437.43865189605
 30
0.0
  0
POINT
  5
159
330
14D
100
AcDbEntity
  8
Defpoints
100
AcDbPoint
 10
-45242.83623032968
 20
56437.14593345588
 30
0.0
  0
POINT
  5
15A
330
14D
100
AcDbEntity
  8
Defpoints
100
AcDbPoint
 10
-45240.13623032968
 20
56437.14593345588
 30
0.0
  0
ENDBLK
  5
14F
330
14D
100
AcDbEntity
  8
0
100
AcDbBlockEnd
  0
BLOCK
  5
15D
330
15C
100
AcDbEntity
  8
0
100
AcDbBlockBegin
  2
*D19
 70
1
 10
0.0
 20
0.0
 30
0.0
  3
*D19
  1

  0
LINE
  5
15F
330
15C
100
AcDbEntity
  8
0
100
AcDbLine
 10
-45238.43301981285
 20
56447.31262076003
 30
0.0
 11
-45238.43301981285
 21
56447.76067870699
 31
0.0
  0
LINE
  5
160
330
15C
100
AcDbEntity
  8
0
100
AcDbLine
 10
-45236.77301981285
 20
56447.31262076003
 30
0.0
 11
-45236.77301981285
 21
56447.76067870699
 31
0.0
  0
INSERT
  5
161
330
15C
100
AcDbEntity
  8
SUBESTAÇÃO
100
AcDbBlockReference
  2
_CLOSEDFILLED
 10
-45238.43301981285
 20
56447.51067870699
 30
0.0
 41
0.15
 42
0.15
 50
180.0
  0
INSERT
  5
163
330
15C
100
AcDbEntity
  8
SUBESTAÇÃO
100
AcDbBlockReference
  2
_CLOSEDFILLED
 10
-45236.77301981285
 20
56447.51067870699
 30
0.0
 41
0.15
 42
0.15
  0
LINE
  5
165
330
15C
100
AcDbEntity
  8
0
100
AcDbLine
 10
-45238.28301981285
 20
56447.51067870699
 30
0.0
 11
-45236.92301981285
 21
56447.51067870699
 31
0.0
  0
MTEXT
  5
166
330
15C
100
AcDbEntity
  8
SUBESTAÇÃO
100
AcDbMText
 10
-45237.60301981285
 20
56447.68567870699
 30
0.0
 40
0.15
 71
5
  1
1,66m
  7
STANDARD
  0
POINT
  5
167
330
15C
100
AcDbEntity
  8
Defpoints
100
AcDbPoint
 10
-45238.43301981285
 20
56447.51067870699
 30
0.0
  0
POINT
  5
168
330
15C
100
AcDbEntity
  8
Defpoints
100
AcDbPoint
 10
-45238.43301981285
 20
56446.68762076003
 30
0.0
  0
POINT
  5
169
330
15C
100
AcDbEntity
  8
Defpoints
100
AcDbPoint
 10
-45236.77301981285
 20
56446.68762076003
 30
0.0
  0
ENDBLK
  5
15E
330
15C
100
AcDbEntity
  8
0
100
AcDbBlockEnd
  0
BLOCK
  5
16C
330
16B
100
AcDbEntity
  8
0
100
AcDbBlockBegin
  2
*D20
 70
1
 10
0.0
 20
0.0
 30
0.0
  3
*D20
  1

  0
LINE
  5
16E
330
16B
100
AcDbEntity
  8
0
100
AcDbLine
 10
-45236.77301981285
 20
56447.31262076003
 30
0.0
 11
-45236.77301981285
 21
56447.76067870698
 31
0.0
  0
LINE
  5
16F
330
16B
100
AcDbEntity
  8
0
100
AcDbLine
 10
-45233.45301981285
 20
56447.31262076003
 30
0.0
 11
-45233.45301981285
 21
56447.76067870698
 31
0.0
  0
INSERT
  5
170
330
16B
100
AcDbEntity
  8
SUBESTAÇÃO
100
AcDbBlockReference
  2
_CLOSEDFILLED
 10
-45236.77301981285
 20
56447.51067870698
 30
0.0
 41
0.15
 42
0.15
 50
180.0
  0
INSERT
  5
172
330
16B
100
AcDbEntity
  8
SUBESTAÇÃO
100
AcDbBlockReference
  2
_CLOSEDFILLED
 10
-45233.45301981285
 20
56447.51067870698
 30
0.0
 41
0.15
 42
0.15
  0
LINE
  5
174
330
16B
100
AcDbEntity
  8
0
100
AcDbLine
 10
-45236.62301981285
 20
56447.51067870698
 30
0.0
 11
-45233.60301981285
 21
56447.51067870698
 31
0.0
  0
MTEXT
  5
175
330
16B
100
AcDbEntity
  8
SUBESTAÇÃO
100
AcDbMText
 10
-45235.11301981285
 20
56447.685678706985
 30
0.0
 40
0.15
 71
5
  1
3,32m
  7
STANDARD
  0
POINT
  5
176
330
16B
100
AcDbEntity
  8
Defpoints
100
AcDbPoint
 10
-45236.77301981285
 20
56447.51067870698
 30
0.0
  0
POINT
  5
177
330
16B
100
AcDbEntity
  8
Defpoints
100
AcDbPoint
 10
-45236.77301981285
 20
56446.68762076003
 30
0.0
  0
POINT
  5
178
330
16B
100
AcDbEntity
  8
Defpoints
100
AcDbPoint
 10
-45233.45301981285
 20
56446.68762076003
 30
0.0
  0
ENDBLK
  5
16D
330
16B
100
AcDbEntity
  8
0
100
AcDbBlockEnd
  0
BLOCK
  5
17B
330
17A
100
AcDbEntity
  8
0
100
AcDbBlockBegin
  2
*D21
 70
1
 10
0.0
 20
0.0
 30
0.0
  3
*D21
  1

  0
LINE
  5
17D
330
17A
100
AcDbEntity
  8
0
100
AcDbLine
 10
-45233.45301981285
 20
56447.31262076003
 30
0.0
 11
-45233.45301981285
 21
56447.76067870698
 31
0.0
  0
LINE
  5
17E
330
17A
100
AcDbEntity
  8
0
100
AcDbLine
 10
-45230.13301981285
 20
56447.31262076003
 30
0.0
 11
-45230.13301981285
 21
56447.76067870698
 31
0.0
  0
INSERT
  5
17F
330
17A
100
AcDbEntity
  8
SUBESTAÇÃO
100
AcDbBlockReference
  2
_CLOSEDFILLED
 10
-45233.45301981285
 20
56447.51067870698
 30
0.0
 41
0.15
 42
0.15
 50
180.0
  0
INSERT
  5
181
330
17A
100
AcDbEntity
  8
SUBESTAÇÃO
100
AcDbBlockReference
  2
_CLOSEDFILLED
 10
-45230.13301981285
 20
56447.51067870698
 30
0.0
 41
0.15
 42
0.15
  0
LINE
  5
183
330
17A
100
AcDbEntity
  8
0
100
AcDbLine
 10
-45233.30301981285
 20
56447.51067870698
 30
0.0
 11
-45230.28301981285
 21
56447.51067870698
 31
0.0
  0
MTEXT
  5
184
330
17A
100
AcDbEntity
  8
SUBESTAÇÃO
100
AcDbMText
 10
-45231.793019812845
 20
56447.685678706985
 30
0.0
 40
0.15
 71
5
  1
3,32m
  7
STANDARD
  0
POINT
  5
185
330
17A
100
AcDbEntity
  8
Defpoints
100
AcDbPoint
 10
-45233.45301981285
 20
56447.51067870698
 30
0.0
  0
POINT
  5
186
330
17A
100
AcDbEntity
  8
Defpoints
100
AcDbPoint
 10
-45233.45301981285
 20
56446.68762076003
 30
0.0
  0
POINT
  5
187
330
17A
100
AcDbEntity
  8
Defpoints
100
AcDbPoint
 10
-45230.13301981285
 20
56446.68762076003
 30
0.0
  0
ENDBLK
  5
17C
330
17A
100
AcDbEntity
  8
0
100
AcDbBlockEnd
  0
BLOCK
  5
18A
330
189
100
AcDbEntity
  8
0
100
AcDbBlockBegin
  2
*D22
 70
1
 10
0.0
 20
0.0
 30
0.0
  3
*D22
  1

  0
LINE
  5
18C
330
189
100
AcDbEntity
  8
0
100
AcDbLine
 10
-45230.1272321206
 20
56447.31262076003
 30
0.0
 11
-45230.1272321206
 21
56447.76067870699
 31
0.0
  0
LINE
  5
18D
330
189
100
AcDbEntity
  8
0
100
AcDbLine
 10
-45226.80723212061
 20
56447.31262076003
 30
0.0
 11
-45226.80723212061
 21
56447.76067870699
 31
0.0
  0
INSERT
  5
18E
330
189
100
AcDbEntity
  8
SUBESTAÇÃO
100
AcDbBlockReference
  2
_CLOSEDFILLED
 10
-45230.1272321206
 20
56447.51067870699
 30
0.0
 41
0.15
 42
0.15
 50
180.0
  0
INSERT
  5
190
330
189
100
AcDbEntity
  8
SUBESTAÇÃO
100
AcDbBlockReference
  2
_CLOSEDFILLED
 10
-45226.80723212061
 20
56447.51067870699
 30
0.0
 41
0.15
 42
0.15
  0
LINE
  5
192
330
189
100
AcDbEntity
  8
0
100
AcDbLine
 10
-45229.9772321206
 20
56447.51067870699
 30
0.0
 11
-45226.957232120614
 21
56447.51067870699
 31
0.0
  0
MTEXT
  5
193
330
189
100
AcDbEntity
  8
SUBESTAÇÃO
100
AcDbMText
 10
-45228.4672321206
 20
56447.68567870699
 30
0.0
 40
0.15
 71
5
  1
3,32m
  7
STANDARD
  0
POINT
  5
194
330
189
100
AcDbEntity
  8
Defpoints
100
AcDbPoint
 10
-45230.1272321206
 20
56447.51067870699
 30
0.0
  0
POINT
  5
195
330
189
100
AcDbEntity
  8
Defpoints
100
AcDbPoint
 10
-45230.1272321206
 20
56446.68762076003
 30
0.0
  0
POINT
  5
196
330
189
100
AcDbEntity
  8
Defpoints
100
AcDbPoint
 10
-45226.80723212061
 20
56446.68762076003
 30
0.0
  0
ENDBLK
  5
18B
330
189
100
AcDbEntity
  8
0
100
AcDbBlockEnd
  0
BLOCK
  5
199
330
198
100
AcDbEntity
  8
0
100
AcDbBlockBegin
  2
*D23
 70
1
 10
0.0
 20
0.0
 30
0.0
  3
*D23
  1

  0
LINE
  5
19B
330
198
100
AcDbEntity
  8
0
100
AcDbLine
 10
-45221.82144442835
 20
56447.31262076003
 30
0.0
 11
-45221.82144442835
 21
56447.76067870698
 31
0.0
  0
LINE
  5
19C
330
198
100
AcDbEntity
  8
0
100
AcDbLine
 10
-45223.48144442835
 20
56447.31262076003
 30
0.0
 11
-45223.48144442835
 21
56447.76067870698
 31
0.0
  0
INSERT
  5
19D
330
198
100
AcDbEntity
  8
SUBESTAÇÃO
100
AcDbBlockReference
  2
_CLOSEDFILLED
 10
-45221.82144442835
 20
56447.51067870698
 30
0.0
 41
0.15
 42
0.15
 50
180.0
  0
INSERT
  5
19F
330
198
100
AcDbEntity
  8
SUBESTAÇÃO
100
AcDbBlockReference
  2
_CLOSEDFILLED
 10
-45223.48144442835
 20
56447.51067870698
 30
0.0
 41
0.15
 42
0.15
  0
LINE
  5
1A1
330
198
100
AcDbEntity
  8
0
100
AcDbLine
 10
-45221.67144442835
 20
56447.51067870698
 30
0.0
 11
-45223.63144442835
 21
56447.51067870698
 31
0.0
  0
MTEXT
  5
1A2
330
198
100
AcDbEntity
  8
SUBESTAÇÃO
100
AcDbMText
 10
-45222.65144442835
 20
56447.33567870698
 30
0.0
 40
0.15
 71
5
  1
1,66m
  7
STANDARD
  0
POINT
  5
1A3
330
198
100
AcDbEntity
  8
Defpoints
100
AcDbPoint
 10
-45221.82144442835
 20
56447.51067870698
 30
0.0
  0
POINT
  5
1A4
330
198
100
AcDbEntity
  8
Defpoints
100
AcDbPoint
 10
-45221.82144442835
 20
56446.68762076003
 30
0.0
  0
POINT
  5
1A5
330
198
100
AcDbEntity
  8
Defpoints
100
AcDbPoint
 10
-45223.48144442835
 20
56446.68762076003
 30
0.0
  0
ENDBLK
  5
19A
330
198
100
AcDbEntity
  8
0
100
AcDbBlockEnd
  0
BLOCK
  5
1A8
330
1A7
100
AcDbEntity
  8
0
100
AcDbBlockBegin
  2
*D24
 70
1
 10
0.0
 20
0.0
 30
0.0
  3
*D24
  1

  0
LINE
  5
1AA
330
1A7
100
AcDbEntity
  8
0
100
AcDbLine
 10
-45226.80723212061
 20
56447.31262076003
 30
0.0
 11
-45226.80723212061
 21
56447.76067870699
 31
0.0
  0
LINE
  5
1AB
330
1A7
100
AcDbEntity
  8
0
100
AcDbLine
 10
-45223.4872321206
 20
56447.31262076003
 30
0.0
 11
-45223.4872321206
 21
56447.76067870699
 31
0.0
  0
INSERT
  5
1AC
330
1A7
100
AcDbEntity
  8
SUBESTAÇÃO
100
AcDbBlockReference
  2
_CLOSEDFILLED
 10
-45226.80723212061
 20
56447.51067870699
 30
0.0
 41
0.15
 42
0.15
 50
180.0
  0
INSERT
  5
1AE
330
1A7
100
AcDbEntity
  8
SUBESTAÇÃO
100
AcDbBlockReference
  2
_CLOSEDFILLED
 10
-45223.4872321206
 20
56447.51067870699
 30
0.0
 41
0.15
 42
0.15
  0
LINE
  5
1B0
330
1A7
100
AcDbEntity
  8
0
100
AcDbLine
 10
-45226.65723212061
 20
56447.51067870699
 30
0.0
 11
-45223.6372321206
 21
56447.51067870699
 31
0.0
  0
MTEXT
  5
1B1
330
1A7
100
AcDbEntity
  8
SUBESTAÇÃO
100
AcDbMText
 10
-45225.14723212061
 20
56447.68567870699
 30
0.0
 40
0.15
 71
5
  1
3,32m
  7
STANDARD
  0
POINT
  5
1B2
330
1A7
100
AcDbEntity
  8
Defpoints
100
AcDbPoint
 10
-45226.80723212061
 20
56447.51067870699
 30
0.0
  0
POINT
  5
1B3
330
1A7
100
AcDbEntity
  8
Defpoints
100
AcDbPoint
 10
-45226.80723212061
 20
56446.68762076003
 30
0.0
  0
POINT
  5
1B4
330
1A7
100
AcDbEntity
  8
Defpoints
100
AcDbPoint
 10
-45223.4872321206
 20
56446.68762076003
 30
0.0
  0
ENDBLK
  5
1A9
330
1A7
100
AcDbEntity
  8
0
100
AcDbBlockEnd
  0
BLOCK
  5
1B7
330
1B6
100
AcDbEntity
  8
0
100
AcDbBlockBegin
  2
*D25
 70
1
 10
0.0
 20
0.0
 30
0.0
  3
*D25
  1

  0
LINE
  5
1B9
330
1B6
100
AcDbEntity
  8
0
100
AcDbLine
 10
-45239.05801981285
 20
56437.70092893929
 30
0.0
 11
-45239.09136859138
 21
56437.70092893929
 31
0.0
  0
LINE
  5
1BA
330
1B6
100
AcDbEntity
  8
0
100
AcDbLine
 10
-45239.05801981285
 20
56439.9509289393
 30
0.0
 11
-45239.09136859138
 21
56439.9509289393
 31
0.0
  0
INSERT
  5
1BB
330
1B6
100
AcDbEntity
  8
SUBESTAÇÃO
100
AcDbBlockReference
  2
_CLOSEDFILLED
 10
-45238.84136859138
 20
56437.70092893929
 30
0.0
 41
0.15
 42
0.15
 50
270.0
  0
INSERT
  5
1BD
330
1B6
100
AcDbEntity
  8
SUBESTAÇÃO
100
AcDbBlockReference
  2
_CLOSEDFILLED
 10
-45238.84136859138
 20
56439.9509289393
 30
0.0
 41
0.15
 42
0.15
 50
90.0
  0
LINE
  5
1BF
330
1B6
100
AcDbEntity
  8
0
100
AcDbLine
 10
-45238.84136859138
 20
56437.85092893929
 30
0.0
 11
-45238.84136859138
 21
56439.8009289393
 31
0.0
  0
MTEXT
  5
1C0
330
1B6
100
AcDbEntity
  8
SUBESTAÇÃO
100
AcDbMText
 10
-45239.01636859138
 20
56438.825928939295
 30
0.0
 40
0.15
 71
5
  1
2,25m
  7
STANDARD
 50
90.0
  0
POINT
  5
1C1
330
1B6
100
AcDbEntity
  8
Defpoints
100
AcDbPoint
 10
-45238.84136859138
 20
56437.70092893929
 30
0.0
  0
POINT
  5
1C2
330
1B6
100
AcDbEntity
  8
Defpoints
100
AcDbPoint
 10
-45238.43301981285
 20
56437.70092893929
 30
0.0
  0
POINT
  5
1C3
330
1B6
100
AcDbEntity
  8
Defpoints
100
AcDbPoint
 10
-45238.43301981285
 20
56439.9509289393
 30
0.0
  0
ENDBLK
  5
1B8
330
1B6
100
AcDbEntity
  8
0
100
AcDbBlockEnd
  0
BLOCK
  5
1C6
330
1C5
100
AcDbEntity
  8
0
100
AcDbBlockBegin
  2
*D26
 70
1
 10
0.0
 20
0.0
 30
0.0
  3
*D26
  1

  0
LINE
  5
1C8
330
1C5
100
AcDbEntity
  8
0
100
AcDbLine
 10
-45239.05801981285
 20
56446.68762076003
 30
0.0
 11
-45239.09136859138
 21
56446.68762076003
 31
0.0
  0
LINE
  5
1C9
330
1C5
100
AcDbEntity
  8
0
100
AcDbLine
 10
-45239.05801981285
 20
56444.43762076003
 30
0.0
 11
-45239.09136859138
 21
56444.43762076003
 31
0.0
  0
INSERT
  5
1CA
330
1C5
100
AcDbEntity
  8
SUBESTAÇÃO
100
AcDbBlockReference
  2
_CLOSEDFILLED
 10
-45238.84136859138
 20
56446.68762076003
 30
0.0
 41
0.15
 42
0.15
 50
270.0
  0
INSERT
  5
1CC
330
1C5
100
AcDbEntity
  8
SUBESTAÇÃO
100
AcDbBlockReference
  2
_CLOSEDFILLED
 10
-45238.84136859138
 20
56444.43762076003
 30
0.0
 41
0.15
 42
0.15
 50
90.0
  0
LINE
  5
1CE
330
1C5
100
AcDbEntity
  8
0
100
AcDbLine
 10
-45238.84136859138
 20
56446.83762076003
 30
0.0
 11
-45238.84136859138
 21
56444.28762076003
 31
0.0
  0
MTEXT
  5
1CF
330
1C5
100
AcDbEntity
  8
SUBESTAÇÃO
100
AcDbMText
 10
-45238.66636859137
 20
56445.56262076003
 30
0.0
 40
0.15
 71
5
  1
2,25m
  7
STANDARD
 50
90.0
  0
POINT
  5
1D0
330
1C5
100
AcDbEntity
  8
Defpoints
100
AcDbPoint
 10
-45238.84136859138
 20
56446.68762076003
 30
0.0
  0
POINT
  5
1D1
330
1C5
100
AcDbEntity
  8
Defpoints
100
AcDbPoint
 10
-45238.43301981285
 20
56446.68762076003
 30
0.0
  0
POINT
  5
1D2
330
1C5
100
AcDbEntity
  8
Defpoints
100
AcDbPoint
 10
-45238.43301981285
 20
56444.43762076003
 30
0.0
  0
ENDBLK
  5
1C7
330
1C5
100
AcDbEntity
  8
0
100
AcDbBlockEnd
  0
BLOCK
  5
1D5
330
1D4
100
AcDbEntity
  8
0
100
AcDbBlockBegin
  2
*D27
 70
1
 10
0.0
 20
0.0
 30
0.0
  3
*D27
  1

  0
LINE
  5
1D7
330
1D4
100
AcDbEntity
  8
0
100
AcDbLine
 10
-45239.51219420212
 20
56444.43762076005
 30
0.0
 11
-45239.35237799425
 21
56444.43762076005
 31
0.0
  0
LINE
  5
1D8
330
1D4
100
AcDbEntity
  8
0
100
AcDbLine
 10
-45239.37438410137
 20
56439.93973143548
 30
0.0
 11
-45239.35237799425
 21
56439.93973143548
 31
0.0
  0
INSERT
  5
1D9
330
1D4
100
AcDbEntity
  8
SUBESTAÇÃO
100
AcDbBlockReference
  2
_CLOSEDFILLED
 10
-45239.10237799425
 20
56444.43762076005
 30
0.0
 41
0.15
 42
0.15
 50
270.0
  0
INSERT
  5
1DB
330
1D4
100
AcDbEntity
  8
SUBESTAÇÃO
100
AcDbBlockReference
  2
_CLOSEDFILLED
 10
-45239.10237799425
 20
56439.93973143548
 30
0.0
 41
0.15
 42
0.15
 50
90.0
  0
LINE
  5
1DD
330
1D4
100
AcDbEntity
  8
0
100
AcDbLine
 10
-45239.10237799425
 20
56444.58762076005
 30
0.0
 11
-45239.10237799425
 21
56439.78973143548
 31
0.0
  0
MTEXT
  5
1DE
330
1D4
100
AcDbEntity
  8
SUBESTAÇÃO
100
AcDbMText
 10
-45238.927377994245
 20
56442.188676097765
 30
0.0
 40
0.15
 71
5
  1
4,5m
  7
STANDARD
 50
90.0
  0
POINT
  5
1DF
330
1D4
100
AcDbEntity
  8
Defpoints
100
AcDbPoint
 10
-45239.10237799425
 20
56444.43762076005
 30
0.0
  0
POINT
  5
1E0
330
1D4
100
AcDbEntity
  8
Defpoints
100
AcDbPoint
 10
-45238.88719420212
 20
56444.43762076005
 30
0.0
  0
POINT
  5
1E1
330
1D4
100
AcDbEntity
  8
Defpoints
100
AcDbPoint
 10
-45238.74938410137
 20
56439.93973143548
 30
0.0
  0
ENDBLK
  5
1D6
330
1D4
100
AcDbEntity
  8
0
100
AcDbBlockEnd
  0
BLOCK
  5
1E4
330
1E3
100
AcDbEntity
  8
0
100
AcDbBlockBegin
  2
*D28
 70
1
 10
0.0
 20
0.0
 30
0.0
  3
*D28
  1

  0
LINE
  5
1E6
330
1E3
100
AcDbEntity
  8
0
100
AcDbLine
 10
-45239.05491861481
 20
56428.88567706386
 30
0.0
 11
-45238.93160377231
 21
56428.88567706386
 31
0.0
  0
LINE
  5
1E7
330
1E3
100
AcDbEntity
  8
0
100
AcDbLine
 10
-45239.05491861481
 20
56430.92567706386
 30
0.0
 11
-45238.93160377231
 21
56430.92567706386
 31
0.0
  0
INSERT
  5
1E8
330
1E3
100
AcDbEntity
  8
SUBESTAÇÃO
100
AcDbBlockReference
  2
_CLOSEDFILLED
 10
-45238.68160377231
 20
56428.88567706386
 30
0.0
 41
0.15
 42
0.15
 50
270.0
  0
INSERT
  5
1EA
330
1E3
100
AcDbEntity
  8
SUBESTAÇÃO
100
AcDbBlockReference
  2
_CLOSEDFILLED
 10
-45238.68160377231
 20
56430.92567706386
 30
0.0
 41
0.15
 42
0.15
 50
90.0
  0
LINE
  5
1EC
330
1E3
100
AcDbEntity
  8
0
100
AcDbLine
 10
-45238.68160377231
 20
56429.03567706386
 30
0.0
 11
-45238.68160377231
 21
56430.77567706386
 31
0.0
  0
MTEXT
  5
1ED
330
1E3
100
AcDbEntity
  8
SUBESTAÇÃO
100
AcDbMText
 10
-45238.856603772314
 20
56429.905677063856
 30
0.0
 40
0.15
 71
5
  1
2,04m
  7
STANDARD
 50
90.0
  0
POINT
  5
1EE
330
1E3
100
AcDbEntity
  8
Defpoints
100
AcDbPoint
 10
-45238.68160377231
 20
56428.88567706386
 30
0.0
  0
POINT
  5
1EF
330
1E3
100
AcDbEntity
  8
Defpoints
100
AcDbPoint
 10
-45238.42991861481
 20
56428.88567706386
 30
0.0
  0
POINT
  5
1F0
330
1E3
100
AcDbEntity
  8
Defpoints
100
AcDbPoint
 10
-45238.42991861481
 20
56430.92567706386
 30
0.0
  0
ENDBLK
  5
1E5
330
1E3
100
AcDbEntity
  8
0
100
AcDbBlockEnd
  0
BLOCK
  5
1F3
330
1F2
100
AcDbEntity
  8
0
100
AcDbBlockBegin
  2
*D29
 70
1
 10
0.0
 20
0.0
 30
0.0
  3
*D29
  1

  0
LINE
  5
1F5
330
1F2
100
AcDbEntity
  8
0
100
AcDbLine
 10
-45239.05491861481
 20
56437.04504609885
 30
0.0
 11
-45238.94684128575
 21
56437.04504609885
 31
0.0
  0
LINE
  5
1F6
330
1F2
100
AcDbEntity
  8
0
100
AcDbLine
 10
-45239.05491861481
 20
56435.00504609885
 30
0.0
 11
-45238.94684128575
 21
56435.00504609885
 31
0.0
  0
INSERT
  5
1F7
330
1F2
100
AcDbEntity
  8
SUBESTAÇÃO
100
AcDbBlockReference
  2
_CLOSEDFILLED
 10
-45238.69684128575
 20
56437.04504609885
 30
0.0
 41
0.15
 42
0.15
 50
270.0
  0
INSERT
  5
1F9
330
1F2
100
AcDbEntity
  8
SUBESTAÇÃO
100
AcDbBlockReference
  2
_CLOSEDFILLED
 10
-45238.69684128575
 20
56435.00504609885
 30
0.0
 41
0.15
 42
0.15
 50
90.0
  0
LINE
  5
1FB
330
1F2
100
AcDbEntity
  8
0
100
AcDbLine
 10
-45238.69684128575
 20
56437.19504609885
 30
0.0
 11
-45238.69684128575
 21
56434.85504609885
 31
0.0
  0
MTEXT
  5
1FC
330
1F2
100
AcDbEntity
  8
SUBESTAÇÃO
100
AcDbMText
 10
-45238.52184128575
 20
56436.025046098846
 30
0.0
 40
0.15
 71
5
  1
2,04m
  7
STANDARD
 50
90.0
  0
POINT
  5
1FD
330
1F2
100
AcDbEntity
  8
Defpoints
100
AcDbPoint
 10
-45238.69684128575
 20
56437.04504609885
 30
0.0
  0
POINT
  5
1FE
330
1F2
100
AcDbEntity
  8
Defpoints
100
AcDbPoint
 10
-45238.42991861481
 20
56437.04504609885
 30
0.0
  0
POINT
  5
1FF
330
1F2
100
AcDbEntity
  8
Defpoints
100
AcDbPoint
 10
-45238.42991861481
 20
56435.00504609885
 30
0.0
  0
ENDBLK
  5
1F4
330
1F2
100
AcDbEntity
  8
0
100
AcDbBlockEnd
  0
BLOCK
  5
202
330
201
100
AcDbEntity
  8
0
100
AcDbBlockBegin
  2
*D30
 70
1
 10
0.0
 20
0.0
 30
0.0
  3
*D30
  1

  0
LINE
  5
204
330
201
100
AcDbEntity
  8
0
100
AcDbLine
 10
-45238.42991861481
 20
56437.67004609885
 30
0.0
 11
-45238.42991861481
 21
56437.53056751529
 31
0.0
  0
LINE
  5
205
330
201
100
AcDbEntity
  8
0
100
AcDbLine
 10
-45235.64991861482
 20
56437.67004609885
 30
0.0
 11
-45235.64991861482
 21
56437.53056751529
 31
0.0
  0
INSERT
  5
206
330
201
100
AcDbEntity
  8
SUBESTAÇÃO
100
AcDbBlockReference
  2
_CLOSEDFILLED
 10
-45238.42991861481
 20
56437.28056751529
 30
0.0
 41
0.15
 42
0.15
 50
180.0
  0
INSERT
  5
208
330
201
100
AcDbEntity
  8
SUBESTAÇÃO
100
AcDbBlockReference
  2
_CLOSEDFILLED
 10
-45235.64991861482
 20
56437.28056751529
 30
0.0
 41
0.15
 42
0.15
  0
LINE
  5
20A
330
201
100
AcDbEntity
  8
0
100
AcDbLine
 10
-45238.27991861481
 20
56437.28056751529
 30
0.0
 11
-45235.79991861482
 21
56437.28056751529
 31
0.0
  0
MTEXT
  5
20B
330
201
100
AcDbEntity
  8
SUBESTAÇÃO
100
AcDbMText
 10
-45237.03991861481
 20
56437.455567515295
 30
0.0
 40
0.15
 71
5
  1
2,78m
  7
STANDARD
  0
POINT
  5
20C
330
201
100
AcDbEntity
  8
Defpoints
100
AcDbPoint
 10
-45238.42991861481
 20
56437.28056751529
 30
0.0
  0
POINT
  5
20D
330
201
100
AcDbEntity
  8
Defpoints
100
AcDbPoint
 10
-45238.42991861481
 20
56437.04504609885
 30
0.0
  0
POINT
  5
20E
330
201
100
AcDbEntity
  8
Defpoints
100
AcDbPoint
 10
-45235.64991861482
 20
56437.04504609885
 30
0.0
  0
ENDBLK
  5
203
330
201
100
AcDbEntity
  8
0
100
AcDbBlockEnd
  0
BLOCK
  5
211
330
210
100
AcDbEntity
  8
0
100
AcDbBlockBegin
  2
*D31
 70
1
 10
0.0
 20
0.0
 30
0.0
  3
*D31
  1

  0
LINE
  5
213
330
210
100
AcDbEntity
  8
0
100
AcDbLine
 10
-45221.76082788763
 20
56437.67004609885
 30
0.0
 11
-45221.76082788763
 21
56437.59147122708
 31
0.0
  0
LINE
  5
214
330
210
100
AcDbEntity
  8
0
100
AcDbLine
 10
-45224.54082788764
 20
56437.67004609885
 30
0.0
 11
-45224.54082788764
 21
56437.59147122708
 31
0.0
  0
INSERT
  5
215
330
210
100
AcDbEntity
  8
SUBESTAÇÃO
100
AcDbBlockReference
  2
_CLOSEDFILLED
 10
-45221.76082788763
 20
56437.34147122708
 30
0.0
 41
0.15
 42
0.15
 50
180.0
  0
INSERT
  5
217
330
210
100
AcDbEntity
  8
SUBESTAÇÃO
100
AcDbBlockReference
  2
_CLOSEDFILLED
 10
-45224.54082788764
 20
56437.34147122708
 30
0.0
 41
0.15
 42
0.15
  0
LINE
  5
219
330
210
100
AcDbEntity
  8
0
100
AcDbLine
 10
-45221.61082788763
 20
56437.34147122708
 30
0.0
 11
-45224.69082788764
 21
56437.34147122708
 31
0.0
  0
MTEXT
  5
21A
330
210
100
AcDbEntity
  8
SUBESTAÇÃO
100
AcDbMText
 10
-45223.150827887635
 20
56437.16647122708
 30
0.0
 40
0.15
 71
5
  1
2,78m
  7
STANDARD
  0
POINT
  5
21B
330
210
100
AcDbEntity
  8
Defpoints
100
AcDbPoint
 10
-45221.76082788763
 20
56437.34147122708
 30
0.0
  0
POINT
  5
21C
330
210
100
AcDbEntity
  8
Defpoints
100
AcDbPoint
 10
-45221.76082788763
 20
56437.04504609885
 30
0.0
  0
POINT
  5
21D
330
210
100
AcDbEntity
  8
Defpoints
100
AcDbPoint
 10
-45224.54082788764
 20
56437.04504609885
 30
0.0
  0
ENDBLK
  5
212
330
210
100
AcDbEntity
  8
0
100
AcDbBlockEnd
  0
BLOCK
  5
220
330
21F
100
AcDbEntity
  8
0
100
AcDbBlockBegin
  2
*D32
 70
1
 10
0.0
 20
0.0
 30
0.0
  3
*D32
  1

  0
LINE
  5
222
330
21F
100
AcDbEntity
  8
0
100
AcDbLine
 10
-45239.05491861481
 20
56435.00504609888
 30
0.0
 11
-45238.91636808264
 21
56435.00504609888
 31
0.0
  0
LINE
  5
223
330
21F
100
AcDbEntity
  8
0
100
AcDbLine
 10
-45239.05491861481
 20
56430.92504609888
 30
0.0
 11
-45238.91636808264
 21
56430.92504609888
 31
0.0
  0
INSERT
  5
224
330
21F
100
AcDbEntity
  8
SUBESTAÇÃO
100
AcDbBlockReference
  2
_CLOSEDFILLED
 10
-45238.66636808264
 20
56435.00504609888
 30
0.0
 41
0.15
 42
0.15
 50
270.0
  0
INSERT
  5
226
330
21F
100
AcDbEntity
  8
SUBESTAÇÃO
100
AcDbBlockReference
  2
_CLOSEDFILLED
 10
-45238.66636808264
 20
56430.92504609888
 30
0.0
 41
0.15
 42
0.15
 50
90.0
  0
LINE
  5
228
330
21F
100
AcDbEntity
  8
0
100
AcDbLine
 10
-45238.66636808264
 20
56435.15504609888
 30
0.0
 11
-45238.66636808264
 21
56430.775046098875
 31
0.0
  0
MTEXT
  5
229
330
21F
100
AcDbEntity
  8
SUBESTAÇÃO
100
AcDbMText
 10
-45238.491368082636
 20
56432.96504609888
 30
0.0
 40
0.15
 71
5
  1
4,08m
  7
STANDARD
 50
90.0
  0
POINT
  5
22A
330
21F
100
AcDbEntity
  8
Defpoints
100
AcDbPoint
 10
-45238.66636808264
 20
56435.00504609888
 30
0.0
  0
POINT
  5
22B
330
21F
100
AcDbEntity
  8
Defpoints
100
AcDbPoint
 10
-45238.42991861481
 20
56435.00504609888
 30
0.0
  0
POINT
  5
22C
330
21F
100
AcDbEntity
  8
Defpoints
100
AcDbPoint
 10
-45238.42991861481
 20
56430.92504609888
 30
0.0
  0
ENDBLK
  5
221
330
21F
100
AcDbEntity
  8
0
100
AcDbBlockEnd
  0
BLOCK
  5
22F
330
22E
100
AcDbEntity
  8
0
100
AcDbBlockBegin
  2
*D33
 70
1
 10
0.0
 20
0.0
 30
0.0
  3
*D33
  1

  0
LINE
  5
231
330
22E
100
AcDbEntity
  8
0
100
AcDbLine
 10
-45235.64991861482
 20
56437.67004609885
 30
0.0
 11
-45235.64991861482
 21
56437.57624568071
 31
0.0
  0
LINE
  5
232
330
22E
100
AcDbEntity
  8
0
100
AcDbLine
 10
-45230.07991861482
 20
56437.67004609885
 30
0.0
 11
-45230.07991861482
 21
56437.57624568071
 31
0.0
  0
INSERT
  5
233
330
22E
100
AcDbEntity
  8
SUBESTAÇÃO
100
AcDbBlockReference
  2
_CLOSEDFILLED
 10
-45235.64991861482
 20
56437.32624568071
 30
0.0
 41
0.15
 42
0.15
 50
180.0
  0
INSERT
  5
235
330
22E
100
AcDbEntity
  8
SUBESTAÇÃO
100
AcDbBlockReference
  2
_CLOSEDFILLED
 10
-45230.07991861482
 20
56437.32624568071
 30
0.0
 41
0.15
 42
0.15
  0
LINE
  5
237
330
22E
100
AcDbEntity
  8
0
100
AcDbLine
 10
-45235.49991861482
 20
56437.32624568071
 30
0.0
 11
-45230.22991861482
 21
56437.32624568071
 31
0.0
  0
MTEXT
  5
238
330
22E
100
AcDbEntity
  8
SUBESTAÇÃO
100
AcDbMText
 10
-45232.864918614825
 20
56437.501245680716
 30
0.0
 40
0.15
 71
5
  1
5,57m
  7
STANDARD
  0
POINT
  5
239
330
22E
100
AcDbEntity
  8
Defpoints
100
AcDbPoint
 10
-45235.64991861482
 20
56437.32624568071
 30
0.0
  0
POINT
  5
23A
330
22E
100
AcDbEntity
  8
Defpoints
100
AcDbPoint
 10
-45235.64991861482
 20
56437.04504609885
 30
0.0
  0
POINT
  5
23B
330
22E
100
AcDbEntity
  8
Defpoints
100
AcDbPoint
 10
-45230.07991861482
 20
56437.04504609885
 30
0.0
  0
ENDBLK
  5
230
330
22E
100
AcDbEntity
  8
0
100
AcDbBlockEnd
  0
BLOCK
  5
23E
330
23D
100
AcDbEntity
  8
0
100
AcDbBlockBegin
  2
*D34
 70
1
 10
0.0
 20
0.0
 30
0.0
  3
*D34
  1

  0
LINE
  5
240
330
23D
100
AcDbEntity
  8
0
100
AcDbLine
 10
-45230.07991861482
 20
56437.67004609885
 30
0.0
 11
-45230.07991861482
 21
56437.60669753661
 31
0.0
  0
LINE
  5
241
330
23D
100
AcDbEntity
  8
0
100
AcDbLine
 10
-45224.50991861482
 20
56437.67004609885
 30
0.0
 11
-45224.50991861482
 21
56437.60669753661
 31
0.0
  0
INSERT
  5
242
330
23D
100
AcDbEntity
  8
SUBESTAÇÃO
100
AcDbBlockReference
  2
_CLOSEDFILLED
 10
-45230.07991861482
 20
56437.35669753661
 30
0.0
 41
0.15
 42
0.15
 50
180.0
  0
INSERT
  5
244
330
23D
100
AcDbEntity
  8
SUBESTAÇÃO
100
AcDbBlockReference
  2
_CLOSEDFILLED
 10
-45224.50991861482
 20
56437.35669753661
 30
0.0
 41
0.15
 42
0.15
  0
LINE
  5
246
330
23D
100
AcDbEntity
  8
0
100
AcDbLine
 10
-45229.92991861482
 20
56437.35669753661
 30
0.0
 11
-45224.65991861482
 21
56437.35669753661
 31
0.0
  0
MTEXT
  5
247
330
23D
100
AcDbEntity
  8
SUBESTAÇÃO
100
AcDbMText
 10
-45227.29491861482
 20
56437.531697536615
 30
0.0
 40
0.15
 71
5
  1
5,57m
  7
STANDARD
  0
POINT
  5
248
330
23D
100
AcDbEntity
  8
Defpoints
100
AcDbPoint
 10
-45230.07991861482
 20
56437.35669753661
 30
0.0
  0
POINT
  5
249
330
23D
100
AcDbEntity
  8
Defpoints
100
AcDbPoint
 10
-45230.07991861482
 20
56437.04504609885
 30
0.0
  0
POINT
  5
24A
330
23D
100
AcDbEntity
  8
Defpoints
100
AcDbPoint
 10
-45224.50991861482
 20
56437.04504609885
 30
0.0
  0
ENDBLK
  5
23F
330
23D
100
AcDbEntity
  8
0
100
AcDbBlockEnd
  0
BLOCK
  5
24D
330
24C
100
AcDbEntity
  8
0
100
AcDbBlockBegin
  2
*D35
 70
1
 10
0.0
 20
0.0
 30
0.0
  3
*D35
  1

  0
LINE
  5
24F
330
24C
100
AcDbEntity
  8
0
100
AcDbLine
 10
-45247.4479933539
 20
56427.76929780402
 30
0.0
 11
-45247.4479933539
 21
56427.7030767821
 31
0.0
  0
LINE
  5
250
330
24C
100
AcDbEntity
  8
0
100
AcDbLine
 10
-45245.9679933539
 20
56427.76929780402
 30
0.0
 11
-45245.9679933539
 21
56427.7030767821
 31
0.0
  0
INSERT
  5
251
330
24C
100
AcDbEntity
  8
SUBESTAÇÃO
100
AcDbBlockReference
  2
_CLOSEDFILLED
 10
-45247.4479933539
 20
56427.4530767821
 30
0.0
 41
0.15
 42
0.15
 50
180.0
  0
INSERT
  5
253
330
24C
100
AcDbEntity
  8
SUBESTAÇÃO
100
AcDbBlockReference
  2
_CLOSEDFILLED
 10
-45245.9679933539
 20
56427.4530767821
 30
0.0
 41
0.15
 42
0.15
  0
LINE
  5
255
330
24C
100
AcDbEntity
  8
0
100
AcDbLine
 10
-45247.297993353895
 20
56427.4530767821
 30
0.0
 11
-45246.1179933539
 21
56427.4530767821
 31
0.0
  0
MTEXT
  5
256
330
24C
100
AcDbEntity
  8
SUBESTAÇÃO
100
AcDbMText
 10
-45246.7079933539
 20
56427.6280767821
 30
0.0
 40
0.15
 71
5
  1
1,48m
  7
STANDARD
  0
POINT
  5
257
330
24C
100
AcDbEntity
  8
Defpoints
100
AcDbPoint
 10
-45247.4479933539
 20
56427.4530767821
 30
0.0
  0
POINT
  5
258
330
24C
100
AcDbEntity
  8
Defpoints
100
AcDbPoint
 10
-45247.4479933539
 20
56427.14429780402
 30
0.0
  0
POINT
  5
259
330
24C
100
AcDbEntity
  8
Defpoints
100
AcDbPoint
 10
-45245.9679933539
 20
56427.14429780402
 30
0.0
  0
ENDBLK
  5
24E
330
24C
100
AcDbEntity
  8
0
100
AcDbBlockEnd
  0
BLOCK
  5
25C
330
25B
100
AcDbEntity
  8
0
100
AcDbBlockBegin
  2
*D36
 70
1
 10
0.0
 20
0.0
 30
0.0
  3
*D36
  1

  0
LINE
  5
25E
330
25B
100
AcDbEntity
  8
0
100
AcDbLine
 10
-45241.55367818438
 20
56427.76929780538
 30
0.0
 11
-45241.55367818438
 21
56428.09532977612
 31
0.0
  0
LINE
  5
25F
330
25B
100
AcDbEntity
  8
0
100
AcDbLine
 10
-45243.03367818438
 20
56427.76929780505
 30
0.0
 11
-45243.03367818438
 21
56428.09532977612
 31
0.0
  0
INSERT
  5
260
330
25B
100
AcDbEntity
  8
SUBESTAÇÃO
100
AcDbBlockReference
  2
_CLOSEDFILLED
 10
-45241.55367818438
 20
56427.84532977612
 30
0.0
 41
0.15
 42
0.15
 50
180.0
  0
INSERT
  5
262
330
25B
100
AcDbEntity
  8
SUBESTAÇÃO
100
AcDbBlockReference
  2
_CLOSEDFILLED
 10
-45243.03367818438
 20
56427.84532977612
 30
0.0
 41
0.15
 42
0.15
  0
LINE
  5
264
330
25B
100
AcDbEntity
  8
0
100
AcDbLine
 10
-45241.403678184375
 20
56427.84532977612
 30
0.0
 11
-45243.18367818438
 21
56427.84532977612
 31
0.0
  0
MTEXT
  5
265
330
25B
100
AcDbEntity
  8
SUBESTAÇÃO
100
AcDbMText
 10
-45242.293678184375
 20
56427.67032977612
 30
0.0
 40
0.15
 71
5
  1
1,48m
  7
STANDARD
  0
POINT
  5
266
330
25B
100
AcDbEntity
  8
Defpoints
100
AcDbPoint
 10
-45241.55367818438
 20
56427.84532977612
 30
0.0
  0
POINT
  5
267
330
25B
100
AcDbEntity
  8
Defpoints
100
AcDbPoint
 10
-45241.55367818438
 20
56427.14429780538
 30
0.0
  0
POINT
  5
268
330
25B
100
AcDbEntity
  8
Defpoints
100
AcDbPoint
 10
-45243.03367818438
 20
56427.14429780505
 30
0.0
  0
ENDBLK
  5
25D
330
25B
100
AcDbEntity
  8
0
100
AcDbBlockEnd
  0
BLOCK
  5
26B
330
26A
100
AcDbEntity
  8
0
100
AcDbBlockBegin
  2
*D37
 70
1
 10
0.0
 20
0.0
 30
0.0
  3
*D37
  1

  0
LINE
  5
26D
330
26A
100
AcDbEntity
  8
0
100
AcDbLine
 10
-45248.07299335092
 20
56417.92953869701
 30
0.0
 11
-45247.84799335106
 21
56417.92953869701
 31
0.0
  0
LINE
  5
26E
330
26A
100
AcDbEntity
  8
0
100
AcDbLine
 10
-45248.07299335142
 20
56419.459538697
 30
0.0
 11
-45247.84799335106
 21
56419.459538697
 31
0.0
  0
INSERT
  5
26F
330
26A
100
AcDbEntity
  8
SUBESTAÇÃO
100
AcDbBlockReference
  2
_CLOSEDFILLED
 10
-45247.59799335106
 20
56417.92953869701
 30
0.0
 41
0.15
 42
0.15
 50
270.0
  0
INSERT
  5
271
330
26A
100
AcDbEntity
  8
SUBESTAÇÃO
100
AcDbBlockReference
  2
_CLOSEDFILLED
 10
-45247.59799335106
 20
56419.459538697
 30
0.0
 41
0.15
 42
0.15
 50
90.0
  0
LINE
  5
273
330
26A
100
AcDbEntity
  8
0
100
AcDbLine
 10
-45247.59799335106
 20
56418.07953869701
 30
0.0
 11
-45247.59799335106
 21
56419.309538697
 31
0.0
  0
MTEXT
  5
274
330
26A
100
AcDbEntity
  8
SUBESTAÇÃO
100
AcDbMText
 10
-45247.77299335106
 20
56418.694538697004
 30
0.0
 40
0.15
 71
5
  1
1,53m
  7
STANDARD
 50
90.0
  0
POINT
  5
275
330
26A
100
AcDbEntity
  8
Defpoints
100
AcDbPoint
 10
-45247.59799335106
 20
56417.92953869701
 30
0.0
  0
POINT
  5
276
330
26A
100
AcDbEntity
  8
Defpoints
100
AcDbPoint
 10
-45247.44799335092
 20
56417.92953869701
 30
0.0
  0
POINT
  5
277
330
26A
100
AcDbEntity
  8
Defpoints
100
AcDbPoint
 10
-45247.44799335142
 20
56419.459538697
 30
0.0
  0
ENDBLK
  5
26C
330
26A
100
AcDbEntity
  8
0
100
AcDbBlockEnd
  0
BLOCK
  5
27A
330
279
100
AcDbEntity
  8
0
100
AcDbBlockBegin
  2
*D38
 70
1
 10
0.0
 20
0.0
 30
0.0
  3
*D38
  1

  0
LINE
  5
27C
330
279
100
AcDbEntity
  8
0
100
AcDbLine
 10
-45248.0729933539
 20
56427.14429780399
 30
0.0
 11
-45247.7237456824
 21
56427.14429780399
 31
0.0
  0
LINE
  5
27D
330
279
100
AcDbEntity
  8
0
100
AcDbLine
 10
-45248.0729933534
 20
56425.61429780399
 30
0.0
 11
-45247.7237456824
 21
56425.61429780399
 31
0.0
  0
INSERT
  5
27E
330
279
100
AcDbEntity
  8
SUBESTAÇÃO
100
AcDbBlockReference
  2
_CLOSEDFILLED
 10
-45247.4737456824
 20
56427.14429780399
 30
0.0
 41
0.15
 42
0.15
 50
270.0
  0
INSERT
  5
280
330
279
100
AcDbEntity
  8
SUBESTAÇÃO
100
AcDbBlockReference
  2
_CLOSEDFILLED
 10
-45247.4737456824
 20
56425.61429780399
 30
0.0
 41
0.15
 42
0.15
 50
90.0
  0
LINE
  5
282
330
279
100
AcDbEntity
  8
0
100
AcDbLine
 10
-45247.4737456824
 20
56427.294297803994
 30
0.0
 11
-45247.4737456824
 21
56425.46429780399
 31
0.0
  0
MTEXT
  5
283
330
279
100
AcDbEntity
  8
SUBESTAÇÃO
100
AcDbMText
 10
-45247.2987456824
 20
56426.37929780399
 30
0.0
 40
0.15
 71
5
  1
1,53m
  7
STANDARD
 50
90.0
  0
POINT
  5
284
330
279
100
AcDbEntity
  8
Defpoints
100
AcDbPoint
 10
-45247.4737456824
 20
56427.14429780399
 30
0.0
  0
POINT
  5
285
330
279
100
AcDbEntity
  8
Defpoints
100
AcDbPoint
 10
-45247.4479933539
 20
56427.14429780399
 30
0.0
  0
POINT
  5
286
330
279
100
AcDbEntity
  8
Defpoints
100
AcDbPoint
 10
-45247.4479933534
 20
56425.61429780399
 30
0.0
  0
ENDBLK
  5
27B
330
279
100
AcDbEntity
  8
0
100
AcDbBlockEnd
  0
BLOCK
  5
289
330
288
100
AcDbEntity
  8
0
100
AcDbBlockBegin
  2
*D39
 70
1
 10
0.0
 20
0.0
 30
0.0
  3
*D39
  1

  0
LINE
  5
28B
330
288
100
AcDbEntity
  8
0
100
AcDbLine
 10
-45245.9679933539
 20
56427.76929780436
 30
0.0
 11
-45245.9679933539
 21
56427.73546016313
 31
0.0
  0
LINE
  5
28C
330
288
100
AcDbEntity
  8
0
100
AcDbLine
 10
-45243.0179933539
 20
56427.76929780508
 30
0.0
 11
-45243.0179933539
 21
56427.73546016313
 31
0.0
  0
INSERT
  5
28D
330
288
100
AcDbEntity
  8
SUBESTAÇÃO
100
AcDbBlockReference
  2
_CLOSEDFILLED
 10
-45245.9679933539
 20
56427.48546016313
 30
0.0
 41
0.15
 42
0.15
 50
180.0
  0
INSERT
  5
28F
330
288
100
AcDbEntity
  8
SUBESTAÇÃO
100
AcDbBlockReference
  2
_CLOSEDFILLED
 10
-45243.0179933539
 20
56427.48546016313
 30
0.0
 41
0.15
 42
0.15
  0
LINE
  5
291
330
288
100
AcDbEntity
  8
0
100
AcDbLine
 10
-45245.8179933539
 20
56427.48546016313
 30
0.0
 11
-45243.1679933539
 21
56427.48546016313
 31
0.0
  0
MTEXT
  5
292
330
288
100
AcDbEntity
  8
SUBESTAÇÃO
100
AcDbMText
 10
-45244.492993353895
 20
56427.66046016313
 30
0.0
 40
0.15
 71
5
  1
2,95m
  7
STANDARD
  0
POINT
  5
293
330
288
100
AcDbEntity
  8
Defpoints
100
AcDbPoint
 10
-45245.9679933539
 20
56427.48546016313
 30
0.0
  0
POINT
  5
294
330
288
100
AcDbEntity
  8
Defpoints
100
AcDbPoint
 10
-45245.9679933539
 20
56427.14429780436
 30
0.0
  0
POINT
  5
295
330
288
100
AcDbEntity
  8
Defpoints
100
AcDbPoint
 10
-45243.0179933539
 20
56427.14429780508
 30
0.0
  0
ENDBLK
  5
28A
330
288
100
AcDbEntity
  8
0
100
AcDbBlockEnd
  0
BLOCK
  5
298
330
297
100
AcDbEntity
  8
0
100
AcDbBlockBegin
  2
*D40
 70
1
 10
0.0
 20
0.0
 30
0.0
  3
*D40
  1

  0
LINE
  5
29A
330
297
100
AcDbEntity
  8
0
100
AcDbLine
 10
-45248.0987456824
 20
56425.61429780402
 30
0.0
 11
-45247.84799292757
 21
56425.61429780402
 31
0.0
  0
LINE
  5
29B
330
297
100
AcDbEntity
  8
0
100
AcDbLine
 10
-45247.99467625408
 20
56422.54606222733
 30
0.0
 11
-45247.84799292757
 21
56422.54606222733
 31
0.0
  0
INSERT
  5
29C
330
297
100
AcDbEntity
  8
SUBESTAÇÃO
100
AcDbBlockReference
  2
_CLOSEDFILLED
 10
-45247.59799292757
 20
56425.61429780402
 30
0.0
 41
0.15
 42
0.15
 50
270.0
  0
INSERT
  5
29E
330
297
100
AcDbEntity
  8
SUBESTAÇÃO
100
AcDbBlockReference
  2
_CLOSEDFILLED
 10
-45247.59799292757
 20
56422.54606222733
 30
0.0
 41
0.15
 42
0.15
 50
90.0
  0
LINE
  5
2A0
330
297
100
AcDbEntity
  8
0
100
AcDbLine
 10
-45247.59799292757
 20
56425.764297804024
 30
0.0
 11
-45247.59799292757
 21
56422.39606222733
 31
0.0
  0
MTEXT
  5
2A1
330
297
100
AcDbEntity
  8
SUBESTAÇÃO
100
AcDbMText
 10
-45247.42299292757
 20
56424.08018001568
 30
0.0
 40
0.15
 71
5
  1
3,07m
  7
STANDARD
 50
90.0
  0
POINT
  5
2A2
330
297
100
AcDbEntity
  8
Defpoints
100
AcDbPoint
 10
-45247.59799292757
 20
56425.61429780402
 30
0.0
  0
POINT
  5
2A3
330
297
100
AcDbEntity
  8
Defpoints
100
AcDbPoint
 10
-45247.4737456824
 20
56425.61429780402
 30
0.0
  0
POINT
  5
2A4
330
297
100
AcDbEntity
  8
Defpoints
100
AcDbPoint
 10
-45247.36967625408
 20
56422.54606222733
 30
0.0
  0
ENDBLK
  5
299
330
297
100
AcDbEntity
  8
0
100
AcDbBlockEnd
  0
BLOCK
  5
2A7
330
2A6
100
AcDbEntity
  8
0
100
AcDbBlockBegin
  2
*D41
 70
1
 10
0.0
 20
0.0
 30
0.0
  3
*D41
  1

  0
LINE
  5
2A9
330
2A6
100
AcDbEntity
  8
0
100
AcDbLine
 10
-45247.99467625409
 20
56422.54606222736
 30
0.0
 11
-45247.84799335106
 21
56422.54606222736
 31
0.0
  0
LINE
  5
2AA
330
2A6
100
AcDbEntity
  8
0
100
AcDbLine
 10
-45247.04535202996
 20
56419.49082179856
 30
0.0
 11
-45247.34799335106
 21
56419.49082179856
 31
0.0
  0
INSERT
  5
2AB
330
2A6
100
AcDbEntity
  8
SUBESTAÇÃO
100
AcDbBlockReference
  2
_CLOSEDFILLED
 10
-45247.59799335106
 20
56422.54606222736
 30
0.0
 41
0.15
 42
0.15
 50
270.0
  0
INSERT
  5
2AD
330
2A6
100
AcDbEntity
  8
SUBESTAÇÃO
100
AcDbBlockReference
  2
_CLOSEDFILLED
 10
-45247.59799335106
 20
56419.49082179856
 30
0.0
 41
0.15
 42
0.15
 50
90.0
  0
LINE
  5
2AF
330
2A6
100
AcDbEntity
  8
0
100
AcDbLine
 10
-45247.59799335106
 20
56422.69606222736
 30
0.0
 11
-45247.59799335106
 21
56419.340821798556
 31
0.0
  0
MTEXT
  5
2B0
330
2A6
100
AcDbEntity
  8
SUBESTAÇÃO
100
AcDbMText
 10
-45247.42299335106
 20
56421.01844201296
 30
0.0
 40
0.15
 71
5
  1
3,06m
  7
STANDARD
 50
90.0
  0
POINT
  5
2B1
330
2A6
100
AcDbEntity
  8
Defpoints
100
AcDbPoint
 10
-45247.59799335106
 20
56422.54606222736
 30
0.0
  0
POINT
  5
2B2
330
2A6
100
AcDbEntity
  8
Defpoints
100
AcDbPoint
 10
-45247.36967625409
 20
56422.54606222736
 30
0.0
  0
POINT
  5
2B3
330
2A6
100
AcDbEntity
  8
Defpoints
100
AcDbPoint
 10
-45247.67035202996
 20
56419.49082179856
 30
0.0
  0
ENDBLK
  5
2A8
330
2A6
100
AcDbEntity
  8
0
100
AcDbBlockEnd
  0
BLOCK
  5
2B6
330
2B5
100
AcDbEntity
  8
0
100
AcDbBlockBegin
  2
*D42
 70
1
 10
0.0
 20
0.0
 30
0.0
  3
*D42
  1

  0
LINE
  5
2B8
330
2B5
100
AcDbEntity
  8
0
100
AcDbLine
 10
-45241.40367817849
 20
56426.29124731286
 30
0.0
 11
-45241.40367817849
 21
56426.05196732533
 31
0.0
  0
LINE
  5
2B9
330
2B5
100
AcDbEntity
  8
0
100
AcDbLine
 10
-45240.48458010589
 20
56426.25051976749
 30
0.0
 11
-45240.48458010589
 21
56426.05196732533
 31
0.0
  0
INSERT
  5
2BA
330
2B5
100
AcDbEntity
  8
SUBESTAÇÃO
100
AcDbBlockReference
  2
_CLOSEDFILLED
 10
-45241.40367817849
 20
56425.80196732533
 30
0.0
 41
0.15
 42
0.15
 50
180.0
  0
INSERT
  5
2BC
330
2B5
100
AcDbEntity
  8
SUBESTAÇÃO
100
AcDbBlockReference
  2
_CLOSEDFILLED
 10
-45240.48458010589
 20
56425.80196732533
 30
0.0
 41
0.15
 42
0.15
  0
LINE
  5
2BE
330
2B5
100
AcDbEntity
  8
0
100
AcDbLine
 10
-45241.25367817849
 20
56425.80196732533
 30
0.0
 11
-45240.63458010589
 21
56425.80196732533
 31
0.0
  0
MTEXT
  5
2BF
330
2B5
100
AcDbEntity
  8
SUBESTAÇÃO
100
AcDbMText
 10
-45240.94412914219
 20
56425.97696732533
 30
0.0
 40
0.15
 71
5
  1
0,92m
  7
STANDARD
  0
POINT
  5
2C0
330
2B5
100
AcDbEntity
  8
Defpoints
100
AcDbPoint
 10
-45241.40367817849
 20
56425.80196732533
 30
0.0
  0
POINT
  5
2C1
330
2B5
100
AcDbEntity
  8
Defpoints
100
AcDbPoint
 10
-45241.40367817849
 20
56425.66624731286
 30
0.0
  0
POINT
  5
2C2
330
2B5
100
AcDbEntity
  8
Defpoints
100
AcDbPoint
 10
-45240.48458010589
 20
56425.62551976749
 30
0.0
  0
ENDBLK
  5
2B7
330
2B5
100
AcDbEntity
  8
0
100
AcDbBlockEnd
  0
BLOCK
  5
2C5
330
2C4
100
AcDbEntity
  8
0
100
AcDbBlockBegin
  2
*D43
 70
1
 10
0.0
 20
0.0
 30
0.0
  3
*D43
  1

  0
LINE
  5
2C7
330
2C4
100
AcDbEntity
  8
0
100
AcDbLine
 10
-45236.10079790095
 20
56426.27696733141
 30
0.0
 11
-45236.10079790095
 21
56426.0519673258
 31
0.0
  0
LINE
  5
2C8
330
2C4
100
AcDbEntity
  8
0
100
AcDbLine
 10
-45237.02079790094
 20
56426.27696733033
 30
0.0
 11
-45237.02079790094
 21
56426.0519673258
 31
0.0
  0
INSERT
  5
2C9
330
2C4
100
AcDbEntity
  8
SUBESTAÇÃO
100
AcDbBlockReference
  2
_CLOSEDFILLED
 10
-45236.10079790095
 20
56425.8019673258
 30
0.0
 41
0.15
 42
0.15
 50
180.0
  0
INSERT
  5
2CB
330
2C4
100
AcDbEntity
  8
SUBESTAÇÃO
100
AcDbBlockReference
  2
_CLOSEDFILLED
 10
-45237.02079790094
 20
56425.8019673258
 30
0.0
 41
0.15
 42
0.15
  0
LINE
  5
2CD
330
2C4
100
AcDbEntity
  8
0
100
AcDbLine
 10
-45235.95079790095
 20
56425.8019673258
 30
0.0
 11
-45237.170797900944
 21
56425.8019673258
 31
0.0
  0
MTEXT
  5
2CE
330
2C4
100
AcDbEntity
  8
SUBESTAÇÃO
100
AcDbMText
 10
-45236.56079790095
 20
56425.6269673258
 30
0.0
 40
0.15
 71
5
  1
0,92m
  7
STANDARD
  0
POINT
  5
2CF
330
2C4
100
AcDbEntity
  8
Defpoints
100
AcDbPoint
 10
-45236.10079790095
 20
56425.8019673258
 30
0.0
  0
POINT
  5
2D0
330
2C4
100
AcDbEntity
  8
Defpoints
100
AcDbPoint
 10
-45236.10079790095
 20
56425.65196733141
 30
0.0
  0
POINT
  5
2D1
330
2C4
100
AcDbEntity
  8
Defpoints
100
AcDbPoint
 10
-45237.02079790094
 20
56425.65196733033
 30
0.0
  0
ENDBLK
  5
2C6
330
2C4
100
AcDbEntity
  8
0
100
AcDbBlockEnd
  0
BLOCK
  5
2D4
330
2D3
100
AcDbEntity
  8
0
100
AcDbBlockBegin
  2
*D44
 70
1
 10
0.0
 20
0.0
 30
0.0
  3
*D44
  1

  0
LINE
  5
2D6
330
2D3
100
AcDbEntity
  8
0
100
AcDbLine
 10
-45242.02867817849
 20
56417.92953869701
 30
0.0
 11
-45241.6536781785
 21
56417.92953869701
 31
0.0
  0
LINE
  5
2D7
330
2D3
100
AcDbEntity
  8
0
100
AcDbLine
 10
-45242.02867817849
 20
56419.209538697
 30
0.0
 11
-45241.6536781785
 21
56419.209538697
 31
0.0
  0
INSERT
  5
2D8
330
2D3
100
AcDbEntity
  8
SUBESTAÇÃO
100
AcDbBlockReference
  2
_CLOSEDFILLED
 10
-45241.4036781785
 20
56417.92953869701
 30
0.0
 41
0.15
 42
0.15
 50
270.0
  0
INSERT
  5
2DA
330
2D3
100
AcDbEntity
  8
SUBESTAÇÃO
100
AcDbBlockReference
  2
_CLOSEDFILLED
 10
-45241.4036781785
 20
56419.209538697
 30
0.0
 41
0.15
 42
0.15
 50
90.0
  0
LINE
  5
2DC
330
2D3
100
AcDbEntity
  8
0
100
AcDbLine
 10
-45241.4036781785
 20
56418.07953869701
 30
0.0
 11
-45241.4036781785
 21
56419.059538697
 31
0.0
  0
MTEXT
  5
2DD
330
2D3
100
AcDbEntity
  8
SUBESTAÇÃO
100
AcDbMText
 10
-45241.57867817851
 20
56418.569538697004
 30
0.0
 40
0.15
 71
5
  1
1,28m
  7
STANDARD
 50
90.0
  0
POINT
  5
2DE
330
2D3
100
AcDbEntity
  8
Defpoints
100
AcDbPoint
 10
-45241.4036781785
 20
56417.92953869701
 30
0.0
  0
POINT
  5
2DF
330
2D3
100
AcDbEntity
  8
Defpoints
100
AcDbPoint
 10
-45241.40367817849
 20
56417.92953869701
 30
0.0
  0
POINT
  5
2E0
330
2D3
100
AcDbEntity
  8
Defpoints
100
AcDbPoint
 10
-45241.40367817849
 20
56419.209538697
 30
0.0
  0
ENDBLK
  5
2D5
330
2D3
100
AcDbEntity
  8
0
100
AcDbBlockEnd
  0
BLOCK
  5
2E3
330
2E2
100
AcDbEntity
  8
0
100
AcDbBlockBegin
  2
*D45
 70
1
 10
0.0
 20
0.0
 30
0.0
  3
*D45
  1

  0
LINE
  5
2E5
330
2E2
100
AcDbEntity
  8
0
100
AcDbLine
 10
-45239.71250590496
 20
56426.27696732721
 30
0.0
 11
-45239.71250590496
 21
56426.88880882309
 31
0.0
  0
LINE
  5
2E6
330
2E2
100
AcDbEntity
  8
0
100
AcDbLine
 10
-45237.88250590495
 20
56426.27696732721
 30
0.0
 11
-45237.88250590495
 21
56426.88880882309
 31
0.0
  0
INSERT
  5
2E7
330
2E2
100
AcDbEntity
  8
SUBESTAÇÃO
100
AcDbBlockReference
  2
_CLOSEDFILLED
 10
-45239.71250590496
 20
56426.63880882309
 30
0.0
 41
0.15
 42
0.15
 50
180.0
  0
INSERT
  5
2E9
330
2E2
100
AcDbEntity
  8
SUBESTAÇÃO
100
AcDbBlockReference
  2
_CLOSEDFILLED
 10
-45237.88250590495
 20
56426.63880882309
 30
0.0
 41
0.15
 42
0.15
  0
LINE
  5
2EB
330
2E2
100
AcDbEntity
  8
0
100
AcDbLine
 10
-45239.562505904956
 20
56426.63880882309
 30
0.0
 11
-45238.03250590495
 21
56426.63880882309
 31
0.0
  0
MTEXT
  5
2EC
330
2E2
100
AcDbEntity
  8
SUBESTAÇÃO
100
AcDbMText
 10
-45238.79750590495
 20
56426.81380882309
 30
0.0
 40
0.15
 71
5
  1
1,83m
  7
STANDARD
  0
POINT
  5
2ED
330
2E2
100
AcDbEntity
  8
Defpoints
100
AcDbPoint
 10
-45239.71250590496
 20
56426.63880882309
 30
0.0
  0
POINT
  5
2EE
330
2E2
100
AcDbEntity
  8
Defpoints
100
AcDbPoint
 10
-45239.71250590496
 20
56425.65196732721
 30
0.0
  0
POINT
  5
2EF
330
2E2
100
AcDbEntity
  8
Defpoints
100
AcDbPoint
 10
-45237.88250590495
 20
56425.65196732721
 30
0.0
  0
ENDBLK
  5
2E4
330
2E2
100
AcDbEntity
  8
0
100
AcDbBlockEnd
  0
BLOCK
  5
2F2
330
2F1
100
AcDbEntity
  8
0
100
AcDbBlockBegin
  2
*D46
 70
1
 10
0.0
 20
0.0
 30
0.0
  3
*D46
  1

  0
LINE
  5
2F4
330
2F1
100
AcDbEntity
  8
0
100
AcDbLine
 10
-45242.02867817849
 20
56425.65196732524
 30
0.0
 11
-45241.7286781785
 21
56425.65196732524
 31
0.0
  0
LINE
  5
2F5
330
2F1
100
AcDbEntity
  8
0
100
AcDbLine
 10
-45242.02867812595
 20
56424.37196732524
 30
0.0
 11
-45241.7286781785
 21
56424.37196732524
 31
0.0
  0
INSERT
  5
2F6
330
2F1
100
AcDbEntity
  8
SUBESTAÇÃO
100
AcDbBlockReference
  2
_CLOSEDFILLED
 10
-45241.4786781785
 20
56425.65196732524
 30
0.0
 41
0.15
 42
0.15
 50
270.0
  0
INSERT
  5
2F8
330
2F1
100
AcDbEntity
  8
SUBESTAÇÃO
100
AcDbBlockReference
  2
_CLOSEDFILLED
 10
-45241.4786781785
 20
56424.37196732524
 30
0.0
 41
0.15
 42
0.15
 50
90.0
  0
LINE
  5
2FA
330
2F1
100
AcDbEntity
  8
0
100
AcDbLine
 10
-45241.4786781785
 20
56425.80196732524
 30
0.0
 11
-45241.4786781785
 21
56424.22196732524
 31
0.0
  0
MTEXT
  5
2FB
330
2F1
100
AcDbEntity
  8
SUBESTAÇÃO
100
AcDbMText
 10
-45241.3036781785
 20
56425.01196732524
 30
0.0
 40
0.15
 71
5
  1
1,28m
  7
STANDARD
 50
90.0
  0
POINT
  5
2FC
330
2F1
100
AcDbEntity
  8
Defpoints
100
AcDbPoint
 10
-45241.4786781785
 20
56425.65196732524
 30
0.0
  0
POINT
  5
2FD
330
2F1
100
AcDbEntity
  8
Defpoints
100
AcDbPoint
 10
-45241.40367817849
 20
56425.65196732524
 30
0.0
  0
POINT
  5
2FE
330
2F1
100
AcDbEntity
  8
Defpoints
100
AcDbPoint
 10
-45241.40367812595
 20
56424.37196732524
 30
0.0
  0
ENDBLK
  5
2F3
330
2F1
100
AcDbEntity
  8
0
100
AcDbBlockEnd
  0
BLOCK
  5
301
330
300
100
AcDbEntity
  8
0
100
AcDbBlockBegin
  2
*D47
 70
1
 10
0.0
 20
0.0
 30
0.0
  3
*D47
  1

  0
LINE
  5
303
330
300
100
AcDbEntity
  8
0
100
AcDbLine
 10
-45242.02867812597
 20
56424.37196732527
 30
0.0
 11
-45241.8036781785
 21
56424.37196732527
 31
0.0
  0
LINE
  5
304
330
300
100
AcDbEntity
  8
0
100
AcDbLine
 10
-45242.02867825063
 20
56421.80196732527
 30
0.0
 11
-45241.8036781785
 21
56421.80196732527
 31
0.0
  0
INSERT
  5
305
330
300
100
AcDbEntity
  8
SUBESTAÇÃO
100
AcDbBlockReference
  2
_CLOSEDFILLED
 10
-45241.5536781785
 20
56424.37196732527
 30
0.0
 41
0.15
 42
0.15
 50
270.0
  0
INSERT
  5
307
330
300
100
AcDbEntity
  8
SUBESTAÇÃO
100
AcDbBlockReference
  2
_CLOSEDFILLED
 10
-45241.5536781785
 20
56421.80196732527
 30
0.0
 41
0.15
 42
0.15
 50
90.0
  0
LINE
  5
309
330
300
100
AcDbEntity
  8
0
100
AcDbLine
 10
-45241.5536781785
 20
56424.52196732527
 30
0.0
 11
-45241.5536781785
 21
56421.65196732527
 31
0.0
  0
MTEXT
  5
30A
330
300
100
AcDbEntity
  8
SUBESTAÇÃO
100
AcDbMText
 10
-45241.378678178495
 20
56423.086967325275
 30
0.0
 40
0.15
 71
5
  1
2,57m
  7
STANDARD
 50
90.0
  0
POINT
  5
30B
330
300
100
AcDbEntity
  8
Defpoints
100
AcDbPoint
 10
-45241.5536781785
 20
56424.37196732527
 30
0.0
  0
POINT
  5
30C
330
300
100
AcDbEntity
  8
Defpoints
100
AcDbPoint
 10
-45241.40367812597
 20
56424.37196732527
 30
0.0
  0
POINT
  5
30D
330
300
100
AcDbEntity
  8
Defpoints
100
AcDbPoint
 10
-45241.40367825063
 20
56421.80196732527
 30
0.0
  0
ENDBLK
  5
302
330
300
100
AcDbEntity
  8
0
100
AcDbBlockEnd
  0
BLOCK
  5
310
330
30F
100
AcDbEntity
  8
0
100
AcDbBlockBegin
  2
*D48
 70
1
 10
0.0
 20
0.0
 30
0.0
  3
*D48
  1

  0
LINE
  5
312
330
30F
100
AcDbEntity
  8
0
100
AcDbLine
 10
-45240.77867825065
 20
56421.8019673253
 30
0.0
 11
-45241.1536781785
 21
56421.8019673253
 31
0.0
  0
LINE
  5
313
330
30F
100
AcDbEntity
  8
0
100
AcDbLine
 10
-45240.77867825065
 20
56419.2319673253
 30
0.0
 11
-45241.1536781785
 21
56419.2319673253
 31
0.0
  0
INSERT
  5
314
330
30F
100
AcDbEntity
  8
SUBESTAÇÃO
100
AcDbBlockReference
  2
_CLOSEDFILLED
 10
-45241.4036781785
 20
56421.8019673253
 30
0.0
 41
0.15
 42
0.15
 50
270.0
  0
INSERT
  5
316
330
30F
100
AcDbEntity
  8
SUBESTAÇÃO
100
AcDbBlockReference
  2
_CLOSEDFILLED
 10
-45241.4036781785
 20
56419.2319673253
 30
0.0
 41
0.15
 42
0.15
 50
90.0
  0
LINE
  5
318
330
30F
100
AcDbEntity
  8
0
100
AcDbLine
 10
-45241.4036781785
 20
56421.9519673253
 30
0.0
 11
-45241.4036781785
 21
56419.0819673253
 31
0.0
  0
MTEXT
  5
319
330
30F
100
AcDbEntity
  8
SUBESTAÇÃO
100
AcDbMText
 10
-45241.2286781785
 20
56420.5169673253
 30
0.0
 40
0.15
 71
5
  1
2,57m
  7
STANDARD
 50
90.0
  0
POINT
  5
31A
330
30F
100
AcDbEntity
  8
Defpoints
100
AcDbPoint
 10
-45241.4036781785
 20
56421.8019673253
 30
0.0
  0
POINT
  5
31B
330
30F
100
AcDbEntity
  8
Defpoints
100
AcDbPoint
 10
-45241.40367825065
 20
56421.8019673253
 30
0.0
  0
POINT
  5
31C
330
30F
100
AcDbEntity
  8
Defpoints
100
AcDbPoint
 10
-45241.40367825065
 20
56419.2319673253
 30
0.0
  0
ENDBLK
  5
311
330
30F
100
AcDbEntity
  8
0
100
AcDbBlockEnd
  0
BLOCK
  5
31F
330
31E
100
AcDbEntity
  8
0
100
AcDbBlockBegin
  2
*D49
 70
1
 10
0.0
 20
0.0
 30
0.0
  3
*D49
  1

  0
LINE
  5
321
330
31E
100
AcDbEntity
  8
0
100
AcDbLine
 10
-45236.57579790103
 20
56421.92953869699
 30
0.0
 11
-45236.54070569209
 21
56421.92953869699
 31
0.0
  0
LINE
  5
322
330
31E
100
AcDbEntity
  8
0
100
AcDbLine
 10
-45236.57579790103
 20
56420.92953869699
 30
0.0
 11
-45236.54070569209
 21
56420.92953869699
 31
0.0
  0
INSERT
  5
323
330
31E
100
AcDbEntity
  8
SUBESTAÇÃO
100
AcDbBlockReference
  2
_CLOSEDFILLED
 10
-45236.29070569209
 20
56421.92953869699
 30
0.0
 41
0.15
 42
0.15
 50
270.0
  0
INSERT
  5
325
330
31E
100
AcDbEntity
  8
SUBESTAÇÃO
100
AcDbBlockReference
  2
_CLOSEDFILLED
 10
-45236.29070569209
 20
56420.92953869699
 30
0.0
 41
0.15
 42
0.15
 50
90.0
  0
LINE
  5
327
330
31E
100
AcDbEntity
  8
0
100
AcDbLine
 10
-45236.29070569209
 20
56422.07953869699
 30
0.0
 11
-45236.29070569209
 21
56420.77953869699
 31
0.0
  0
MTEXT
  5
328
330
31E
100
AcDbEntity
  8
SUBESTAÇÃO
100
AcDbMText
 10
-45236.115705692086
 20
56421.42953869699
 30
0.0
 40
0.15
 71
5
  1
1m
  7
STANDARD
 50
90.0
  0
POINT
  5
329
330
31E
100
AcDbEntity
  8
Defpoints
100
AcDbPoint
 10
-45236.29070569209
 20
56421.92953869699
 30
0.0
  0
POINT
  5
32A
330
31E
100
AcDbEntity
  8
Defpoints
100
AcDbPoint
 10
-45235.95079790103
 20
56421.92953869699
 30
0.0
  0
POINT
  5
32B
330
31E
100
AcDbEntity
  8
Defpoints
100
AcDbPoint
 10
-45235.95079790103
 20
56420.92953869699
 30
0.0
  0
ENDBLK
  5
320
330
31E
100
AcDbEntity
  8
0
100
AcDbBlockEnd
  0
BLOCK
  5
32E
330
32D
100
AcDbEntity
  8
0
100
AcDbBlockBegin
  2
*D50
 70
1
 10
0.0
 20
0.0
 30
0.0
  3
*D50
  1

  0
LINE
  5
330
330
32D
100
AcDbEntity
  8
0
100
AcDbLine
 10
-45236.57579790103
 20
56417.92953869701
 30
0.0
 11
-45236.66896160259
 21
56417.92953869701
 31
0.0
  0
LINE
  5
331
330
32D
100
AcDbEntity
  8
0
100
AcDbLine
 10
-45236.57579790103
 20
56418.929538697
 30
0.0
 11
-45236.66896160259
 21
56418.929538697
 31
0.0
  0
INSERT
  5
332
330
32D
100
AcDbEntity
  8
SUBESTAÇÃO
100
AcDbBlockReference
  2
_CLOSEDFILLED
 10
-45236.41896160259
 20
56417.92953869701
 30
0.0
 41
0.15
 42
0.15
 50
270.0
  0
INSERT
  5
334
330
32D
100
AcDbEntity
  8
SUBESTAÇÃO
100
AcDbBlockReference
  2
_CLOSEDFILLED
 10
-45236.41896160259
 20
56418.929538697
 30
0.0
 41
0.15
 42
0.15
 50
90.0
  0
LINE
  5
336
330
32D
100
AcDbEntity
  8
0
100
AcDbLine
 10
-45236.41896160259
 20
56418.07953869701
 30
0.0
 11
-45236.41896160259
 21
56418.779538696996
 31
0.0
  0
MTEXT
  5
337
330
32D
100
AcDbEntity
  8
SUBESTAÇÃO
100
AcDbMText
 10
-45236.59396160259
 20
56418.429538697004
 30
0.0
 40
0.15
 71
5
  1
1m
  7
STANDARD
 50
90.0
  0
POINT
  5
338
330
32D
100
AcDbEntity
  8
Defpoints
100
AcDbPoint
 10
-45236.41896160259
 20
56417.92953869701
 30
0.0
  0
POINT
  5
339
330
32D
100
AcDbEntity
  8
Defpoints
100
AcDbPoint
 10
-45235.95079790103
 20
56417.92953869701
 30
0.0
  0
POINT
  5
33A
330
32D
100
AcDbEntity
  8
Defpoints
100
AcDbPoint
 10
-45235.95079790103
 20
56418.929538697
 30
0.0
  0
ENDBLK
  5
32F
330
32D
100
AcDbEntity
  8
0
100
AcDbBlockEnd
  0
BLOCK
  5
33D
330
33C
100
AcDbEntity
  8
0
100
AcDbBlockBegin
  2
*D51
 70
1
 10
0.0
 20
0.0
 30
0.0
  3
*D51
  1

  0
LINE
  5
33F
330
33C
100
AcDbEntity
  8
0
100
AcDbLine
 10
-45235.95079790103
 20
56422.55453869699
 30
0.0
 11
-45235.95079790103
 21
56422.17953869699
 31
0.0
  0
LINE
  5
340
330
33C
100
AcDbEntity
  8
0
100
AcDbLine
 10
-45234.75079790103
 20
56422.55453869699
 30
0.0
 11
-45234.75079790103
 21
56422.17953869699
 31
0.0
  0
INSERT
  5
341
330
33C
100
AcDbEntity
  8
SUBESTAÇÃO
100
AcDbBlockReference
  2
_CLOSEDFILLED
 10
-45235.95079790103
 20
56421.92953869699
 30
0.0
 41
0.15
 42
0.15
 50
180.0
  0
INSERT
  5
343
330
33C
100
AcDbEntity
  8
SUBESTAÇÃO
100
AcDbBlockReference
  2
_CLOSEDFILLED
 10
-45234.75079790103
 20
56421.92953869699
 30
0.0
 41
0.15
 42
0.15
  0
LINE
  5
345
330
33C
100
AcDbEntity
  8
0
100
AcDbLine
 10
-45235.80079790103
 20
56421.92953869699
 30
0.0
 11
-45234.900797901035
 21
56421.92953869699
 31
0.0
  0
MTEXT
  5
346
330
33C
100
AcDbEntity
  8
SUBESTAÇÃO
100
AcDbMText
 10
-45235.35079790103
 20
56422.10453869699
 30
0.0
 40
0.15
 71
5
  1
1,2m
  7
STANDARD
  0
POINT
  5
347
330
33C
100
AcDbEntity
  8
Defpoints
100
AcDbPoint
 10
-45235.95079790103
 20
56421.92953869699
 30
0.0
  0
POINT
  5
348
330
33C
100
AcDbEntity
  8
Defpoints
100
AcDbPoint
 10
-45235.95079790103
 20
56421.92953869699
 30
0.0
  0
POINT
  5
349
330
33C
100
AcDbEntity
  8
Defpoints
100
AcDbPoint
 10
-45234.75079790103
 20
56421.92953869699
 30
0.0
  0
ENDBLK
  5
33E
330
33C
100
AcDbEntity
  8
0
100
AcDbBlockEnd
  0
BLOCK
  5
34C
330
34B
100
AcDbEntity
  8
0
100
AcDbBlockBegin
  2
*D52
 70
1
 10
0.0
 20
0.0
 30
0.0
  3
*D52
  1

  0
LINE
  5
34E
330
34B
100
AcDbEntity
  8
0
100
AcDbLine
 10
-45231.16963790671
 20
56421.30453869712
 30
0.0
 11
-45231.16963790671
 21
56421.679538697
 31
0.0
  0
LINE
  5
34F
330
34B
100
AcDbEntity
  8
0
100
AcDbLine
 10
-45232.3696379067
 20
56422.55453869662
 30
0.0
 11
-45232.3696379067
 21
56422.179538697
 31
0.0
  0
INSERT
  5
350
330
34B
100
AcDbEntity
  8
SUBESTAÇÃO
100
AcDbBlockReference
  2
_CLOSEDFILLED
 10
-45231.16963790671
 20
56421.929538697
 30
0.0
 41
0.15
 42
0.15
 50
180.0
  0
INSERT
  5
352
330
34B
100
AcDbEntity
  8
SUBESTAÇÃO
100
AcDbBlockReference
  2
_CLOSEDFILLED
 10
-45232.3696379067
 20
56421.929538697
 30
0.0
 41
0.15
 42
0.15
  0
LINE
  5
354
330
34B
100
AcDbEntity
  8
0
100
AcDbLine
 10
-45231.019637906706
 20
56421.929538697
 30
0.0
 11
-45232.5196379067
 21
56421.929538697
 31
0.0
  0
MTEXT
  5
355
330
34B
100
AcDbEntity
  8
SUBESTAÇÃO
100
AcDbMText
 10
-45231.769637906706
 20
56421.754538696994
 30
0.0
 40
0.15
 71
5
  1
1,2m
  7
STANDARD
  0
POINT
  5
356
330
34B
100
AcDbEntity
  8
Defpoints
100
AcDbPoint
 10
-45231.16963790671
 20
56421.929538697
 30
0.0
  0
POINT
  5
357
330
34B
100
AcDbEntity
  8
Defpoints
100
AcDbPoint
 10
-45231.16963790671
 20
56421.92953869712
 30
0.0
  0
POINT
  5
358
330
34B
100
AcDbEntity
  8
Defpoints
100
AcDbPoint
 10
-45232.3696379067
 20
56421.92953869662
 30
0.0
  0
ENDBLK
  5
34D
330
34B
100
AcDbEntity
  8
0
100
AcDbBlockEnd
  0
BLOCK
  5
35B
330
35A
100
AcDbEntity
  8
0
100
AcDbBlockBegin
  2
*D53
 70
1
 10
0.0
 20
0.0
 30
0.0
  3
*D53
  1

  0
LINE
  5
35D
330
35A
100
AcDbEntity
  8
0
100
AcDbLine
 10
-45236.57579790103
 20
56420.92953869702
 30
0.0
 11
-45236.35079790104
 21
56420.92953869702
 31
0.0
  0
LINE
  5
35E
330
35A
100
AcDbEntity
  8
0
100
AcDbLine
 10
-45236.57579790103
 20
56418.92953869701
 30
0.0
 11
-45236.35079790104
 21
56418.92953869701
 31
0.0
  0
INSERT
  5
35F
330
35A
100
AcDbEntity
  8
SUBESTAÇÃO
100
AcDbBlockReference
  2
_CLOSEDFILLED
 10
-45236.10079790104
 20
56420.92953869702
 30
0.0
 41
0.15
 42
0.15
 50
270.0
  0
INSERT
  5
361
330
35A
100
AcDbEntity
  8
SUBESTAÇÃO
100
AcDbBlockReference
  2
_CLOSEDFILLED
 10
-45236.10079790104
 20
56418.92953869701
 30
0.0
 41
0.15
 42
0.15
 50
90.0
  0
LINE
  5
363
330
35A
100
AcDbEntity
  8
0
100
AcDbLine
 10
-45236.10079790104
 20
56421.07953869702
 30
0.0
 11
-45236.10079790104
 21
56418.77953869701
 31
0.0
  0
MTEXT
  5
364
330
35A
100
AcDbEntity
  8
SUBESTAÇÃO
100
AcDbMText
 10
-45235.925797901036
 20
56419.92953869702
 30
0.0
 40
0.15
 71
5
  1
2m
  7
STANDARD
 50
90.0
  0
POINT
  5
365
330
35A
100
AcDbEntity
  8
Defpoints
100
AcDbPoint
 10
-45236.10079790104
 20
56420.92953869702
 30
0.0
  0
POINT
  5
366
330
35A
100
AcDbEntity
  8
Defpoints
100
AcDbPoint
 10
-45235.95079790103
 20
56420.92953869702
 30
0.0
  0
POINT
  5
367
330
35A
100
AcDbEntity
  8
Defpoints
100
AcDbPoint
 10
-45235.95079790103
 20
56418.92953869701
 30
0.0
  0
ENDBLK
  5
35C
330
35A
100
AcDbEntity
  8
0
100
AcDbBlockEnd
  0
BLOCK
  5
36A
330
369
100
AcDbEntity
  8
0
100
AcDbBlockBegin
  2
*D54
 70
1
 10
0.0
 20
0.0
 30
0.0
  3
*D54
  1

  0
LINE
  5
36C
330
369
100
AcDbEntity
  8
0
100
AcDbLine
 10
-45234.75079790101
 20
56422.55453869699
 30
0.0
 11
-45234.75079790101
 21
56422.17953869701
 31
0.0
  0
LINE
  5
36D
330
369
100
AcDbEntity
  8
0
100
AcDbLine
 10
-45232.35079790102
 20
56422.55453869699
 30
0.0
 11
-45232.35079790102
 21
56422.17953869701
 31
0.0
  0
INSERT
  5
36E
330
369
100
AcDbEntity
  8
SUBESTAÇÃO
100
AcDbBlockReference
  2
_CLOSEDFILLED
 10
-45234.75079790101
 20
56421.92953869701
 30
0.0
 41
0.15
 42
0.15
 50
180.0
  0
INSERT
  5
370
330
369
100
AcDbEntity
  8
SUBESTAÇÃO
100
AcDbBlockReference
  2
_CLOSEDFILLED
 10
-45232.35079790102
 20
56421.92953869701
 30
0.0
 41
0.15
 42
0.15
  0
LINE
  5
372
330
369
100
AcDbEntity
  8
0
100
AcDbLine
 10
-45234.60079790101
 20
56421.92953869701
 30
0.0
 11
-45232.50079790102
 21
56421.92953869701
 31
0.0
  0
MTEXT
  5
373
330
369
100
AcDbEntity
  8
SUBESTAÇÃO
100
AcDbMText
 10
-45233.550797901014
 20
56422.104538697015
 30
0.0
 40
0.15
 71
5
  1
2,4m
  7
STANDARD
  0
POINT
  5
374
330
369
100
AcDbEntity
  8
Defpoints
100
AcDbPoint
 10
-45234.75079790101
 20
56421.92953869701
 30
0.0
  0
POINT
  5
375
330
369
100
AcDbEntity
  8
Defpoints
100
AcDbPoint
 10
-45234.75079790101
 20
56421.92953869699
 30
0.0
  0
POINT
  5
376
330
369
100
AcDbEntity
  8
Defpoints
100
AcDbPoint
 10
-45232.35079790102
 20
56421.92953869699
 30
0.0
  0
ENDBLK
  5
36B
330
369
100
AcDbEntity
  8
0
100
AcDbBlockEnd
  0
BLOCK
  5
379
330
378
100
AcDbEntity
  8
0
100
AcDbBlockBegin
  2
*D55
 70
1
 10
0.0
 20
0.0
 30
0.0
  3
*D55
  1

  0
LINE
  5
37B
330
378
100
AcDbEntity
  8
0
100
AcDbLine
 10
-45235.95079790094
 20
56426.27696733141
 30
0.0
 11
-45235.95079790094
 21
56426.15602476344
 31
0.0
  0
LINE
  5
37C
330
378
100
AcDbEntity
  8
0
100
AcDbLine
 10
-45234.75079790094
 20
56426.27696733141
 30
0.0
 11
-45234.75079790094
 21
56426.15602476344
 31
0.0
  0
INSERT
  5
37D
330
378
100
AcDbEntity
  8
SUBESTAÇÃO
100
AcDbBlockReference
  2
_CLOSEDFILLED
 10
-45235.95079790094
 20
56425.90602476344
 30
0.0
 41
0.15
 42
0.15
 50
180.0
  0
INSERT
  5
37F
330
378
100
AcDbEntity
  8
SUBESTAÇÃO
100
AcDbBlockReference
  2
_CLOSEDFILLED
 10
-45234.75079790094
 20
56425.90602476344
 30
0.0
 41
0.15
 42
0.15
  0
LINE
  5
381
330
378
100
AcDbEntity
  8
0
100
AcDbLine
 10
-45235.80079790094
 20
56425.90602476344
 30
0.0
 11
-45234.90079790094
 21
56425.90602476344
 31
0.0
  0
MTEXT
  5
382
330
378
100
AcDbEntity
  8
SUBESTAÇÃO
100
AcDbMText
 10
-45235.350797900945
 20
56426.08102476344
 30
0.0
 40
0.15
 71
5
  1
1,2m
  7
STANDARD
  0
POINT
  5
383
330
378
100
AcDbEntity
  8
Defpoints
100
AcDbPoint
 10
-45235.95079790094
 20
56425.90602476344
 30
0.0
  0
POINT
  5
384
330
378
100
AcDbEntity
  8
Defpoints
100
AcDbPoint
 10
-45235.95079790094
 20
56425.65196733141
 30
0.0
  0
POINT
  5
385
330
378
100
AcDbEntity
  8
Defpoints
100
AcDbPoint
 10
-45234.75079790094
 20
56425.65196733141
 30
0.0
  0
ENDBLK
  5
37A
330
378
100
AcDbEntity
  8
0
100
AcDbBlockEnd
  0
BLOCK
  5
388
330
387
100
AcDbEntity
  8
0
100
AcDbBlockBegin
  2
*D56
 70
1
 10
0.0
 20
0.0
 30
0.0
  3
*D56
  1

  0
LINE
  5
38A
330
387
100
AcDbEntity
  8
0
100
AcDbLine
 10
-45231.16963790671
 20
56426.27696733142
 30
0.0
 11
-45231.16963790671
 21
56426.16470219072
 31
0.0
  0
LINE
  5
38B
330
387
100
AcDbEntity
  8
0
100
AcDbLine
 10
-45232.3696379067
 20
56426.2769673314
 30
0.0
 11
-45232.3696379067
 21
56426.16470219072
 31
0.0
  0
INSERT
  5
38C
330
387
100
AcDbEntity
  8
SUBESTAÇÃO
100
AcDbBlockReference
  2
_CLOSEDFILLED
 10
-45231.16963790671
 20
56425.91470219072
 30
0.0
 41
0.15
 42
0.15
 50
180.0
  0
INSERT
  5
38E
330
387
100
AcDbEntity
  8
SUBESTAÇÃO
100
AcDbBlockReference
  2
_CLOSEDFILLED
 10
-45232.3696379067
 20
56425.91470219072
 30
0.0
 41
0.15
 42
0.15
  0
LINE
  5
390
330
387
100
AcDbEntity
  8
0
100
AcDbLine
 10
-45231.019637906706
 20
56425.91470219072
 30
0.0
 11
-45232.5196379067
 21
56425.91470219072
 31
0.0
  0
MTEXT
  5
391
330
387
100
AcDbEntity
  8
SUBESTAÇÃO
100
AcDbMText
 10
-45231.769637906706
 20
56425.739702190716
 30
0.0
 40
0.15
 71
5
  1
1,2m
  7
STANDARD
  0
POINT
  5
392
330
387
100
AcDbEntity
  8
Defpoints
100
AcDbPoint
 10
-45231.16963790671
 20
56425.91470219072
 30
0.0
  0
POINT
  5
393
330
387
100
AcDbEntity
  8
Defpoints
100
AcDbPoint
 10
-45231.16963790671
 20
56425.65196733142
 30
0.0
  0
POINT
  5
394
330
387
100
AcDbEntity
  8
Defpoints
100
AcDbPoint
 10
-45232.3696379067
 20
56425.6519673314
 30
0.0
  0
ENDBLK
  5
389
330
387
100
AcDbEntity
  8
0
100
AcDbBlockEnd
  0
BLOCK
  5
397
330
396
100
AcDbEntity
  8
0
100
AcDbBlockBegin
  2
*D57
 70
1
 10
0.0
 20
0.0
 30
0.0
  3
*D57
  1

  0
LINE
  5
399
330
396
100
AcDbEntity
  8
0
100
AcDbLine
 10
-45236.57579790103
 20
56422.07953869699
 30
0.0
 11
-45236.64229909796
 21
56422.07953869699
 31
0.0
  0
LINE
  5
39A
330
396
100
AcDbEntity
  8
0
100
AcDbLine
 10
-45236.57579790103
 20
56423.82953869699
 30
0.0
 11
-45236.64229909796
 21
56423.82953869699
 31
0.0
  0
INSERT
  5
39B
330
396
100
AcDbEntity
  8
SUBESTAÇÃO
100
AcDbBlockReference
  2
_CLOSEDFILLED
 10
-45236.39229909796
 20
56422.07953869699
 30
0.0
 41
0.15
 42
0.15
 50
270.0
  0
INSERT
  5
39D
330
396
100
AcDbEntity
  8
SUBESTAÇÃO
100
AcDbBlockReference
  2
_CLOSEDFILLED
 10
-45236.39229909796
 20
56423.82953869699
 30
0.0
 41
0.15
 42
0.15
 50
90.0
  0
LINE
  5
39F
330
396
100
AcDbEntity
  8
0
100
AcDbLine
 10
-45236.39229909796
 20
56422.22953869699
 30
0.0
 11
-45236.39229909796
 21
56423.67953869699
 31
0.0
  0
MTEXT
  5
3A0
330
396
100
AcDbEntity
  8
SUBESTAÇÃO
100
AcDbMText
 10
-45236.567299097966
 20
56422.95453869699
 30
0.0
 40
0.15
 71
5
  1
1,75m
  7
STANDARD
 50
90.0
  0
POINT
  5
3A1
330
396
100
AcDbEntity
  8
Defpoints
100
AcDbPoint
 10
-45236.39229909796
 20
56422.07953869699
 30
0.0
  0
POINT
  5
3A2
330
396
100
AcDbEntity
  8
Defpoints
100
AcDbPoint
 10
-45235.95079790103
 20
56422.07953869699
 30
0.0
  0
POINT
  5
3A3
330
396
100
AcDbEntity
  8
Defpoints
100
AcDbPoint
 10
-45235.95079790103
 20
56423.82953869699
 30
0.0
  0
ENDBLK
  5
398
330
396
100
AcDbEntity
  8
0
100
AcDbBlockEnd
  0
BLOCK
  5
3A6
330
3A5
100
AcDbEntity
  8
0
100
AcDbBlockBegin
  2
*D58
 70
1
 10
0.0
 20
0.0
 30
0.0
  3
*D58
  1

  0
LINE
  5
3A8
330
3A5
100
AcDbEntity
  8
0
100
AcDbLine
 10
-45236.57579790094
 20
56425.65196733158
 30
0.0
 11
-45236.6943829615
 21
56425.65196733158
 31
0.0
  0
LINE
  5
3A9
330
3A5
100
AcDbEntity
  8
0
100
AcDbLine
 10
-45236.57579790094
 20
56423.90196733158
 30
0.0
 11
-45236.6943829615
 21
56423.90196733158
 31
0.0
  0
INSERT
  5
3AA
330
3A5
100
AcDbEntity
  8
SUBESTAÇÃO
100
AcDbBlockReference
  2
_CLOSEDFILLED
 10
-45236.4443829615
 20
56425.65196733158
 30
0.0
 41
0.15
 42
0.15
 50
270.0
  0
INSERT
  5
3AC
330
3A5
100
AcDbEntity
  8
SUBESTAÇÃO
100
AcDbBlockReference
  2
_CLOSEDFILLED
 10
-45236.4443829615
 20
56423.90196733158
 30
0.0
 41
0.15
 42
0.15
 50
90.0
  0
LINE
  5
3AE
330
3A5
100
AcDbEntity
  8
0
100
AcDbLine
 10
-45236.4443829615
 20
56425.80196733158
 30
0.0
 11
-45236.4443829615
 21
56423.75196733158
 31
0.0
  0
MTEXT
  5
3AF
330
3A5
100
AcDbEntity
  8
SUBESTAÇÃO
100
AcDbMText
 10
-45236.269382961495
 20
56424.77696733158
 30
0.0
 40
0.15
 71
5
  1
1,75m
  7
STANDARD
 50
90.0
  0
POINT
  5
3B0
330
3A5
100
AcDbEntity
  8
Defpoints
100
AcDbPoint
 10
-45236.4443829615
 20
56425.65196733158
 30
0.0
  0
POINT
  5
3B1
330
3A5
100
AcDbEntity
  8
Defpoints
100
AcDbPoint
 10
-45235.95079790094
 20
56425.65196733158
 30
0.0
  0
POINT
  5
3B2
330
3A5
100
AcDbEntity
  8
Defpoints
100
AcDbPoint
 10
-45235.95079790094
 20
56423.90196733158
 30
0.0
  0
ENDBLK
  5
3A7
330
3A5
100
AcDbEntity
  8
0
100
AcDbBlockEnd
  0
BLOCK
  5
3B5
330
3B4
100
AcDbEntity
  8
0
100
AcDbBlockBegin
  2
*D59
 70
1
 10
0.0
 20
0.0
 30
0.0
  3
*D59
  1

  0
LINE
  5
3B7
330
3B4
100
AcDbEntity
  8
0
100
AcDbLine
 10
-45234.75079790094
 20
56426.27696733141
 30
0.0
 11
-45234.75079790094
 21
56425.90196733142
 31
0.0
  0
LINE
  5
3B8
330
3B4
100
AcDbEntity
  8
0
100
AcDbLine
 10
-45232.35079790095
 20
56426.27696733141
 30
0.0
 11
-45232.35079790095
 21
56425.90196733142
 31
0.0
  0
INSERT
  5
3B9
330
3B4
100
AcDbEntity
  8
SUBESTAÇÃO
100
AcDbBlockReference
  2
_CLOSEDFILLED
 10
-45234.75079790094
 20
56425.65196733142
 30
0.0
 41
0.15
 42
0.15
 50
180.0
  0
INSERT
  5
3BB
330
3B4
100
AcDbEntity
  8
SUBESTAÇÃO
100
AcDbBlockReference
  2
_CLOSEDFILLED
 10
-45232.35079790095
 20
56425.65196733142
 30
0.0
 41
0.15
 42
0.15
  0
LINE
  5
3BD
330
3B4
100
AcDbEntity
  8
0
100
AcDbLine
 10
-45234.60079790094
 20
56425.65196733142
 30
0.0
 11
-45232.50079790095
 21
56425.65196733142
 31
0.0
  0
MTEXT
  5
3BE
330
3B4
100
AcDbEntity
  8
SUBESTAÇÃO
100
AcDbMText
 10
-45233.55079790094
 20
56425.82696733142
 30
0.0
 40
0.15
 71
5
  1
2,4m
  7
STANDARD
  0
POINT
  5
3BF
330
3B4
100
AcDbEntity
  8
Defpoints
100
AcDbPoint
 10
-45234.75079790094
 20
56425.65196733142
 30
0.0
  0
POINT
  5
3C0
330
3B4
100
AcDbEntity
  8
Defpoints
100
AcDbPoint
 10
-45234.75079790094
 20
56425.65196733141
 30
0.0
  0
POINT
  5
3C1
330
3B4
100
AcDbEntity
  8
Defpoints
100
AcDbPoint
 10
-45232.35079790095
 20
56425.65196733141
 30
0.0
  0
ENDBLK
  5
3B6
330
3B4
100
AcDbEntity
  8
0
100
AcDbBlockEnd
  0
BLOCK
  5
3C4
330
3C3
100
AcDbEntity
  8
0
100
AcDbBlockBegin
  2
*D60
 70
1
 10
0.0
 20
0.0
 30
0.0
  3
*D60
  1

  0
LINE
  5
3C6
330
3C3
100
AcDbEntity
  8
0
100
AcDbLine
 10
-45257.32405497784
 20
56427.14429780189
 30
0.0
 11
-45257.64032715137
 21
56427.14429780189
 31
0.0
  0
LINE
  5
3C7
330
3C3
100
AcDbEntity
  8
0
100
AcDbLine
 10
-45257.32405497784
 20
56426.14429780189
 30
0.0
 11
-45257.64032715137
 21
56426.14429780189
 31
0.0
  0
INSERT
  5
3C8
330
3C3
100
AcDbEntity
  8
SUBESTAÇÃO
100
AcDbBlockReference
  2
_CLOSEDFILLED
 10
-45257.39032715137
 20
56427.14429780189
 30
0.0
 41
0.15
 42
0.15
 50
270.0
  0
INSERT
  5
3CA
330
3C3
100
AcDbEntity
  8
SUBESTAÇÃO
100
AcDbBlockReference
  2
_CLOSEDFILLED
 10
-45257.39032715137
 20
56426.14429780189
 30
0.0
 41
0.15
 42
0.15
 50
90.0
  0
LINE
  5
3CC
330
3C3
100
AcDbEntity
  8
0
100
AcDbLine
 10
-45257.39032715137
 20
56427.29429780189
 30
0.0
 11
-45257.39032715137
 21
56425.99429780189
 31
0.0
  0
MTEXT
  5
3CD
330
3C3
100
AcDbEntity
  8
SUBESTAÇÃO
100
AcDbMText
 10
-45257.21532715137
 20
56426.64429780189
 30
0.0
 40
0.15
 71
5
  1
1m
  7
STANDARD
 50
90.0
  0
POINT
  5
3CE
330
3C3
100
AcDbEntity
  8
Defpoints
100
AcDbPoint
 10
-45257.39032715137
 20
56427.14429780189
 30
0.0
  0
POINT
  5
3CF
330
3C3
100
AcDbEntity
  8
Defpoints
100
AcDbPoint
 10
-45256.69905497784
 20
56427.14429780189
 30
0.0
  0
POINT
  5
3D0
330
3C3
100
AcDbEntity
  8
Defpoints
100
AcDbPoint
 10
-45256.69905497784
 20
56426.14429780189
 30
0.0
  0
ENDBLK
  5
3C5
330
3C3
100
AcDbEntity
  8
0
100
AcDbBlockEnd
  0
BLOCK
  5
3D3
330
3D2
100
AcDbEntity
  8
0
100
AcDbBlockBegin
  2
*D61
 70
1
 10
0.0
 20
0.0
 30
0.0
  3
*D61
  1

  0
LINE
  5
3D5
330
3D2
100
AcDbEntity
  8
0
100
AcDbLine
 10
-45257.32405497784
 20
56423.99169893344
 30
0.0
 11
-45258.37413552885
 21
56423.99169893344
 31
0.0
  0
LINE
  5
3D6
330
3D2
100
AcDbEntity
  8
0
100
AcDbLine
 10
-45257.32405497784
 20
56424.99169893343
 30
0.0
 11
-45258.37413552885
 21
56424.99169893343
 31
0.0
  0
INSERT
  5
3D7
330
3D2
100
AcDbEntity
  8
SUBESTAÇÃO
100
AcDbBlockReference
  2
_CLOSEDFILLED
 10
-45258.12413552885
 20
56423.99169893344
 30
0.0
 41
0.15
 42
0.15
 50
270.0
  0
INSERT
  5
3D9
330
3D2
100
AcDbEntity
  8
SUBESTAÇÃO
100
AcDbBlockReference
  2
_CLOSEDFILLED
 10
-45258.12413552885
 20
56424.99169893343
 30
0.0
 41
0.15
 42
0.15
 50
90.0
  0
LINE
  5
3DB
330
3D2
100
AcDbEntity
  8
0
100
AcDbLine
 10
-45258.12413552885
 20
56424.14169893344
 30
0.0
 11
-45258.12413552885
 21
56424.84169893343
 31
0.0
  0
MTEXT
  5
3DC
330
3D2
100
AcDbEntity
  8
SUBESTAÇÃO
100
AcDbMText
 10
-45258.299135528854
 20
56424.49169893343
 30
0.0
 40
0.15
 71
5
  1
1m
  7
STANDARD
 50
90.0
  0
POINT
  5
3DD
330
3D2
100
AcDbEntity
  8
Defpoints
100
AcDbPoint
 10
-45258.12413552885
 20
56423.99169893344
 30
0.0
  0
POINT
  5
3DE
330
3D2
100
AcDbEntity
  8
Defpoints
100
AcDbPoint
 10
-45256.69905497784
 20
56423.99169893344
 30
0.0
  0
POINT
  5
3DF
330
3D2
100
AcDbEntity
  8
Defpoints
100
AcDbPoint
 10
-45256.69905497784
 20
56424.99169893343
 30
0.0
  0
ENDBLK
  5
3D4
330
3D2
100
AcDbEntity
  8
0
100
AcDbBlockEnd
  0
BLOCK
  5
3E2
330
3E1
100
AcDbEntity
  8
0
100
AcDbBlockBegin
  2
*D62
 70
1
 10
0.0
 20
0.0
 30
0.0
  3
*D62
  1

  0
LINE
  5
3E4
330
3E1
100
AcDbEntity
  8
0
100
AcDbLine
 10
-45256.69905498716
 20
56427.76929780189
 30
0.0
 11
-45256.69905498716
 21
56427.88195491873
 31
0.0
  0
LINE
  5
3E5
330
3E1
100
AcDbEntity
  8
0
100
AcDbLine
 10
-45255.56905498716
 20
56427.76929780189
 30
0.0
 11
-45255.56905498716
 21
56427.88195491873
 31
0.0
  0
INSERT
  5
3E6
330
3E1
100
AcDbEntity
  8
SUBESTAÇÃO
100
AcDbBlockReference
  2
_CLOSEDFILLED
 10
-45256.69905498716
 20
56427.63195491873
 30
0.0
 41
0.15
 42
0.15
 50
180.0
  0
INSERT
  5
3E8
330
3E1
100
AcDbEntity
  8
SUBESTAÇÃO
100
AcDbBlockReference
  2
_CLOSEDFILLED
 10
-45255.56905498716
 20
56427.63195491873
 30
0.0
 41
0.15
 42
0.15
  0
LINE
  5
3EA
330
3E1
100
AcDbEntity
  8
0
100
AcDbLine
 10
-45256.54905498716
 20
56427.63195491873
 30
0.0
 11
-45255.71905498716
 21
56427.63195491873
 31
0.0
  0
MTEXT
  5
3EB
330
3E1
100
AcDbEntity
  8
SUBESTAÇÃO
100
AcDbMText
 10
-45256.13405498716
 20
56427.806954918735
 30
0.0
 40
0.15
 71
5
  1
1,13m
  7
STANDARD
  0
POINT
  5
3EC
330
3E1
100
AcDbEntity
  8
Defpoints
100
AcDbPoint
 10
-45256.69905498716
 20
56427.63195491873
 30
0.0
  0
POINT
  5
3ED
330
3E1
100
AcDbEntity
  8
Defpoints
100
AcDbPoint
 10
-45256.69905498716
 20
56427.14429780189
 30
0.0
  0
POINT
  5
3EE
330
3E1
100
AcDbEntity
  8
Defpoints
100
AcDbPoint
 10
-45255.56905498716
 20
56427.14429780189
 30
0.0
  0
ENDBLK
  5
3E3
330
3E1
100
AcDbEntity
  8
0
100
AcDbBlockEnd
  0
BLOCK
  5
3F1
330
3F0
100
AcDbEntity
  8
0
100
AcDbBlockBegin
  2
*D63
 70
1
 10
0.0
 20
0.0
 30
0.0
  3
*D63
  1

  0
LINE
  5
3F3
330
3F0
100
AcDbEntity
  8
0
100
AcDbLine
 10
-45247.59799335127
 20
56427.76929780402
 30
0.0
 11
-45247.59799335127
 21
56427.84434147912
 31
0.0
  0
LINE
  5
3F4
330
3F0
100
AcDbEntity
  8
0
100
AcDbLine
 10
-45248.72799335127
 20
56427.76929780402
 30
0.0
 11
-45248.72799335127
 21
56427.84434147912
 31
0.0
  0
INSERT
  5
3F5
330
3F0
100
AcDbEntity
  8
SUBESTAÇÃO
100
AcDbBlockReference
  2
_CLOSEDFILLED
 10
-45247.59799335127
 20
56427.59434147912
 30
0.0
 41
0.15
 42
0.15
 50
180.0
  0
INSERT
  5
3F7
330
3F0
100
AcDbEntity
  8
SUBESTAÇÃO
100
AcDbBlockReference
  2
_CLOSEDFILLED
 10
-45248.72799335127
 20
56427.59434147912
 30
0.0
 41
0.15
 42
0.15
  0
LINE
  5
3F9
330
3F0
100
AcDbEntity
  8
0
100
AcDbLine
 10
-45247.44799335127
 20
56427.59434147912
 30
0.0
 11
-45248.87799335127
 21
56427.59434147912
 31
0.0
  0
MTEXT
  5
3FA
330
3F0
100
AcDbEntity
  8
SUBESTAÇÃO
100
AcDbMText
 10
-45248.162993351274
 20
56427.419341479115
 30
0.0
 40
0.15
 71
5
  1
1,13m
  7
STANDARD
  0
POINT
  5
3FB
330
3F0
100
AcDbEntity
  8
Defpoints
100
AcDbPoint
 10
-45247.59799335127
 20
56427.59434147912
 30
0.0
  0
POINT
  5
3FC
330
3F0
100
AcDbEntity
  8
Defpoints
100
AcDbPoint
 10
-45247.59799335127
 20
56427.14429780402
 30
0.0
  0
POINT
  5
3FD
330
3F0
100
AcDbEntity
  8
Defpoints
100
AcDbPoint
 10
-45248.72799335127
 20
56427.14429780402
 30
0.0
  0
ENDBLK
  5
3F2
330
3F0
100
AcDbEntity
  8
0
100
AcDbBlockEnd
  0
BLOCK
  5
400
330
3FF
100
AcDbEntity
  8
0
100
AcDbBlockBegin
  2
*D64
 70
1
 10
0.0
 20
0.0
 30
0.0
  3
*D64
  1

  0
LINE
  5
402
330
3FF
100
AcDbEntity
  8
0
100
AcDbLine
 10
-45255.56905498716
 20
56427.76929780215
 30
0.0
 11
-45255.56905498716
 21
56428.95410676941
 31
0.0
  0
LINE
  5
403
330
3FF
100
AcDbEntity
  8
0
100
AcDbLine
 10
-45253.31905498716
 20
56427.76929780264
 30
0.0
 11
-45253.31905498716
 21
56428.95410676941
 31
0.0
  0
INSERT
  5
404
330
3FF
100
AcDbEntity
  8
SUBESTAÇÃO
100
AcDbBlockReference
  2
_CLOSEDFILLED
 10
-45255.56905498716
 20
56428.70410676941
 30
0.0
 41
0.15
 42
0.15
 50
180.0
  0
INSERT
  5
406
330
3FF
100
AcDbEntity
  8
SUBESTAÇÃO
100
AcDbBlockReference
  2
_CLOSEDFILLED
 10
-45253.31905498716
 20
56428.70410676941
 30
0.0
 41
0.15
 42
0.15
  0
LINE
  5
408
330
3FF
100
AcDbEntity
  8
0
100
AcDbLine
 10
-45255.41905498716
 20
56428.70410676941
 30
0.0
 11
-45253.46905498716
 21
56428.70410676941
 31
0.0
  0
MTEXT
  5
409
330
3FF
100
AcDbEntity
  8
SUBESTAÇÃO
100
AcDbMText
 10
-45254.44405498716
 20
56428.87910676941
 30
0.0
 40
0.15
 71
5
  1
2,25m
  7
STANDARD
  0
POINT
  5
40A
330
3FF
100
AcDbEntity
  8
Defpoints
100
AcDbPoint
 10
-45255.56905498716
 20
56428.70410676941
 30
0.0
  0
POINT
  5
40B
330
3FF
100
AcDbEntity
  8
Defpoints
100
AcDbPoint
 10
-45255.56905498716
 20
56427.14429780215
 30
0.0
  0
POINT
  5
40C
330
3FF
100
AcDbEntity
  8
Defpoints
100
AcDbPoint
 10
-45253.31905498716
 20
56427.14429780264
 30
0.0
  0
ENDBLK
  5
401
330
3FF
100
AcDbEntity
  8
0
100
AcDbBlockEnd
  0
BLOCK
  5
40F
330
40E
100
AcDbEntity
  8
0
100
AcDbBlockBegin
  2
*D65
 70
1
 10
0.0
 20
0.0
 30
0.0
  3
*D65
  1

  0
LINE
  5
411
330
40E
100
AcDbEntity
  8
0
100
AcDbLine
 10
-45253.31905498716
 20
56427.76929780268
 30
0.0
 11
-45253.31905498716
 21
56427.90140316041
 31
0.0
  0
LINE
  5
412
330
40E
100
AcDbEntity
  8
0
100
AcDbLine
 10
-45251.06905498716
 20
56427.76929780318
 30
0.0
 11
-45251.06905498716
 21
56427.90140316041
 31
0.0
  0
INSERT
  5
413
330
40E
100
AcDbEntity
  8
SUBESTAÇÃO
100
AcDbBlockReference
  2
_CLOSEDFILLED
 10
-45253.31905498716
 20
56427.65140316041
 30
0.0
 41
0.15
 42
0.15
 50
180.0
  0
INSERT
  5
415
330
40E
100
AcDbEntity
  8
SUBESTAÇÃO
100
AcDbBlockReference
  2
_CLOSEDFILLED
 10
-45251.06905498716
 20
56427.65140316041
 30
0.0
 41
0.15
 42
0.15
  0
LINE
  5
417
330
40E
100
AcDbEntity
  8
0
100
AcDbLine
 10
-45253.16905498716
 20
56427.65140316041
 30
0.0
 11
-45251.21905498716
 21
56427.65140316041
 31
0.0
  0
MTEXT
  5
418
330
40E
100
AcDbEntity
  8
SUBESTAÇÃO
100
AcDbMText
 10
-45252.19405498716
 20
56427.82640316041
 30
0.0
 40
0.15
 71
5
  1
2,25m
  7
STANDARD
  0
POINT
  5
419
330
40E
100
AcDbEntity
  8
Defpoints
100
AcDbPoint
 10
-45253.31905498716
 20
56427.65140316041
 30
0.0
  0
POINT
  5
41A
330
40E
100
AcDbEntity
  8
Defpoints
100
AcDbPoint
 10
-45253.31905498716
 20
56427.14429780268
 30
0.0
  0
POINT
  5
41B
330
40E
100
AcDbEntity
  8
Defpoints
100
AcDbPoint
 10
-45251.06905498716
 20
56427.14429780318
 30
0.0
  0
ENDBLK
  5
410
330
40E
100
AcDbEntity
  8
0
100
AcDbBlockEnd
  0
BLOCK
  5
41E
330
41D
100
AcDbEntity
  8
0
100
AcDbBlockBegin
  2
*D66
 70
1
 10
0.0
 20
0.0
 30
0.0
  3
*D66
  1

  0
LINE
  5
420
330
41D
100
AcDbEntity
  8
0
100
AcDbLine
 10
-45251.06905498716
 20
56427.76929780319
 30
0.0
 11
-45251.06905498716
 21
56428.80841377843
 31
0.0
  0
LINE
  5
421
330
41D
100
AcDbEntity
  8
0
100
AcDbLine
 10
-45248.81905498716
 20
56427.76929780371
 30
0.0
 11
-45248.81905498716
 21
56428.80841377843
 31
0.0
  0
INSERT
  5
422
330
41D
100
AcDbEntity
  8
SUBESTAÇÃO
100
AcDbBlockReference
  2
_CLOSEDFILLED
 10
-45251.06905498716
 20
56428.55841377843
 30
0.0
 41
0.15
 42
0.15
 50
180.0
  0
INSERT
  5
424
330
41D
100
AcDbEntity
  8
SUBESTAÇÃO
100
AcDbBlockReference
  2
_CLOSEDFILLED
 10
-45248.81905498716
 20
56428.55841377843
 30
0.0
 41
0.15
 42
0.15
  0
LINE
  5
426
330
41D
100
AcDbEntity
  8
0
100
AcDbLine
 10
-45250.91905498716
 20
56428.55841377843
 30
0.0
 11
-45248.96905498716
 21
56428.55841377843
 31
0.0
  0
MTEXT
  5
427
330
41D
100
AcDbEntity
  8
SUBESTAÇÃO
100
AcDbMText
 10
-45249.94405498716
 20
56428.733413778435
 30
0.0
 40
0.15
 71
5
  1
2,25m
  7
STANDARD
  0
POINT
  5
428
330
41D
100
AcDbEntity
  8
Defpoints
100
AcDbPoint
 10
-45251.06905498716
 20
56428.55841377843
 30
0.0
  0
POINT
  5
429
330
41D
100
AcDbEntity
  8
Defpoints
100
AcDbPoint
 10
-45251.06905498716
 20
56427.14429780319
 30
0.0
  0
POINT
  5
42A
330
41D
100
AcDbEntity
  8
Defpoints
100
AcDbPoint
 10
-45248.81905498716
 20
56427.14429780371
 30
0.0
  0
ENDBLK
  5
41F
330
41D
100
AcDbEntity
  8
0
100
AcDbBlockEnd
  0
BLOCK
  5
42D
330
42C
100
AcDbEntity
  8
0
100
AcDbBlockBegin
  2
*D67
 70
1
 10
0.0
 20
0.0
 30
0.0
  3
*D67
  1

  0
LINE
  5
42F
330
42C
100
AcDbEntity
  8
0
100
AcDbLine
 10
-45220.78407236404
 20
56448.28557869604
 30
0.0
 11
-45220.78549480643
 21
56448.28557869604
 31
0.0
  0
LINE
  5
430
330
42C
100
AcDbEntity
  8
0
100
AcDbLine
 10
-45220.78407236385
 20
56446.49557869604
 30
0.0
 11
-45220.78549480643
 21
56446.49557869604
 31
0.0
  0
INSERT
  5
431
330
42C
100
AcDbEntity
  8
SUBESTAÇÃO
100
AcDbBlockReference
  2
_CLOSEDFILLED
 10
-45220.53549480643
 20
56448.28557869604
 30
0.0
 41
0.15
 42
0.15
 50
270.0
  0
INSERT
  5
433
330
42C
100
AcDbEntity
  8
SUBESTAÇÃO
100
AcDbBlockReference
  2
_CLOSEDFILLED
 10
-45220.53549480643
 20
56446.49557869604
 30
0.0
 41
0.15
 42
0.15
 50
90.0
  0
LINE
  5
435
330
42C
100
AcDbEntity
  8
0
100
AcDbLine
 10
-45220.53549480643
 20
56448.435578696044
 30
0.0
 11
-45220.53549480643
 21
56446.34557869604
 31
0.0
  0
MTEXT
  5
436
330
42C
100
AcDbEntity
  8
SUBESTAÇÃO
100
AcDbMText
 10
-45220.360494806424
 20
56447.39057869604
 30
0.0
 40
0.15
 71
5
  1
1,79m
  7
STANDARD
 50
90.0
  0
POINT
  5
437
330
42C
100
AcDbEntity
  8
Defpoints
100
AcDbPoint
 10
-45220.53549480643
 20
56448.28557869604
 30
0.0
  0
POINT
  5
438
330
42C
100
AcDbEntity
  8
Defpoints
100
AcDbPoint
 10
-45220.15907236404
 20
56448.28557869604
 30
0.0
  0
POINT
  5
439
330
42C
100
AcDbEntity
  8
Defpoints
100
AcDbPoint
 10
-45220.15907236385
 20
56446.49557869604
 30
0.0
  0
ENDBLK
  5
42E
330
42C
100
AcDbEntity
  8
0
100
AcDbBlockEnd
  0
BLOCK
  5
43C
330
43B
100
AcDbEntity
  8
0
100
AcDbBlockBegin
  2
*D68
 70
1
 10
0.0
 20
0.0
 30
0.0
  3
*D68
  1

  0
LINE
  5
43E
330
43B
100
AcDbEntity
  8
0
100
AcDbLine
 10
-45220.78407236367
 20
56444.64579082598
 30
0.0
 11
-45220.77415117612
 21
56444.64579082598
 31
0.0
  0
LINE
  5
43F
330
43B
100
AcDbEntity
  8
0
100
AcDbLine
 10
-45220.78407236367
 20
56446.43579082598
 30
0.0
 11
-45220.77415117612
 21
56446.43579082598
 31
0.0
  0
INSERT
  5
440
330
43B
100
AcDbEntity
  8
SUBESTAÇÃO
100
AcDbBlockReference
  2
_CLOSEDFILLED
 10
-45220.52415117612
 20
56444.64579082598
 30
0.0
 41
0.15
 42
0.15
 50
270.0
  0
INSERT
  5
442
330
43B
100
AcDbEntity
  8
SUBESTAÇÃO
100
AcDbBlockReference
  2
_CLOSEDFILLED
 10
-45220.52415117612
 20
56446.43579082598
 30
0.0
 41
0.15
 42
0.15
 50
90.0
  0
LINE
  5
444
330
43B
100
AcDbEntity
  8
0
100
AcDbLine
 10
-45220.52415117612
 20
56444.795790825985
 30
0.0
 11
-45220.52415117612
 21
56446.285790825976
 31
0.0
  0
MTEXT
  5
445
330
43B
100
AcDbEntity
  8
SUBESTAÇÃO
100
AcDbMText
 10
-45220.69915117612
 20
56445.54079082598
 30
0.0
 40
0.15
 71
5
  1
1,79m
  7
STANDARD
 50
90.0
  0
POINT
  5
446
330
43B
100
AcDbEntity
  8
Defpoints
100
AcDbPoint
 10
-45220.52415117612
 20
56444.64579082598
 30
0.0
  0
POINT
  5
447
330
43B
100
AcDbEntity
  8
Defpoints
100
AcDbPoint
 10
-45220.15907236367
 20
56444.64579082598
 30
0.0
  0
POINT
  5
448
330
43B
100
AcDbEntity
  8
Defpoints
100
AcDbPoint
 10
-45220.15907236367
 20
56446.43579082598
 30
0.0
  0
ENDBLK
  5
43D
330
43B
100
AcDbEntity
  8
0
100
AcDbBlockEnd
  0
BLOCK
  5
44B
330
44A
100
AcDbEntity
  8
0
100
AcDbBlockBegin
  2
*D69
 70
1
 10
0.0
 20
0.0
 30
0.0
  3
*D69
  1

  0
LINE
  5
44D
330
44A
100
AcDbEntity
  8
0
100
AcDbLine
 10
-45220.15907236406
 20
56448.91057869607
 30
0.0
 11
-45220.15907236406
 21
56448.8249087598
 31
0.0
  0
LINE
  5
44E
330
44A
100
AcDbEntity
  8
0
100
AcDbLine
 10
-45218.35907236406
 20
56448.91057869607
 30
0.0
 11
-45218.35907236406
 21
56448.8249087598
 31
0.0
  0
INSERT
  5
44F
330
44A
100
AcDbEntity
  8
SUBESTAÇÃO
100
AcDbBlockReference
  2
_CLOSEDFILLED
 10
-45220.15907236406
 20
56448.5749087598
 30
0.0
 41
0.15
 42
0.15
 50
180.0
  0
INSERT
  5
451
330
44A
100
AcDbEntity
  8
SUBESTAÇÃO
100
AcDbBlockReference
  2
_CLOSEDFILLED
 10
-45218.35907236406
 20
56448.5749087598
 30
0.0
 41
0.15
 42
0.15
  0
LINE
  5
453
330
44A
100
AcDbEntity
  8
0
100
AcDbLine
 10
-45220.00907236406
 20
56448.5749087598
 30
0.0
 11
-45218.50907236406
 21
56448.5749087598
 31
0.0
  0
MTEXT
  5
454
330
44A
100
AcDbEntity
  8
SUBESTAÇÃO
100
AcDbMText
 10
-45219.25907236406
 20
56448.749908759804
 30
0.0
 40
0.15
 71
5
  1
1,8m
  7
STANDARD
  0
POINT
  5
455
330
44A
100
AcDbEntity
  8
Defpoints
100
AcDbPoint
 10
-45220.15907236406
 20
56448.5749087598
 30
0.0
  0
POINT
  5
456
330
44A
100
AcDbEntity
  8
Defpoints
100
AcDbPoint
 10
-45220.15907236406
 20
56448.28557869607
 30
0.0
  0
POINT
  5
457
330
44A
100
AcDbEntity
  8
Defpoints
100
AcDbPoint
 10
-45218.35907236406
 20
56448.28557869607
 30
0.0
  0
ENDBLK
  5
44C
330
44A
100
AcDbEntity
  8
0
100
AcDbBlockEnd
  0
BLOCK
  5
45A
330
459
100
AcDbEntity
  8
0
100
AcDbBlockBegin
  2
*D70
 70
1
 10
0.0
 20
0.0
 30
0.0
  3
*D70
  1

  0
LINE
  5
45C
330
459
100
AcDbEntity
  8
0
100
AcDbLine
 10
-45213.00485958295
 20
56448.91057869604
 30
0.0
 11
-45213.00485958295
 21
56448.92988199479
 31
0.0
  0
LINE
  5
45D
330
459
100
AcDbEntity
  8
0
100
AcDbLine
 10
-45214.80485958296
 20
56448.91057869604
 30
0.0
 11
-45214.80485958296
 21
56448.92988199479
 31
0.0
  0
INSERT
  5
45E
330
459
100
AcDbEntity
  8
SUBESTAÇÃO
100
AcDbBlockReference
  2
_CLOSEDFILLED
 10
-45213.00485958295
 20
56448.67988199479
 30
0.0
 41
0.15
 42
0.15
 50
180.0
  0
INSERT
  5
460
330
459
100
AcDbEntity
  8
SUBESTAÇÃO
100
AcDbBlockReference
  2
_CLOSEDFILLED
 10
-45214.80485958296
 20
56448.67988199479
 30
0.0
 41
0.15
 42
0.15
  0
LINE
  5
462
330
459
100
AcDbEntity
  8
0
100
AcDbLine
 10
-45212.85485958295
 20
56448.67988199479
 30
0.0
 11
-45214.95485958296
 21
56448.67988199479
 31
0.0
  0
MTEXT
  5
463
330
459
100
AcDbEntity
  8
SUBESTAÇÃO
100
AcDbMText
 10
-45213.90485958295
 20
56448.504881994784
 30
0.0
 40
0.15
 71
5
  1
1,8m
  7
STANDARD
  0
POINT
  5
464
330
459
100
AcDbEntity
  8
Defpoints
100
AcDbPoint
 10
-45213.00485958295
 20
56448.67988199479
 30
0.0
  0
POINT
  5
465
330
459
100
AcDbEntity
  8
Defpoints
100
AcDbPoint
 10
-45213.00485958295
 20
56448.28557869604
 30
0.0
  0
POINT
  5
466
330
459
100
AcDbEntity
  8
Defpoints
100
AcDbPoint
 10
-45214.80485958296
 20
56448.28557869604
 30
0.0
  0
ENDBLK
  5
45B
330
459
100
AcDbEntity
  8
0
100
AcDbBlockEnd
  0
BLOCK
  5
469
330
468
100
AcDbEntity
  8
0
100
AcDbBlockBegin
  2
*D71
 70
1
 10
0.0
 20
0.0
 30
0.0
  3
*D71
  1

  0
LINE
  5
46B
330
468
100
AcDbEntity
  8
0
100
AcDbLine
 10
-45218.35907236406
 20
56448.91057869604
 30
0.0
 11
-45218.35907236406
 21
56448.71653869657
 31
0.0
  0
LINE
  5
46C
330
468
100
AcDbEntity
  8
0
100
AcDbLine
 10
-45214.75907236406
 20
56448.91057869604
 30
0.0
 11
-45214.75907236406
 21
56448.71653869657
 31
0.0
  0
INSERT
  5
46D
330
468
100
AcDbEntity
  8
SUBESTAÇÃO
100
AcDbBlockReference
  2
_CLOSEDFILLED
 10
-45218.35907236406
 20
56448.46653869657
 30
0.0
 41
0.15
 42
0.15
 50
180.0
  0
INSERT
  5
46F
330
468
100
AcDbEntity
  8
SUBESTAÇÃO
100
AcDbBlockReference
  2
_CLOSEDFILLED
 10
-45214.75907236406
 20
56448.46653869657
 30
0.0
 41
0.15
 42
0.15
  0
LINE
  5
471
330
468
100
AcDbEntity
  8
0
100
AcDbLine
 10
-45218.20907236406
 20
56448.46653869657
 30
0.0
 11
-45214.90907236406
 21
56448.46653869657
 31
0.0
  0
MTEXT
  5
472
330
468
100
AcDbEntity
  8
SUBESTAÇÃO
100
AcDbMText
 10
-45216.55907236406
 20
56448.641538696575
 30
0.0
 40
0.15
 71
5
  1
3,6m
  7
STANDARD
  0
POINT
  5
473
330
468
100
AcDbEntity
  8
Defpoints
100
AcDbPoint
 10
-45218.35907236406
 20
56448.46653869657
 30
0.0
  0
POINT
  5
474
330
468
100
AcDbEntity
  8
Defpoints
100
AcDbPoint
 10
-45218.35907236406
 20
56448.28557869604
 30
0.0
  0
POINT
  5
475
330
468
100
AcDbEntity
  8
Defpoints
100
AcDbPoint
 10
-45214.75907236406
 20
56448.28557869604
 30
0.0
  0
ENDBLK
  5
46A
330
468
100
AcDbEntity
  8
0
100
AcDbBlockEnd
  0
BLOCK
  5
478
330
477
100
AcDbEntity
  8
0
100
AcDbBlockBegin
  2
*D72
 70
1
 10
0.0
 20
0.0
 30
0.0
  3
*D72
  1

  0
LINE
  5
47A
330
477
100
AcDbEntity
  8
0
100
AcDbLine
 10
-45220.78256008483
 20
56444.51007082539
 30
0.0
 11
-45220.71840138329
 21
56444.51007082539
 31
0.0
  0
LINE
  5
47B
330
477
100
AcDbEntity
  8
0
100
AcDbLine
 10
-45220.78256008483
 20
56442.72007082538
 30
0.0
 11
-45220.71840138329
 21
56442.72007082538
 31
0.0
  0
INSERT
  5
47C
330
477
100
AcDbEntity
  8
SUBESTAÇÃO
100
AcDbBlockReference
  2
_CLOSEDFILLED
 10
-45220.46840138329
 20
56444.51007082539
 30
0.0
 41
0.15
 42
0.15
 50
270.0
  0
INSERT
  5
47E
330
477
100
AcDbEntity
  8
SUBESTAÇÃO
100
AcDbBlockReference
  2
_CLOSEDFILLED
 10
-45220.46840138329
 20
56442.72007082538
 30
0.0
 41
0.15
 42
0.15
 50
90.0
  0
LINE
  5
480
330
477
100
AcDbEntity
  8
0
100
AcDbLine
 10
-45220.46840138329
 20
56444.66007082539
 30
0.0
 11
-45220.46840138329
 21
56442.57007082538
 31
0.0
  0
MTEXT
  5
481
330
477
100
AcDbEntity
  8
SUBESTAÇÃO
100
AcDbMText
 10
-45220.293401383286
 20
56443.615070825384
 30
0.0
 40
0.15
 71
5
  1
1,79m
  7
STANDARD
 50
90.0
  0
POINT
  5
482
330
477
100
AcDbEntity
  8
Defpoints
100
AcDbPoint
 10
-45220.46840138329
 20
56444.51007082539
 30
0.0
  0
POINT
  5
483
330
477
100
AcDbEntity
  8
Defpoints
100
AcDbPoint
 10
-45220.15756008483
 20
56444.51007082539
 30
0.0
  0
POINT
  5
484
330
477
100
AcDbEntity
  8
Defpoints
100
AcDbPoint
 10
-45220.15756008483
 20
56442.72007082538
 30
0.0
  0
ENDBLK
  5
479
330
477
100
AcDbEntity
  8
0
100
AcDbBlockEnd
  0
BLOCK
  5
487
330
486
100
AcDbEntity
  8
0
100
AcDbBlockBegin
  2
*D73
 70
1
 10
0.0
 20
0.0
 30
0.0
  3
*D73
  1

  0
LINE
  5
489
330
486
100
AcDbEntity
  8
0
100
AcDbLine
 10
-45220.78256008444
 20
56440.87028295611
 30
0.0
 11
-45220.53778018209
 21
56440.87028295611
 31
0.0
  0
LINE
  5
48A
330
486
100
AcDbEntity
  8
0
100
AcDbLine
 10
-45220.78256008444
 20
56442.66028295612
 30
0.0
 11
-45220.53778018209
 21
56442.66028295612
 31
0.0
  0
INSERT
  5
48B
330
486
100
AcDbEntity
  8
SUBESTAÇÃO
100
AcDbBlockReference
  2
_CLOSEDFILLED
 10
-45220.28778018209
 20
56440.87028295611
 30
0.0
 41
0.15
 42
0.15
 50
270.0
  0
INSERT
  5
48D
330
486
100
AcDbEntity
  8
SUBESTAÇÃO
100
AcDbBlockReference
  2
_CLOSEDFILLED
 10
-45220.28778018209
 20
56442.66028295612
 30
0.0
 41
0.15
 42
0.15
 50
90.0
  0
LINE
  5
48F
330
486
100
AcDbEntity
  8
0
100
AcDbLine
 10
-45220.28778018209
 20
56441.02028295611
 30
0.0
 11
-45220.28778018209
 21
56442.51028295612
 31
0.0
  0
MTEXT
  5
490
330
486
100
AcDbEntity
  8
SUBESTAÇÃO
100
AcDbMText
 10
-45220.46278018209
 20
56441.76528295611
 30
0.0
 40
0.15
 71
5
  1
1,79m
  7
STANDARD
 50
90.0
  0
POINT
  5
491
330
486
100
AcDbEntity
  8
Defpoints
100
AcDbPoint
 10
-45220.28778018209
 20
56440.87028295611
 30
0.0
  0
POINT
  5
492
330
486
100
AcDbEntity
  8
Defpoints
100
AcDbPoint
 10
-45220.15756008444
 20
56440.87028295611
 30
0.0
  0
POINT
  5
493
330
486
100
AcDbEntity
  8
Defpoints
100
AcDbPoint
 10
-45220.15756008444
 20
56442.66028295612
 30
0.0
  0
ENDBLK
  5
488
330
486
100
AcDbEntity
  8
0
100
AcDbBlockEnd
  0
BLOCK
  5
496
330
495
100
AcDbEntity
  8
0
100
AcDbBlockBegin
  2
*D74
 70
1
 10
0.0
 20
0.0
 30
0.0
  3
*D74
  1

  0
LINE
  5
498
330
495
100
AcDbEntity
  8
0
100
AcDbLine
 10
-45256.69905497784
 20
56424.48097874295
 30
0.0
 11
-45256.69905497784
 21
56424.10597876431
 31
0.0
  0
LINE
  5
499
330
495
100
AcDbEntity
  8
0
100
AcDbLine
 10
-45254.94905497785
 20
56423.23097877888
 30
0.0
 11
-45254.94905497785
 21
56423.60597876431
 31
0.0
  0
INSERT
  5
49A
330
495
100
AcDbEntity
  8
SUBESTAÇÃO
100
AcDbBlockReference
  2
_CLOSEDFILLED
 10
-45256.69905497784
 20
56423.85597876431
 30
0.0
 41
0.15
 42
0.15
 50
180.0
  0
INSERT
  5
49C
330
495
100
AcDbEntity
  8
SUBESTAÇÃO
100
AcDbBlockReference
  2
_CLOSEDFILLED
 10
-45254.94905497785
 20
56423.85597876431
 30
0.0
 41
0.15
 42
0.15
  0
LINE
  5
49E
330
495
100
AcDbEntity
  8
0
100
AcDbLine
 10
-45256.54905497784
 20
56423.85597876431
 30
0.0
 11
-45255.09905497785
 21
56423.85597876431
 31
0.0
  0
MTEXT
  5
49F
330
495
100
AcDbEntity
  8
SUBESTAÇÃO
100
AcDbMText
 10
-45255.82405497784
 20
56424.03097876431
 30
0.0
 40
0.15
 71
5
  1
1,75m
  7
STANDARD
  0
POINT
  5
4A0
330
495
100
AcDbEntity
  8
Defpoints
100
AcDbPoint
 10
-45256.69905497784
 20
56423.85597876431
 30
0.0
  0
POINT
  5
4A1
330
495
100
AcDbEntity
  8
Defpoints
100
AcDbPoint
 10
-45256.69905497784
 20
56423.85597874295
 30
0.0
  0
POINT
  5
4A2
330
495
100
AcDbEntity
  8
Defpoints
100
AcDbPoint
 10
-45254.94905497785
 20
56423.85597877888
 30
0.0
  0
ENDBLK
  5
497
330
495
100
AcDbEntity
  8
0
100
AcDbBlockEnd
  0
BLOCK
  5
4A5
330
4A4
100
AcDbEntity
  8
0
100
AcDbBlockBegin
  2
*D75
 70
1
 10
0.0
 20
0.0
 30
0.0
  3
*D75
  1

  0
LINE
  5
4A7
330
4A4
100
AcDbEntity
  8
0
100
AcDbLine
 10
-45253.19905497606
 20
56424.48097876265
 30
0.0
 11
-45253.19905497606
 21
56424.10597879842
 31
0.0
  0
LINE
  5
4A8
330
4A4
100
AcDbEntity
  8
0
100
AcDbLine
 10
-45254.94905497605
 20
56424.48097876265
 30
0.0
 11
-45254.94905497605
 21
56424.10597879842
 31
0.0
  0
INSERT
  5
4A9
330
4A4
100
AcDbEntity
  8
SUBESTAÇÃO
100
AcDbBlockReference
  2
_CLOSEDFILLED
 10
-45253.19905497606
 20
56423.85597879842
 30
0.0
 41
0.15
 42
0.15
 50
180.0
  0
INSERT
  5
4AB
330
4A4
100
AcDbEntity
  8
SUBESTAÇÃO
100
AcDbBlockReference
  2
_CLOSEDFILLED
 10
-45254.94905497605
 20
56423.85597879842
 30
0.0
 41
0.15
 42
0.15
  0
LINE
  5
4AD
330
4A4
100
AcDbEntity
  8
0
100
AcDbLine
 10
-45253.04905497606
 20
56423.85597879842
 30
0.0
 11
-45255.09905497605
 21
56423.85597879842
 31
0.0
  0
MTEXT
  5
4AE
330
4A4
100
AcDbEntity
  8
SUBESTAÇÃO
100
AcDbMText
 10
-45254.07405497605
 20
56423.68097879842
 30
0.0
 40
0.15
 71
5
  1
1,75m
  7
STANDARD
  0
POINT
  5
4AF
330
4A4
100
AcDbEntity
  8
Defpoints
100
AcDbPoint
 10
-45253.19905497606
 20
56423.85597879842
 30
0.0
  0
POINT
  5
4B0
330
4A4
100
AcDbEntity
  8
Defpoints
100
AcDbPoint
 10
-45253.19905497606
 20
56423.85597876265
 30
0.0
  0
POINT
  5
4B1
330
4A4
100
AcDbEntity
  8
Defpoints
100
AcDbPoint
 10
-45254.94905497605
 20
56423.85597876265
 30
0.0
  0
ENDBLK
  5
4A6
330
4A4
100
AcDbEntity
  8
0
100
AcDbBlockEnd
  0
BLOCK
  5
4B4
330
4B3
100
AcDbEntity
  8
0
100
AcDbBlockBegin
  2
*D76
 70
1
 10
0.0
 20
0.0
 30
0.0
  3
*D76
  1

  0
LINE
  5
4B6
330
4B3
100
AcDbEntity
  8
0
100
AcDbLine
 10
-45257.32405484967
 20
56423.85597874295
 30
0.0
 11
-45257.31869373112
 21
56423.85597874295
 31
0.0
  0
LINE
  5
4B7
330
4B3
100
AcDbEntity
  8
0
100
AcDbLine
 10
-45257.32405484967
 20
56422.35597874296
 30
0.0
 11
-45257.31869373112
 21
56422.35597874296
 31
0.0
  0
INSERT
  5
4B8
330
4B3
100
AcDbEntity
  8
SUBESTAÇÃO
100
AcDbBlockReference
  2
_CLOSEDFILLED
 10
-45257.06869373112
 20
56423.85597874295
 30
0.0
 41
0.15
 42
0.15
 50
270.0
  0
INSERT
  5
4BA
330
4B3
100
AcDbEntity
  8
SUBESTAÇÃO
100
AcDbBlockReference
  2
_CLOSEDFILLED
 10
-45257.06869373112
 20
56422.35597874296
 30
0.0
 41
0.15
 42
0.15
 50
90.0
  0
LINE
  5
4BC
330
4B3
100
AcDbEntity
  8
0
100
AcDbLine
 10
-45257.06869373112
 20
56424.00597874295
 30
0.0
 11
-45257.06869373112
 21
56422.20597874296
 31
0.0
  0
MTEXT
  5
4BD
330
4B3
100
AcDbEntity
  8
SUBESTAÇÃO
100
AcDbMText
 10
-45256.893693731115
 20
56423.105978742955
 30
0.0
 40
0.15
 71
5
  1
1,5m
  7
STANDARD
 50
90.0
  0
POINT
  5
4BE
330
4B3
100
AcDbEntity
  8
Defpoints
100
AcDbPoint
 10
-45257.06869373112
 20
56423.85597874295
 30
0.0
  0
POINT
  5
4BF
330
4B3
100
AcDbEntity
  8
Defpoints
100
AcDbPoint
 10
-45256.69905484967
 20
56423.85597874295
 30
0.0
  0
POINT
  5
4C0
330
4B3
100
AcDbEntity
  8
Defpoints
100
AcDbPoint
 10
-45256.69905484967
 20
56422.35597874296
 30
0.0
  0
ENDBLK
  5
4B5
330
4B3
100
AcDbEntity
  8
0
100
AcDbBlockEnd
  0
BLOCK
  5
4C3
330
4C2
100
AcDbEntity
  8
0
100
AcDbBlockBegin
  2
*D77
 70
1
 10
0.0
 20
0.0
 30
0.0
  3
*D77
  1

  0
LINE
  5
4C5
330
4C2
100
AcDbEntity
  8
0
100
AcDbLine
 10
-45257.32405497784
 20
56417.92953869701
 30
0.0
 11
-45257.32616392669
 21
56417.92953869701
 31
0.0
  0
LINE
  5
4C6
330
4C2
100
AcDbEntity
  8
0
100
AcDbLine
 10
-45257.32405497784
 20
56419.429538697
 30
0.0
 11
-45257.32616392669
 21
56419.429538697
 31
0.0
  0
INSERT
  5
4C7
330
4C2
100
AcDbEntity
  8
SUBESTAÇÃO
100
AcDbBlockReference
  2
_CLOSEDFILLED
 10
-45257.07616392669
 20
56417.92953869701
 30
0.0
 41
0.15
 42
0.15
 50
270.0
  0
INSERT
  5
4C9
330
4C2
100
AcDbEntity
  8
SUBESTAÇÃO
100
AcDbBlockReference
  2
_CLOSEDFILLED
 10
-45257.07616392669
 20
56419.429538697
 30
0.0
 41
0.15
 42
0.15
 50
90.0
  0
LINE
  5
4CB
330
4C2
100
AcDbEntity
  8
0
100
AcDbLine
 10
-45257.07616392669
 20
56418.07953869701
 30
0.0
 11
-45257.07616392669
 21
56419.279538696996
 31
0.0
  0
MTEXT
  5
4CC
330
4C2
100
AcDbEntity
  8
SUBESTAÇÃO
100
AcDbMText
 10
-45257.251163926696
 20
56418.679538697004
 30
0.0
 40
0.15
 71
5
  1
1,5m
  7
STANDARD
 50
90.0
  0
POINT
  5
4CD
330
4C2
100
AcDbEntity
  8
Defpoints
100
AcDbPoint
 10
-45257.07616392669
 20
56417.92953869701
 30
0.0
  0
POINT
  5
4CE
330
4C2
100
AcDbEntity
  8
Defpoints
100
AcDbPoint
 10
-45256.69905497784
 20
56417.92953869701
 30
0.0
  0
POINT
  5
4CF
330
4C2
100
AcDbEntity
  8
Defpoints
100
AcDbPoint
 10
-45256.69905497784
 20
56419.429538697
 30
0.0
  0
ENDBLK
  5
4C4
330
4C2
100
AcDbEntity
  8
0
100
AcDbBlockEnd
  0
BLOCK
  5
4D2
330
4D1
100
AcDbEntity
  8
0
100
AcDbBlockBegin
  2
*D78
 70
1
 10
0.0
 20
0.0
 30
0.0
  3
*D78
  1

  0
LINE
  5
4D4
330
4D1
100
AcDbEntity
  8
0
100
AcDbLine
 10
-45257.32405484969
 20
56422.35597874298
 30
0.0
 11
-45257.34103514935
 21
56422.35597874298
 31
0.0
  0
LINE
  5
4D5
330
4D1
100
AcDbEntity
  8
0
100
AcDbLine
 10
-45257.32405484969
 20
56419.35597874298
 30
0.0
 11
-45257.34103514935
 21
56419.35597874298
 31
0.0
  0
INSERT
  5
4D6
330
4D1
100
AcDbEntity
  8
SUBESTAÇÃO
100
AcDbBlockReference
  2
_CLOSEDFILLED
 10
-45257.09103514935
 20
56422.35597874298
 30
0.0
 41
0.15
 42
0.15
 50
270.0
  0
INSERT
  5
4D8
330
4D1
100
AcDbEntity
  8
SUBESTAÇÃO
100
AcDbBlockReference
  2
_CLOSEDFILLED
 10
-45257.09103514935
 20
56419.35597874298
 30
0.0
 41
0.15
 42
0.15
 50
90.0
  0
LINE
  5
4DA
330
4D1
100
AcDbEntity
  8
0
100
AcDbLine
 10
-45257.09103514935
 20
56422.50597874298
 30
0.0
 11
-45257.09103514935
 21
56419.205978742975
 31
0.0
  0
MTEXT
  5
4DB
330
4D1
100
AcDbEntity
  8
SUBESTAÇÃO
100
AcDbMText
 10
-45256.91603514935
 20
56420.85597874298
 30
0.0
 40
0.15
 71
5
  1
3m
  7
STANDARD
 50
90.0
  0
POINT
  5
4DC
330
4D1
100
AcDbEntity
  8
Defpoints
100
AcDbPoint
 10
-45257.09103514935
 20
56422.35597874298
 30
0.0
  0
POINT
  5
4DD
330
4D1
100
AcDbEntity
  8
Defpoints
100
AcDbPoint
 10
-45256.69905484969
 20
56422.35597874298
 30
0.0
  0
POINT
  5
4DE
330
4D1
100
AcDbEntity
  8
Defpoints
100
AcDbPoint
 10
-45256.69905484969
 20
56419.35597874298
 30
0.0
  0
ENDBLK
  5
4D3
330
4D1
100
AcDbEntity
  8
0
100
AcDbBlockEnd
  0
BLOCK
  5
4E1
330
4E0
100
AcDbEntity
  8
0
100
AcDbBlockBegin
  2
*D79
 70
1
 10
0.0
 20
0.0
 30
0.0
  3
*D79
  1

  0
LINE
  5
4E3
330
4E0
100
AcDbEntity
  8
0
100
AcDbLine
 10
-45251.09799292756
 20
56424.48097876265
 30
0.0
 11
-45251.09799292756
 21
56424.42236258151
 31
0.0
  0
LINE
  5
4E4
330
4E0
100
AcDbEntity
  8
0
100
AcDbLine
 10
-45249.34799292756
 20
56424.48097876265
 30
0.0
 11
-45249.34799292756
 21
56424.42236258151
 31
0.0
  0
INSERT
  5
4E5
330
4E0
100
AcDbEntity
  8
SUBESTAÇÃO
100
AcDbBlockReference
  2
_CLOSEDFILLED
 10
-45251.09799292756
 20
56424.17236258151
 30
0.0
 41
0.15
 42
0.15
 50
180.0
  0
INSERT
  5
4E7
330
4E0
100
AcDbEntity
  8
SUBESTAÇÃO
100
AcDbBlockReference
  2
_CLOSEDFILLED
 10
-45249.34799292756
 20
56424.17236258151
 30
0.0
 41
0.15
 42
0.15
  0
LINE
  5
4E9
330
4E0
100
AcDbEntity
  8
0
100
AcDbLine
 10
-45250.94799292756
 20
56424.17236258151
 30
0.0
 11
-45249.497992927565
 21
56424.17236258151
 31
0.0
  0
MTEXT
  5
4EA
330
4E0
100
AcDbEntity
  8
SUBESTAÇÃO
100
AcDbMText
 10
-45250.22299292756
 20
56424.34736258151
 30
0.0
 40
0.15
 71
5
  1
1,75m
  7
STANDARD
  0
POINT
  5
4EB
330
4E0
100
AcDbEntity
  8
Defpoints
100
AcDbPoint
 10
-45251.09799292756
 20
56424.17236258151
 30
0.0
  0
POINT
  5
4EC
330
4E0
100
AcDbEntity
  8
Defpoints
100
AcDbPoint
 10
-45251.09799292756
 20
56423.85597876265
 30
0.0
  0
POINT
  5
4ED
330
4E0
100
AcDbEntity
  8
Defpoints
100
AcDbPoint
 10
-45249.34799292756
 20
56423.85597876265
 30
0.0
  0
ENDBLK
  5
4E2
330
4E0
100
AcDbEntity
  8
0
100
AcDbBlockEnd
  0
BLOCK
  5
4F0
330
4EF
100
AcDbEntity
  8
0
100
AcDbBlockBegin
  2
*D80
 70
1
 10
0.0
 20
0.0
 30
0.0
  3
*D80
  1

  0
LINE
  5
4F2
330
4EF
100
AcDbEntity
  8
0
100
AcDbLine
 10
-45249.34799292756
 20
56424.48097884774
 30
0.0
 11
-45249.34799292756
 21
56424.3301800157
 31
0.0
  0
LINE
  5
4F3
330
4EF
100
AcDbEntity
  8
0
100
AcDbLine
 10
-45247.59799292756
 20
56424.48097884774
 30
0.0
 11
-45247.59799292756
 21
56424.3301800157
 31
0.0
  0
INSERT
  5
4F4
330
4EF
100
AcDbEntity
  8
SUBESTAÇÃO
100
AcDbBlockReference
  2
_CLOSEDFILLED
 10
-45249.34799292756
 20
56424.0801800157
 30
0.0
 41
0.15
 42
0.15
 50
180.0
  0
INSERT
  5
4F6
330
4EF
100
AcDbEntity
  8
SUBESTAÇÃO
100
AcDbBlockReference
  2
_CLOSEDFILLED
 10
-45247.59799292756
 20
56424.0801800157
 30
0.0
 41
0.15
 42
0.15
  0
LINE
  5
4F8
330
4EF
100
AcDbEntity
  8
0
100
AcDbLine
 10
-45249.19799292756
 20
56424.0801800157
 30
0.0
 11
-45247.747992927565
 21
56424.0801800157
 31
0.0
  0
MTEXT
  5
4F9
330
4EF
100
AcDbEntity
  8
SUBESTAÇÃO
100
AcDbMText
 10
-45248.47299292756
 20
56424.2551800157
 30
0.0
 40
0.15
 71
5
  1
1,75m
  7
STANDARD
  0
POINT
  5
4FA
330
4EF
100
AcDbEntity
  8
Defpoints
100
AcDbPoint
 10
-45249.34799292756
 20
56424.0801800157
 30
0.0
  0
POINT
  5
4FB
330
4EF
100
AcDbEntity
  8
Defpoints
100
AcDbPoint
 10
-45249.34799292756
 20
56423.85597884774
 30
0.0
  0
POINT
  5
4FC
330
4EF
100
AcDbEntity
  8
Defpoints
100
AcDbPoint
 10
-45247.59799292756
 20
56423.85597884774
 30
0.0
  0
ENDBLK
  5
4F1
330
4EF
100
AcDbEntity
  8
0
100
AcDbBlockEnd
  0
BLOCK
  5
4FF
330
4FE
100
AcDbEntity
  8
0
100
AcDbBlockBegin
  2
*D81
 70
1
 10
0.0
 20
0.0
 30
0.0
  3
*D81
  1

  0
LINE
  5
501
330
4FE
100
AcDbEntity
  8
0
100
AcDbLine
 10
-45229.41792064954
 20
56425.65196732525
 30
0.0
 11
-45229.62660959666
 21
56425.65196732525
 31
0.0
  0
LINE
  5
502
330
4FE
100
AcDbEntity
  8
0
100
AcDbLine
 10
-45229.41792064954
 20
56424.47196732526
 30
0.0
 11
-45229.62660959666
 21
56424.47196732526
 31
0.0
  0
INSERT
  5
503
330
4FE
100
AcDbEntity
  8
SUBESTAÇÃO
100
AcDbBlockReference
  2
_CLOSEDFILLED
 10
-45229.37660959666
 20
56425.65196732525
 30
0.0
 41
0.15
 42
0.15
 50
270.0
  0
INSERT
  5
505
330
4FE
100
AcDbEntity
  8
SUBESTAÇÃO
100
AcDbBlockReference
  2
_CLOSEDFILLED
 10
-45229.37660959666
 20
56424.47196732526
 30
0.0
 41
0.15
 42
0.15
 50
90.0
  0
LINE
  5
507
330
4FE
100
AcDbEntity
  8
0
100
AcDbLine
 10
-45229.37660959666
 20
56425.80196732525
 30
0.0
 11
-45229.37660959666
 21
56424.32196732526
 31
0.0
  0
MTEXT
  5
508
330
4FE
100
AcDbEntity
  8
SUBESTAÇÃO
100
AcDbMText
 10
-45229.201609596654
 20
56425.06196732525
 30
0.0
 40
0.15
 71
5
  1
1,18m
  7
STANDARD
 50
90.0
  0
POINT
  5
509
330
4FE
100
AcDbEntity
  8
Defpoints
100
AcDbPoint
 10
-45229.37660959666
 20
56425.65196732525
 30
0.0
  0
POINT
  5
50A
330
4FE
100
AcDbEntity
  8
Defpoints
100
AcDbPoint
 10
-45228.79292064954
 20
56425.65196732525
 30
0.0
  0
POINT
  5
50B
330
4FE
100
AcDbEntity
  8
Defpoints
100
AcDbPoint
 10
-45228.79292064954
 20
56424.47196732526
 30
0.0
  0
ENDBLK
  5
500
330
4FE
100
AcDbEntity
  8
0
100
AcDbBlockEnd
  0
BLOCK
  5
50E
330
50D
100
AcDbEntity
  8
0
100
AcDbBlockBegin
  2
*D82
 70
1
 10
0.0
 20
0.0
 30
0.0
  3
*D82
  1

  0
LINE
  5
510
330
50D
100
AcDbEntity
  8
0
100
AcDbLine
 10
-45229.41792064962
 20
56420.97666159688
 30
0.0
 11
-45229.64161915625
 21
56420.97666159688
 31
0.0
  0
LINE
  5
511
330
50D
100
AcDbEntity
  8
0
100
AcDbLine
 10
-45229.41792064962
 20
56422.15666159688
 30
0.0
 11
-45229.64161915625
 21
56422.15666159688
 31
0.0
  0
INSERT
  5
512
330
50D
100
AcDbEntity
  8
SUBESTAÇÃO
100
AcDbBlockReference
  2
_CLOSEDFILLED
 10
-45229.39161915625
 20
56420.97666159688
 30
0.0
 41
0.15
 42
0.15
 50
270.0
  0
INSERT
  5
514
330
50D
100
AcDbEntity
  8
SUBESTAÇÃO
100
AcDbBlockReference
  2
_CLOSEDFILLED
 10
-45229.39161915625
 20
56422.15666159688
 30
0.0
 41
0.15
 42
0.15
 50
90.0
  0
LINE
  5
516
330
50D
100
AcDbEntity
  8
0
100
AcDbLine
 10
-45229.39161915625
 20
56421.12666159688
 30
0.0
 11
-45229.39161915625
 21
56422.006661596875
 31
0.0
  0
MTEXT
  5
517
330
50D
100
AcDbEntity
  8
SUBESTAÇÃO
100
AcDbMText
 10
-45229.566619156256
 20
56421.56666159688
 30
0.0
 40
0.15
 71
5
  1
1,18m
  7
STANDARD
 50
90.0
  0
POINT
  5
518
330
50D
100
AcDbEntity
  8
Defpoints
100
AcDbPoint
 10
-45229.39161915625
 20
56420.97666159688
 30
0.0
  0
POINT
  5
519
330
50D
100
AcDbEntity
  8
Defpoints
100
AcDbPoint
 10
-45228.79292064962
 20
56420.97666159688
 30
0.0
  0
POINT
  5
51A
330
50D
100
AcDbEntity
  8
Defpoints
100
AcDbPoint
 10
-45228.79292064962
 20
56422.15666159688
 30
0.0
  0
ENDBLK
  5
50F
330
50D
100
AcDbEntity
  8
0
100
AcDbBlockEnd
  0
BLOCK
  5
51D
330
51C
100
AcDbEntity
  8
0
100
AcDbBlockBegin
  2
*D83
 70
1
 10
0.0
 20
0.0
 30
0.0
  3
*D83
  1

  0
LINE
  5
51F
330
51C
100
AcDbEntity
  8
0
100
AcDbLine
 10
-45229.41792064964
 20
56422.15666159691
 30
0.0
 11
-45230.53230164064
 21
56422.15666159691
 31
0.0
  0
LINE
  5
520
330
51C
100
AcDbEntity
  8
0
100
AcDbLine
 10
-45229.41792064964
 20
56424.50666159691
 30
0.0
 11
-45230.53230164064
 21
56424.50666159691
 31
0.0
  0
INSERT
  5
521
330
51C
100
AcDbEntity
  8
SUBESTAÇÃO
100
AcDbBlockReference
  2
_CLOSEDFILLED
 10
-45230.28230164064
 20
56422.15666159691
 30
0.0
 41
0.15
 42
0.15
 50
270.0
  0
INSERT
  5
523
330
51C
100
AcDbEntity
  8
SUBESTAÇÃO
100
AcDbBlockReference
  2
_CLOSEDFILLED
 10
-45230.28230164064
 20
56424.50666159691
 30
0.0
 41
0.15
 42
0.15
 50
90.0
  0
LINE
  5
525
330
51C
100
AcDbEntity
  8
0
100
AcDbLine
 10
-45230.28230164064
 20
56422.306661596915
 30
0.0
 11
-45230.28230164064
 21
56424.35666159691
 31
0.0
  0
MTEXT
  5
526
330
51C
100
AcDbEntity
  8
SUBESTAÇÃO
100
AcDbMText
 10
-45230.45730164064
 20
56423.33166159691
 30
0.0
 40
0.15
 71
5
  1
2,35m
  7
STANDARD
 50
90.0
  0
POINT
  5
527
330
51C
100
AcDbEntity
  8
Defpoints
100
AcDbPoint
 10
-45230.28230164064
 20
56422.15666159691
 30
0.0
  0
POINT
  5
528
330
51C
100
AcDbEntity
  8
Defpoints
100
AcDbPoint
 10
-45228.79292064964
 20
56422.15666159691
 30
0.0
  0
POINT
  5
529
330
51C
100
AcDbEntity
  8
Defpoints
100
AcDbPoint
 10
-45228.79292064964
 20
56424.50666159691
 30
0.0
  0
ENDBLK
  5
51E
330
51C
100
AcDbEntity
  8
0
100
AcDbBlockEnd
  0
BLOCK
  5
52C
330
52B
100
AcDbEntity
  8
0
100
AcDbBlockBegin
  2
*D84
 70
1
 10
0.0
 20
0.0
 30
0.0
  3
*D84
  1

  0
LINE
  5
52E
330
52B
100
AcDbEntity
  8
0
100
AcDbLine
 10
-45228.79292064368
 20
56426.27696732524
 30
0.0
 11
-45228.79292064368
 21
56426.30509418527
 31
0.0
  0
LINE
  5
52F
330
52B
100
AcDbEntity
  8
0
100
AcDbLine
 10
-45227.86292064369
 20
56426.27696732525
 30
0.0
 11
-45227.86292064369
 21
56426.30509418527
 31
0.0
  0
INSERT
  5
530
330
52B
100
AcDbEntity
  8
SUBESTAÇÃO
100
AcDbBlockReference
  2
_CLOSEDFILLED
 10
-45228.79292064368
 20
56426.05509418527
 30
0.0
 41
0.15
 42
0.15
 50
180.0
  0
INSERT
  5
532
330
52B
100
AcDbEntity
  8
SUBESTAÇÃO
100
AcDbBlockReference
  2
_CLOSEDFILLED
 10
-45227.86292064369
 20
56426.05509418527
 30
0.0
 41
0.15
 42
0.15
  0
LINE
  5
534
330
52B
100
AcDbEntity
  8
0
100
AcDbLine
 10
-45228.64292064368
 20
56426.05509418527
 30
0.0
 11
-45228.01292064369
 21
56426.05509418527
 31
0.0
  0
MTEXT
  5
535
330
52B
100
AcDbEntity
  8
SUBESTAÇÃO
100
AcDbMText
 10
-45228.327920643686
 20
56426.23009418527
 30
0.0
 40
0.15
 71
5
  1
0,93m
  7
STANDARD
  0
POINT
  5
536
330
52B
100
AcDbEntity
  8
Defpoints
100
AcDbPoint
 10
-45228.79292064368
 20
56426.05509418527
 30
0.0
  0
POINT
  5
537
330
52B
100
AcDbEntity
  8
Defpoints
100
AcDbPoint
 10
-45228.79292064368
 20
56425.65196732524
 30
0.0
  0
POINT
  5
538
330
52B
100
AcDbEntity
  8
Defpoints
100
AcDbPoint
 10
-45227.86292064369
 20
56425.65196732525
 30
0.0
  0
ENDBLK
  5
52D
330
52B
100
AcDbEntity
  8
0
100
AcDbBlockEnd
  0
BLOCK
  5
53B
330
53A
100
AcDbEntity
  8
0
100
AcDbBlockBegin
  2
*D85
 70
1
 10
0.0
 20
0.0
 30
0.0
  3
*D85
  1

  0
LINE
  5
53D
330
53A
100
AcDbEntity
  8
0
100
AcDbLine
 10
-45223.12840255521
 20
56426.27696732527
 30
0.0
 11
-45223.12840255521
 21
56426.30509418527
 31
0.0
  0
LINE
  5
53E
330
53A
100
AcDbEntity
  8
0
100
AcDbLine
 10
-45224.05840255521
 20
56426.27696732527
 30
0.0
 11
-45224.05840255521
 21
56426.30509418527
 31
0.0
  0
INSERT
  5
53F
330
53A
100
AcDbEntity
  8
SUBESTAÇÃO
100
AcDbBlockReference
  2
_CLOSEDFILLED
 10
-45223.12840255521
 20
56426.05509418527
 30
0.0
 41
0.15
 42
0.15
 50
180.0
  0
INSERT
  5
541
330
53A
100
AcDbEntity
  8
SUBESTAÇÃO
100
AcDbBlockReference
  2
_CLOSEDFILLED
 10
-45224.05840255521
 20
56426.05509418527
 30
0.0
 41
0.15
 42
0.15
  0
LINE
  5
543
330
53A
100
AcDbEntity
  8
0
100
AcDbLine
 10
-45222.97840255521
 20
56426.05509418527
 30
0.0
 11
-45224.20840255521
 21
56426.05509418527
 31
0.0
  0
MTEXT
  5
544
330
53A
100
AcDbEntity
  8
SUBESTAÇÃO
100
AcDbMText
 10
-45223.59340255521
 20
56425.88009418527
 30
0.0
 40
0.15
 71
5
  1
0,93m
  7
STANDARD
  0
POINT
  5
545
330
53A
100
AcDbEntity
  8
Defpoints
100
AcDbPoint
 10
-45223.12840255521
 20
56426.05509418527
 30
0.0
  0
POINT
  5
546
330
53A
100
AcDbEntity
  8
Defpoints
100
AcDbPoint
 10
-45223.12840255521
 20
56425.65196732527
 30
0.0
  0
POINT
  5
547
330
53A
100
AcDbEntity
  8
Defpoints
100
AcDbPoint
 10
-45224.05840255521
 20
56425.65196732527
 30
0.0
  0
ENDBLK
  5
53C
330
53A
100
AcDbEntity
  8
0
100
AcDbBlockEnd
  0
BLOCK
  5
54A
330
549
100
AcDbEntity
  8
0
100
AcDbBlockBegin
  2
*D86
 70
1
 10
0.0
 20
0.0
 30
0.0
  3
*D86
  1

  0
LINE
  5
54C
330
549
100
AcDbEntity
  8
0
100
AcDbLine
 10
-45227.86292064369
 20
56426.27696732525
 30
0.0
 11
-45227.86292064369
 21
56426.97379631422
 31
0.0
  0
LINE
  5
54D
330
549
100
AcDbEntity
  8
0
100
AcDbLine
 10
-45225.99292064368
 20
56426.27696732528
 30
0.0
 11
-45225.99292064368
 21
56426.97379631422
 31
0.0
  0
INSERT
  5
54E
330
549
100
AcDbEntity
  8
SUBESTAÇÃO
100
AcDbBlockReference
  2
_CLOSEDFILLED
 10
-45227.86292064369
 20
56426.72379631422
 30
0.0
 41
0.15
 42
0.15
 50
180.0
  0
INSERT
  5
550
330
549
100
AcDbEntity
  8
SUBESTAÇÃO
100
AcDbBlockReference
  2
_CLOSEDFILLED
 10
-45225.99292064368
 20
56426.72379631422
 30
0.0
 41
0.15
 42
0.15
  0
LINE
  5
552
330
549
100
AcDbEntity
  8
0
100
AcDbLine
 10
-45227.71292064369
 20
56426.72379631422
 30
0.0
 11
-45226.14292064368
 21
56426.72379631422
 31
0.0
  0
MTEXT
  5
553
330
549
100
AcDbEntity
  8
SUBESTAÇÃO
100
AcDbMText
 10
-45226.927920643684
 20
56426.89879631422
 30
0.0
 40
0.15
 71
5
  1
1,87m
  7
STANDARD
  0
POINT
  5
554
330
549
100
AcDbEntity
  8
Defpoints
100
AcDbPoint
 10
-45227.86292064369
 20
56426.72379631422
 30
0.0
  0
POINT
  5
555
330
549
100
AcDbEntity
  8
Defpoints
100
AcDbPoint
 10
-45227.86292064369
 20
56425.65196732525
 30
0.0
  0
POINT
  5
556
330
549
100
AcDbEntity
  8
Defpoints
100
AcDbPoint
 10
-45225.99292064368
 20
56425.65196732528
 30
0.0
  0
ENDBLK
  5
54B
330
549
100
AcDbEntity
  8
0
100
AcDbBlockEnd
  0
BLOCK
  5
559
330
558
100
AcDbEntity
  8
0
100
AcDbBlockBegin
  2
*D87
 70
1
 10
0.0
 20
0.0
 30
0.0
  3
*D87
  1

  0
LINE
  5
55B
330
558
100
AcDbEntity
  8
0
100
AcDbLine
 10
-45224.05840255521
 20
56426.27696732527
 30
0.0
 11
-45224.05840255521
 21
56426.99287314849
 31
0.0
  0
LINE
  5
55C
330
558
100
AcDbEntity
  8
0
100
AcDbLine
 10
-45225.92840255521
 20
56426.27696732527
 30
0.0
 11
-45225.92840255521
 21
56426.99287314849
 31
0.0
  0
INSERT
  5
55D
330
558
100
AcDbEntity
  8
SUBESTAÇÃO
100
AcDbBlockReference
  2
_CLOSEDFILLED
 10
-45224.05840255521
 20
56426.74287314849
 30
0.0
 41
0.15
 42
0.15
 50
180.0
  0
INSERT
  5
55F
330
558
100
AcDbEntity
  8
SUBESTAÇÃO
100
AcDbBlockReference
  2
_CLOSEDFILLED
 10
-45225.92840255521
 20
56426.74287314849
 30
0.0
 41
0.15
 42
0.15
  0
LINE
  5
561
330
558
100
AcDbEntity
  8
0
100
AcDbLine
 10
-45223.90840255521
 20
56426.74287314849
 30
0.0
 11
-45226.07840255521
 21
56426.74287314849
 31
0.0
  0
MTEXT
  5
562
330
558
100
AcDbEntity
  8
SUBESTAÇÃO
100
AcDbMText
 10
-45224.99340255521
 20
56426.56787314849
 30
0.0
 40
0.15
 71
5
  1
1,87m
  7
STANDARD
  0
POINT
  5
563
330
558
100
AcDbEntity
  8
Defpoints
100
AcDbPoint
 10
-45224.05840255521
 20
56426.74287314849
 30
0.0
  0
POINT
  5
564
330
558
100
AcDbEntity
  8
Defpoints
100
AcDbPoint
 10
-45224.05840255521
 20
56425.65196732527
 30
0.0
  0
POINT
  5
565
330
558
100
AcDbEntity
  8
Defpoints
100
AcDbPoint
 10
-45225.92840255521
 20
56425.65196732527
 30
0.0
  0
ENDBLK
  5
55A
330
558
100
AcDbEntity
  8
0
100
AcDbBlockEnd
  0
BLOCK
  5
568
330
567
100
AcDbEntity
  8
0
100
AcDbBlockBegin
  2
*D88
 70
1
 10
0.0
 20
0.0
 30
0.0
  3
*D88
  1

  0
LINE
  5
56A
330
567
100
AcDbEntity
  8
0
100
AcDbLine
 10
-45229.41792064962
 20
56420.82666159689
 30
0.0
 11
-45229.39759276775
 21
56420.82666159689
 31
0.0
  0
LINE
  5
56B
330
567
100
AcDbEntity
  8
0
100
AcDbLine
 10
-45229.41792064962
 20
56419.47666159689
 30
0.0
 11
-45229.39759276775
 21
56419.47666159689
 31
0.0
  0
INSERT
  5
56C
330
567
100
AcDbEntity
  8
SUBESTAÇÃO
100
AcDbBlockReference
  2
_CLOSEDFILLED
 10
-45229.14759276775
 20
56420.82666159689
 30
0.0
 41
0.15
 42
0.15
 50
270.0
  0
INSERT
  5
56E
330
567
100
AcDbEntity
  8
SUBESTAÇÃO
100
AcDbBlockReference
  2
_CLOSEDFILLED
 10
-45229.14759276775
 20
56419.47666159689
 30
0.0
 41
0.15
 42
0.15
 50
90.0
  0
LINE
  5
570
330
567
100
AcDbEntity
  8
0
100
AcDbLine
 10
-45229.14759276775
 20
56420.97666159689
 30
0.0
 11
-45229.14759276775
 21
56419.32666159689
 31
0.0
  0
MTEXT
  5
571
330
567
100
AcDbEntity
  8
SUBESTAÇÃO
100
AcDbMText
 10
-45228.97259276775
 20
56420.15166159689
 30
0.0
 40
0.15
 71
5
  1
1,35m
  7
STANDARD
 50
90.0
  0
POINT
  5
572
330
567
100
AcDbEntity
  8
Defpoints
100
AcDbPoint
 10
-45229.14759276775
 20
56420.82666159689
 30
0.0
  0
POINT
  5
573
330
567
100
AcDbEntity
  8
Defpoints
100
AcDbPoint
 10
-45228.79292064962
 20
56420.82666159689
 30
0.0
  0
POINT
  5
574
330
567
100
AcDbEntity
  8
Defpoints
100
AcDbPoint
 10
-45228.79292064962
 20
56419.47666159689
 30
0.0
  0
ENDBLK
  5
569
330
567
100
AcDbEntity
  8
0
100
AcDbBlockEnd
  0
BLOCK
  5
577
330
576
100
AcDbEntity
  8
0
100
AcDbBlockBegin
  2
*D89
 70
1
 10
0.0
 20
0.0
 30
0.0
  3
*D89
  1

  0
LINE
  5
579
330
576
100
AcDbEntity
  8
0
100
AcDbLine
 10
-45229.41792064954
 20
56417.92953869701
 30
0.0
 11
-45229.33401635332
 21
56417.92953869701
 31
0.0
  0
LINE
  5
57A
330
576
100
AcDbEntity
  8
0
100
AcDbLine
 10
-45229.41792064954
 20
56419.27953869701
 30
0.0
 11
-45229.33401635332
 21
56419.27953869701
 31
0.0
  0
INSERT
  5
57B
330
576
100
AcDbEntity
  8
SUBESTAÇÃO
100
AcDbBlockReference
  2
_CLOSEDFILLED
 10
-45229.08401635332
 20
56417.92953869701
 30
0.0
 41
0.15
 42
0.15
 50
270.0
  0
INSERT
  5
57D
330
576
100
AcDbEntity
  8
SUBESTAÇÃO
100
AcDbBlockReference
  2
_CLOSEDFILLED
 10
-45229.08401635332
 20
56419.27953869701
 30
0.0
 41
0.15
 42
0.15
 50
90.0
  0
LINE
  5
57F
330
576
100
AcDbEntity
  8
0
100
AcDbLine
 10
-45229.08401635332
 20
56418.07953869701
 30
0.0
 11
-45229.08401635332
 21
56419.12953869701
 31
0.0
  0
MTEXT
  5
580
330
576
100
AcDbEntity
  8
SUBESTAÇÃO
100
AcDbMText
 10
-45229.259016353324
 20
56418.60453869701
 30
0.0
 40
0.15
 71
5
  1
1,35m
  7
STANDARD
 50
90.0
  0
POINT
  5
581
330
576
100
AcDbEntity
  8
Defpoints
100
AcDbPoint
 10
-45229.08401635332
 20
56417.92953869701
 30
0.0
  0
POINT
  5
582
330
576
100
AcDbEntity
  8
Defpoints
100
AcDbPoint
 10
-45228.79292064954
 20
56417.92953869701
 30
0.0
  0
POINT
  5
583
330
576
100
AcDbEntity
  8
Defpoints
100
AcDbPoint
 10
-45228.79292064954
 20
56419.27953869701
 30
0.0
  0
ENDBLK
  5
578
330
576
100
AcDbEntity
  8
0
100
AcDbBlockEnd
  0
BLOCK
  5
586
330
585
100
AcDbEntity
  8
0
100
AcDbBlockBegin
  2
*D90
 70
1
 10
0.0
 20
0.0
 30
0.0
  3
*D90
  1

  0
LINE
  5
588
330
585
100
AcDbEntity
  8
0
100
AcDbLine
 10
-45228.79292064962
 20
56421.45166159689
 30
0.0
 11
-45228.79292064962
 21
56421.40575797122
 31
0.0
  0
LINE
  5
589
330
585
100
AcDbEntity
  8
0
100
AcDbLine
 10
-45228.09292064962
 20
56421.45166159689
 30
0.0
 11
-45228.09292064962
 21
56421.40575797122
 31
0.0
  0
INSERT
  5
58A
330
585
100
AcDbEntity
  8
SUBESTAÇÃO
100
AcDbBlockReference
  2
_CLOSEDFILLED
 10
-45228.79292064962
 20
56421.15575797122
 30
0.0
 41
0.15
 42
0.15
 50
180.0
  0
INSERT
  5
58C
330
585
100
AcDbEntity
  8
SUBESTAÇÃO
100
AcDbBlockReference
  2
_CLOSEDFILLED
 10
-45228.09292064962
 20
56421.15575797122
 30
0.0
 41
0.15
 42
0.15
  0
LINE
  5
58E
330
585
100
AcDbEntity
  8
0
100
AcDbLine
 10
-45228.64292064962
 20
56421.15575797122
 30
0.0
 11
-45228.24292064962
 21
56421.15575797122
 31
0.0
  0
MTEXT
  5
58F
330
585
100
AcDbEntity
  8
SUBESTAÇÃO
100
AcDbMText
 10
-45228.44292064962
 20
56421.33075797122
 30
0.0
 40
0.15
 71
5
  1
0,7m
  7
STANDARD
  0
POINT
  5
590
330
585
100
AcDbEntity
  8
Defpoints
100
AcDbPoint
 10
-45228.79292064962
 20
56421.15575797122
 30
0.0
  0
POINT
  5
591
330
585
100
AcDbEntity
  8
Defpoints
100
AcDbPoint
 10
-45228.79292064962
 20
56420.82666159689
 30
0.0
  0
POINT
  5
592
330
585
100
AcDbEntity
  8
Defpoints
100
AcDbPoint
 10
-45228.09292064962
 20
56420.82666159689
 30
0.0
  0
ENDBLK
  5
587
330
585
100
AcDbEntity
  8
0
100
AcDbBlockEnd
  0
BLOCK
  5
595
330
594
100
AcDbEntity
  8
0
100
AcDbBlockBegin
  2
*D91
 70
1
 10
0.0
 20
0.0
 30
0.0
  3
*D91
  1

  0
LINE
  5
597
330
594
100
AcDbEntity
  8
0
100
AcDbLine
 10
-45223.12840256105
 20
56421.45166159689
 30
0.0
 11
-45223.12840256105
 21
56421.49884616963
 31
0.0
  0
LINE
  5
598
330
594
100
AcDbEntity
  8
0
100
AcDbLine
 10
-45223.82840256104
 20
56421.45166159689
 30
0.0
 11
-45223.82840256104
 21
56421.49884616963
 31
0.0
  0
INSERT
  5
599
330
594
100
AcDbEntity
  8
SUBESTAÇÃO
100
AcDbBlockReference
  2
_CLOSEDFILLED
 10
-45223.12840256105
 20
56421.24884616963
 30
0.0
 41
0.15
 42
0.15
 50
180.0
  0
INSERT
  5
59B
330
594
100
AcDbEntity
  8
SUBESTAÇÃO
100
AcDbBlockReference
  2
_CLOSEDFILLED
 10
-45223.82840256104
 20
56421.24884616963
 30
0.0
 41
0.15
 42
0.15
  0
LINE
  5
59D
330
594
100
AcDbEntity
  8
0
100
AcDbLine
 10
-45222.97840256105
 20
56421.24884616963
 30
0.0
 11
-45223.97840256104
 21
56421.24884616963
 31
0.0
  0
MTEXT
  5
59E
330
594
100
AcDbEntity
  8
SUBESTAÇÃO
100
AcDbMText
 10
-45223.47840256104
 20
56421.073846169624
 30
0.0
 40
0.15
 71
5
  1
0,7m
  7
STANDARD
  0
POINT
  5
59F
330
594
100
AcDbEntity
  8
Defpoints
100
AcDbPoint
 10
-45223.12840256105
 20
56421.24884616963
 30
0.0
  0
POINT
  5
5A0
330
594
100
AcDbEntity
  8
Defpoints
100
AcDbPoint
 10
-45223.12840256105
 20
56420.82666159689
 30
0.0
  0
POINT
  5
5A1
330
594
100
AcDbEntity
  8
Defpoints
100
AcDbPoint
 10
-45223.82840256104
 20
56420.82666159689
 30
0.0
  0
ENDBLK
  5
596
330
594
100
AcDbEntity
  8
0
100
AcDbBlockEnd
  0
BLOCK
  5
5A4
330
5A3
100
AcDbEntity
  8
0
100
AcDbBlockBegin
  2
*D92
 70
1
 10
0.0
 20
0.0
 30
0.0
  3
*D92
  1

  0
LINE
  5
5A6
330
5A3
100
AcDbEntity
  8
0
100
AcDbLine
 10
-45228.09292064962
 20
56421.45166159689
 30
0.0
 11
-45228.09292064962
 21
56421.40575797122
 31
0.0
  0
LINE
  5
5A7
330
5A3
100
AcDbEntity
  8
0
100
AcDbLine
 10
-45226.69292064962
 20
56421.45166159689
 30
0.0
 11
-45226.69292064962
 21
56421.40575797122
 31
0.0
  0
INSERT
  5
5A8
330
5A3
100
AcDbEntity
  8
SUBESTAÇÃO
100
AcDbBlockReference
  2
_CLOSEDFILLED
 10
-45228.09292064962
 20
56421.15575797122
 30
0.0
 41
0.15
 42
0.15
 50
180.0
  0
INSERT
  5
5AA
330
5A3
100
AcDbEntity
  8
SUBESTAÇÃO
100
AcDbBlockReference
  2
_CLOSEDFILLED
 10
-45226.69292064962
 20
56421.15575797122
 30
0.0
 41
0.15
 42
0.15
  0
LINE
  5
5AC
330
5A3
100
AcDbEntity
  8
0
100
AcDbLine
 10
-45227.94292064962
 20
56421.15575797122
 30
0.0
 11
-45226.84292064962
 21
56421.15575797122
 31
0.0
  0
MTEXT
  5
5AD
330
5A3
100
AcDbEntity
  8
SUBESTAÇÃO
100
AcDbMText
 10
-45227.392920649625
 20
56421.33075797122
 30
0.0
 40
0.15
 71
5
  1
1,4m
  7
STANDARD
  0
POINT
  5
5AE
330
5A3
100
AcDbEntity
  8
Defpoints
100
AcDbPoint
 10
-45228.09292064962
 20
56421.15575797122
 30
0.0
  0
POINT
  5
5AF
330
5A3
100
AcDbEntity
  8
Defpoints
100
AcDbPoint
 10
-45228.09292064962
 20
56420.82666159689
 30
0.0
  0
POINT
  5
5B0
330
5A3
100
AcDbEntity
  8
Defpoints
100
AcDbPoint
 10
-45226.69292064962
 20
56420.82666159689
 30
0.0
  0
ENDBLK
  5
5A5
330
5A3
100
AcDbEntity
  8
0
100
AcDbBlockEnd
  0
BLOCK
  5
5B3
330
5B2
100
AcDbEntity
  8
0
100
AcDbBlockBegin
  2
*D93
 70
1
 10
0.0
 20
0.0
 30
0.0
  3
*D93
  1

  0
LINE
  5
5B5
330
5B2
100
AcDbEntity
  8
0
100
AcDbLine
 10
-45223.82840256104
 20
56421.45166159689
 30
0.0
 11
-45223.82840256104
 21
56421.49884616963
 31
0.0
  0
LINE
  5
5B6
330
5B2
100
AcDbEntity
  8
0
100
AcDbLine
 10
-45225.22840256104
 20
56421.45166159689
 30
0.0
 11
-45225.22840256104
 21
56421.49884616963
 31
0.0
  0
INSERT
  5
5B7
330
5B2
100
AcDbEntity
  8
SUBESTAÇÃO
100
AcDbBlockReference
  2
_CLOSEDFILLED
 10
-45223.82840256104
 20
56421.24884616963
 30
0.0
 41
0.15
 42
0.15
 50
180.0
  0
INSERT
  5
5B9
330
5B2
100
AcDbEntity
  8
SUBESTAÇÃO
100
AcDbBlockReference
  2
_CLOSEDFILLED
 10
-45225.22840256104
 20
56421.24884616963
 30
0.0
 41
0.15
 42
0.15
  0
LINE
  5
5BB
330
5B2
100
AcDbEntity
  8
0
100
AcDbLine
 10
-45223.67840256104
 20
56421.24884616963
 30
0.0
 11
-45225.378402561044
 21
56421.24884616963
 31
0.0
  0
MTEXT
  5
5BC
330
5B2
100
AcDbEntity
  8
SUBESTAÇÃO
100
AcDbMText
 10
-45224.528402561045
 20
56421.073846169624
 30
0.0
 40
0.15
 71
5
  1
1,4m
  7
STANDARD
  0
POINT
  5
5BD
330
5B2
100
AcDbEntity
  8
Defpoints
100
AcDbPoint
 10
-45223.82840256104
 20
56421.24884616963
 30
0.0
  0
POINT
  5
5BE
330
5B2
100
AcDbEntity
  8
Defpoints
100
AcDbPoint
 10
-45223.82840256104
 20
56420.82666159689
 30
0.0
  0
POINT
  5
5BF
330
5B2
100
AcDbEntity
  8
Defpoints
100
AcDbPoint
 10
-45225.22840256104
 20
56420.82666159689
 30
0.0
  0
ENDBLK
  5
5B4
330
5B2
100
AcDbEntity
  8
0
100
AcDbBlockEnd
  0
BLOCK
  5
5C2
330
5C1
100
AcDbEntity
  8
0
100
AcDbBlockBegin
  2
*D94
 70
1
 10
0.0
 20
0.0
 30
0.0
  3
*D94
  1

  0
LINE
  5
5C4
330
5C1
100
AcDbEntity
  8
0
100
AcDbLine
 10
-45226.69292064962
 20
56421.45166159689
 30
0.0
 11
-45226.69292064962
 21
56421.49884616963
 31
0.0
  0
LINE
  5
5C5
330
5C1
100
AcDbEntity
  8
0
100
AcDbLine
 10
-45225.29292064962
 20
56421.45166159689
 30
0.0
 11
-45225.29292064962
 21
56421.49884616963
 31
0.0
  0
INSERT
  5
5C6
330
5C1
100
AcDbEntity
  8
SUBESTAÇÃO
100
AcDbBlockReference
  2
_CLOSEDFILLED
 10
-45226.69292064962
 20
56421.24884616963
 30
0.0
 41
0.15
 42
0.15
 50
180.0
  0
INSERT
  5
5C8
330
5C1
100
AcDbEntity
  8
SUBESTAÇÃO
100
AcDbBlockReference
  2
_CLOSEDFILLED
 10
-45225.29292064962
 20
56421.24884616963
 30
0.0
 41
0.15
 42
0.15
  0
LINE
  5
5CA
330
5C1
100
AcDbEntity
  8
0
100
AcDbLine
 10
-45226.54292064962
 20
56421.24884616963
 30
0.0
 11
-45225.44292064962
 21
56421.24884616963
 31
0.0
  0
MTEXT
  5
5CB
330
5C1
100
AcDbEntity
  8
SUBESTAÇÃO
100
AcDbMText
 10
-45225.992920649616
 20
56421.42384616963
 30
0.0
 40
0.15
 71
5
  1
1,4m
  7
STANDARD
  0
POINT
  5
5CC
330
5C1
100
AcDbEntity
  8
Defpoints
100
AcDbPoint
 10
-45226.69292064962
 20
56421.24884616963
 30
0.0
  0
POINT
  5
5CD
330
5C1
100
AcDbEntity
  8
Defpoints
100
AcDbPoint
 10
-45226.69292064962
 20
56420.82666159689
 30
0.0
  0
POINT
  5
5CE
330
5C1
100
AcDbEntity
  8
Defpoints
100
AcDbPoint
 10
-45225.29292064962
 20
56420.82666159689
 30
0.0
  0
ENDBLK
  5
5C3
330
5C1
100
AcDbEntity
  8
0
100
AcDbBlockEnd
  0
BLOCK
  5
5D1
330
5D0
100
AcDbEntity
  8
0
100
AcDbBlockBegin
  2
*D95
 70
1
 10
0.0
 20
0.0
 30
0.0
  3
*D95
  1

  0
LINE
  5
5D3
330
5D0
100
AcDbEntity
  8
0
100
AcDbLine
 10
-45222.97840255519
 20
56426.27696732526
 30
0.0
 11
-45222.97840255519
 21
56426.33166669602
 31
0.0
  0
LINE
  5
5D4
330
5D0
100
AcDbEntity
  8
0
100
AcDbLine
 10
-45221.84840255519
 20
56426.27696732526
 30
0.0
 11
-45221.84840255519
 21
56426.33166669602
 31
0.0
  0
INSERT
  5
5D5
330
5D0
100
AcDbEntity
  8
SUBESTAÇÃO
100
AcDbBlockReference
  2
_CLOSEDFILLED
 10
-45222.97840255519
 20
56426.08166669602
 30
0.0
 41
0.15
 42
0.15
 50
180.0
  0
INSERT
  5
5D7
330
5D0
100
AcDbEntity
  8
SUBESTAÇÃO
100
AcDbBlockReference
  2
_CLOSEDFILLED
 10
-45221.84840255519
 20
56426.08166669602
 30
0.0
 41
0.15
 42
0.15
  0
LINE
  5
5D9
330
5D0
100
AcDbEntity
  8
0
100
AcDbLine
 10
-45222.82840255519
 20
56426.08166669602
 30
0.0
 11
-45221.99840255519
 21
56426.08166669602
 31
0.0
  0
MTEXT
  5
5DA
330
5D0
100
AcDbEntity
  8
SUBESTAÇÃO
100
AcDbMText
 10
-45222.41340255519
 20
56426.25666669603
 30
0.0
 40
0.15
 71
5
  1
1,13m
  7
STANDARD
  0
POINT
  5
5DB
330
5D0
100
AcDbEntity
  8
Defpoints
100
AcDbPoint
 10
-45222.97840255519
 20
56426.08166669602
 30
0.0
  0
POINT
  5
5DC
330
5D0
100
AcDbEntity
  8
Defpoints
100
AcDbPoint
 10
-45222.97840255519
 20
56425.65196732526
 30
0.0
  0
POINT
  5
5DD
330
5D0
100
AcDbEntity
  8
Defpoints
100
AcDbPoint
 10
-45221.84840255519
 20
56425.65196732526
 30
0.0
  0
ENDBLK
  5
5D2
330
5D0
100
AcDbEntity
  8
0
100
AcDbBlockEnd
  0
BLOCK
  5
5E0
330
5DF
100
AcDbEntity
  8
0
100
AcDbBlockBegin
  2
*D96
 70
1
 10
0.0
 20
0.0
 30
0.0
  3
*D96
  1

  0
LINE
  5
5E2
330
5DF
100
AcDbEntity
  8
0
100
AcDbLine
 10
-45218.4943627028
 20
56426.27696732528
 30
0.0
 11
-45218.4943627028
 21
56426.35020330137
 31
0.0
  0
LINE
  5
5E3
330
5DF
100
AcDbEntity
  8
0
100
AcDbLine
 10
-45219.6243627028
 20
56426.27696732528
 30
0.0
 11
-45219.6243627028
 21
56426.35020330137
 31
0.0
  0
INSERT
  5
5E4
330
5DF
100
AcDbEntity
  8
SUBESTAÇÃO
100
AcDbBlockReference
  2
_CLOSEDFILLED
 10
-45218.4943627028
 20
56426.10020330137
 30
0.0
 41
0.15
 42
0.15
 50
180.0
  0
INSERT
  5
5E6
330
5DF
100
AcDbEntity
  8
SUBESTAÇÃO
100
AcDbBlockReference
  2
_CLOSEDFILLED
 10
-45219.6243627028
 20
56426.10020330137
 30
0.0
 41
0.15
 42
0.15
  0
LINE
  5
5E8
330
5DF
100
AcDbEntity
  8
0
100
AcDbLine
 10
-45218.344362702795
 20
56426.10020330137
 30
0.0
 11
-45219.7743627028
 21
56426.10020330137
 31
0.0
  0
MTEXT
  5
5E9
330
5DF
100
AcDbEntity
  8
SUBESTAÇÃO
100
AcDbMText
 10
-45219.0593627028
 20
56425.92520330137
 30
0.0
 40
0.15
 71
5
  1
1,13m
  7
STANDARD
  0
POINT
  5
5EA
330
5DF
100
AcDbEntity
  8
Defpoints
100
AcDbPoint
 10
-45218.4943627028
 20
56426.10020330137
 30
0.0
  0
POINT
  5
5EB
330
5DF
100
AcDbEntity
  8
Defpoints
100
AcDbPoint
 10
-45218.4943627028
 20
56425.65196732528
 30
0.0
  0
POINT
  5
5EC
330
5DF
100
AcDbEntity
  8
Defpoints
100
AcDbPoint
 10
-45219.6243627028
 20
56425.65196732528
 30
0.0
  0
ENDBLK
  5
5E1
330
5DF
100
AcDbEntity
  8
0
100
AcDbBlockEnd
  0
BLOCK
  5
5EF
330
5EE
100
AcDbEntity
  8
0
100
AcDbBlockBegin
  2
*D97
 70
1
 10
0.0
 20
0.0
 30
0.0
  3
*D97
  1

  0
LINE
  5
5F1
330
5EE
100
AcDbEntity
  8
0
100
AcDbLine
 10
-45221.84840255519
 20
56426.27696732527
 30
0.0
 11
-45221.84840255519
 21
56427.01745356506
 31
0.0
  0
LINE
  5
5F2
330
5EE
100
AcDbEntity
  8
0
100
AcDbLine
 10
-45219.5984025552
 20
56426.27696732527
 30
0.0
 11
-45219.5984025552
 21
56427.01745356506
 31
0.0
  0
INSERT
  5
5F3
330
5EE
100
AcDbEntity
  8
SUBESTAÇÃO
100
AcDbBlockReference
  2
_CLOSEDFILLED
 10
-45221.84840255519
 20
56426.76745356506
 30
0.0
 41
0.15
 42
0.15
 50
180.0
  0
INSERT
  5
5F5
330
5EE
100
AcDbEntity
  8
SUBESTAÇÃO
100
AcDbBlockReference
  2
_CLOSEDFILLED
 10
-45219.5984025552
 20
56426.76745356506
 30
0.0
 41
0.15
 42
0.15
  0
LINE
  5
5F7
330
5EE
100
AcDbEntity
  8
0
100
AcDbLine
 10
-45221.69840255519
 20
56426.76745356506
 30
0.0
 11
-45219.748402555204
 21
56426.76745356506
 31
0.0
  0
MTEXT
  5
5F8
330
5EE
100
AcDbEntity
  8
SUBESTAÇÃO
100
AcDbMText
 10
-45220.723402555195
 20
56426.94245356506
 30
0.0
 40
0.15
 71
5
  1
2,25m
  7
STANDARD
  0
POINT
  5
5F9
330
5EE
100
AcDbEntity
  8
Defpoints
100
AcDbPoint
 10
-45221.84840255519
 20
56426.76745356506
 30
0.0
  0
POINT
  5
5FA
330
5EE
100
AcDbEntity
  8
Defpoints
100
AcDbPoint
 10
-45221.84840255519
 20
56425.65196732527
 30
0.0
  0
POINT
  5
5FB
330
5EE
100
AcDbEntity
  8
Defpoints
100
AcDbPoint
 10
-45219.5984025552
 20
56425.65196732527
 30
0.0
  0
ENDBLK
  5
5F0
330
5EE
100
AcDbEntity
  8
0
100
AcDbBlockEnd
  0
BLOCK
  5
5FE
330
5FD
100
AcDbEntity
  8
0
100
AcDbBlockBegin
  2
*D98
 70
1
 10
0.0
 20
0.0
 30
0.0
  3
*D98
  1

  0
LINE
  5
600
330
5FD
100
AcDbEntity
  8
0
100
AcDbLine
 10
-45218.3443627028
 20
56426.27696732528
 30
0.0
 11
-45218.3443627028
 21
56426.15531571297
 31
0.0
  0
LINE
  5
601
330
5FD
100
AcDbEntity
  8
0
100
AcDbLine
 10
-45216.5943627028
 20
56426.27696732528
 30
0.0
 11
-45216.5943627028
 21
56426.15531571297
 31
0.0
  0
INSERT
  5
602
330
5FD
100
AcDbEntity
  8
SUBESTAÇÃO
100
AcDbBlockReference
  2
_CLOSEDFILLED
 10
-45218.3443627028
 20
56425.90531571297
 30
0.0
 41
0.15
 42
0.15
 50
180.0
  0
INSERT
  5
604
330
5FD
100
AcDbEntity
  8
SUBESTAÇÃO
100
AcDbBlockReference
  2
_CLOSEDFILLED
 10
-45216.5943627028
 20
56425.90531571297
 30
0.0
 41
0.15
 42
0.15
  0
LINE
  5
606
330
5FD
100
AcDbEntity
  8
0
100
AcDbLine
 10
-45218.1943627028
 20
56425.90531571297
 30
0.0
 11
-45216.744362702804
 21
56425.90531571297
 31
0.0
  0
MTEXT
  5
607
330
5FD
100
AcDbEntity
  8
SUBESTAÇÃO
100
AcDbMText
 10
-45217.4693627028
 20
56426.08031571297
 30
0.0
 40
0.15
 71
5
  1
1,75m
  7
STANDARD
  0
POINT
  5
608
330
5FD
100
AcDbEntity
  8
Defpoints
100
AcDbPoint
 10
-45218.3443627028
 20
56425.90531571297
 30
0.0
  0
POINT
  5
609
330
5FD
100
AcDbEntity
  8
Defpoints
100
AcDbPoint
 10
-45218.3443627028
 20
56425.65196732528
 30
0.0
  0
POINT
  5
60A
330
5FD
100
AcDbEntity
  8
Defpoints
100
AcDbPoint
 10
-45216.5943627028
 20
56425.65196732528
 30
0.0
  0
ENDBLK
  5
5FF
330
5FD
100
AcDbEntity
  8
0
100
AcDbBlockEnd
  0
BLOCK
  5
60D
330
60C
100
AcDbEntity
  8
0
100
AcDbBlockBegin
  2
*D99
 70
1
 10
0.0
 20
0.0
 30
0.0
  3
*D99
  1

  0
LINE
  5
60F
330
60C
100
AcDbEntity
  8
0
100
AcDbLine
 10
-45214.86479384143
 20
56426.2769673253
 30
0.0
 11
-45214.86479384143
 21
56426.18664899121
 31
0.0
  0
LINE
  5
610
330
60C
100
AcDbEntity
  8
0
100
AcDbLine
 10
-45216.61479384142
 20
56426.2769673253
 30
0.0
 11
-45216.61479384142
 21
56426.18664899121
 31
0.0
  0
INSERT
  5
611
330
60C
100
AcDbEntity
  8
SUBESTAÇÃO
100
AcDbBlockReference
  2
_CLOSEDFILLED
 10
-45214.86479384143
 20
56425.93664899121
 30
0.0
 41
0.15
 42
0.15
 50
180.0
  0
INSERT
  5
613
330
60C
100
AcDbEntity
  8
SUBESTAÇÃO
100
AcDbBlockReference
  2
_CLOSEDFILLED
 10
-45216.61479384142
 20
56425.93664899121
 30
0.0
 41
0.15
 42
0.15
  0
LINE
  5
615
330
60C
100
AcDbEntity
  8
0
100
AcDbLine
 10
-45214.71479384143
 20
56425.93664899121
 30
0.0
 11
-45216.76479384142
 21
56425.93664899121
 31
0.0
  0
MTEXT
  5
616
330
60C
100
AcDbEntity
  8
SUBESTAÇÃO
100
AcDbMText
 10
-45215.73979384142
 20
56425.76164899121
 30
0.0
 40
0.15
 71
5
  1
1,75m
  7
STANDARD
  0
POINT
  5
617
330
60C
100
AcDbEntity
  8
Defpoints
100
AcDbPoint
 10
-45214.86479384143
 20
56425.93664899121
 30
0.0
  0
POINT
  5
618
330
60C
100
AcDbEntity
  8
Defpoints
100
AcDbPoint
 10
-45214.86479384143
 20
56425.6519673253
 30
0.0
  0
POINT
  5
619
330
60C
100
AcDbEntity
  8
Defpoints
100
AcDbPoint
 10
-45216.61479384142
 20
56425.6519673253
 30
0.0
  0
ENDBLK
  5
60E
330
60C
100
AcDbEntity
  8
0
100
AcDbBlockEnd
  0
BLOCK
  5
61C
330
61B
100
AcDbEntity
  8
0
100
AcDbBlockBegin
  2
*D100
 70
1
 10
0.0
 20
0.0
 30
0.0
  3
*D100
  1

  0
LINE
  5
61E
330
61B
100
AcDbEntity
  8
0
100
AcDbLine
 10
-45218.9693627028
 20
56425.65196732528
 30
0.0
 11
-45219.03131304931
 21
56425.65196732528
 31
0.0
  0
LINE
  5
61F
330
61B
100
AcDbEntity
  8
0
100
AcDbLine
 10
-45218.9693627028
 20
56421.80196732528
 30
0.0
 11
-45219.03131304931
 21
56421.80196732528
 31
0.0
  0
INSERT
  5
620
330
61B
100
AcDbEntity
  8
SUBESTAÇÃO
100
AcDbBlockReference
  2
_CLOSEDFILLED
 10
-45218.78131304931
 20
56425.65196732528
 30
0.0
 41
0.15
 42
0.15
 50
270.0
  0
INSERT
  5
622
330
61B
100
AcDbEntity
  8
SUBESTAÇÃO
100
AcDbBlockReference
  2
_CLOSEDFILLED
 10
-45218.78131304931
 20
56421.80196732528
 30
0.0
 41
0.15
 42
0.15
 50
90.0
  0
LINE
  5
624
330
61B
100
AcDbEntity
  8
0
100
AcDbLine
 10
-45218.78131304931
 20
56425.80196732528
 30
0.0
 11
-45218.78131304931
 21
56421.65196732528
 31
0.0
  0
MTEXT
  5
625
330
61B
100
AcDbEntity
  8
SUBESTAÇÃO
100
AcDbMText
 10
-45218.606313049306
 20
56423.726967325274
 30
0.0
 40
0.15
 71
5
  1
3,85m
  7
STANDARD
 50
90.0
  0
POINT
  5
626
330
61B
100
AcDbEntity
  8
Defpoints
100
AcDbPoint
 10
-45218.78131304931
 20
56425.65196732528
 30
0.0
  0
POINT
  5
627
330
61B
100
AcDbEntity
  8
Defpoints
100
AcDbPoint
 10
-45218.3443627028
 20
56425.65196732528
 30
0.0
  0
POINT
  5
628
330
61B
100
AcDbEntity
  8
Defpoints
100
AcDbPoint
 10
-45218.3443627028
 20
56421.80196732528
 30
0.0
  0
ENDBLK
  5
61D
330
61B
100
AcDbEntity
  8
0
100
AcDbBlockEnd
  0
BLOCK
  5
62B
330
62A
100
AcDbEntity
  8
0
100
AcDbBlockBegin
  2
*D101
 70
1
 10
0.0
 20
0.0
 30
0.0
  3
*D101
  1

  0
LINE
  5
62D
330
62A
100
AcDbEntity
  8
0
100
AcDbLine
 10
-45218.9693627028
 20
56417.92953869701
 30
0.0
 11
-45219.02411952766
 21
56417.92953869701
 31
0.0
  0
LINE
  5
62E
330
62A
100
AcDbEntity
  8
0
100
AcDbLine
 10
-45218.9693627028
 20
56421.779538697
 30
0.0
 11
-45219.02411952766
 21
56421.779538697
 31
0.0
  0
INSERT
  5
62F
330
62A
100
AcDbEntity
  8
SUBESTAÇÃO
100
AcDbBlockReference
  2
_CLOSEDFILLED
 10
-45218.77411952766
 20
56417.92953869701
 30
0.0
 41
0.15
 42
0.15
 50
270.0
  0
INSERT
  5
631
330
62A
100
AcDbEntity
  8
SUBESTAÇÃO
100
AcDbBlockReference
  2
_CLOSEDFILLED
 10
-45218.77411952766
 20
56421.779538697
 30
0.0
 41
0.15
 42
0.15
 50
90.0
  0
LINE
  5
633
330
62A
100
AcDbEntity
  8
0
100
AcDbLine
 10
-45218.77411952766
 20
56418.07953869701
 30
0.0
 11
-45218.77411952766
 21
56421.629538697
 31
0.0
  0
MTEXT
  5
634
330
62A
100
AcDbEntity
  8
SUBESTAÇÃO
100
AcDbMText
 10
-45218.949119527664
 20
56419.85453869701
 30
0.0
 40
0.15
 71
5
  1
3,85m
  7
STANDARD
 50
90.0
  0
POINT
  5
635
330
62A
100
AcDbEntity
  8
Defpoints
100
AcDbPoint
 10
-45218.77411952766
 20
56417.92953869701
 30
0.0
  0
POINT
  5
636
330
62A
100
AcDbEntity
  8
Defpoints
100
AcDbPoint
 10
-45218.3443627028
 20
56417.92953869701
 30
0.0
  0
POINT
  5
637
330
62A
100
AcDbEntity
  8
Defpoints
100
AcDbPoint
 10
-45218.3443627028
 20
56421.779538697
 30
0.0
  0
ENDBLK
  5
62C
330
62A
100
AcDbEntity
  8
0
100
AcDbBlockEnd
  0
BLOCK
  5
63A
330
639
100
AcDbEntity
  8
0
100
AcDbBlockBegin
  2
*D102
 70
1
 10
0.0
 20
0.0
 30
0.0
  3
*D102
  1

  0
LINE
  5
63C
330
639
100
AcDbEntity
  8
0
100
AcDbLine
 10
-45215.35407384175
 20
56417.92953869701
 30
0.0
 11
-45215.11479384144
 21
56417.92953869701
 31
0.0
  0
LINE
  5
63D
330
639
100
AcDbEntity
  8
0
100
AcDbLine
 10
-45215.35407384175
 20
56419.85953869701
 30
0.0
 11
-45215.11479384144
 21
56419.85953869701
 31
0.0
  0
INSERT
  5
63E
330
639
100
AcDbEntity
  8
SUBESTAÇÃO
100
AcDbBlockReference
  2
_CLOSEDFILLED
 10
-45214.86479384144
 20
56417.92953869701
 30
0.0
 41
0.15
 42
0.15
 50
270.0
  0
INSERT
  5
640
330
639
100
AcDbEntity
  8
SUBESTAÇÃO
100
AcDbBlockReference
  2
_CLOSEDFILLED
 10
-45214.86479384144
 20
56419.85953869701
 30
0.0
 41
0.15
 42
0.15
 50
90.0
  0
LINE
  5
642
330
639
100
AcDbEntity
  8
0
100
AcDbLine
 10
-45214.86479384144
 20
56418.07953869701
 30
0.0
 11
-45214.86479384144
 21
56419.70953869701
 31
0.0
  0
MTEXT
  5
643
330
639
100
AcDbEntity
  8
SUBESTAÇÃO
100
AcDbMText
 10
-45215.039793841446
 20
56418.894538697015
 30
0.0
 40
0.15
 71
5
  1
1,93m
  7
STANDARD
 50
90.0
  0
POINT
  5
644
330
639
100
AcDbEntity
  8
Defpoints
100
AcDbPoint
 10
-45214.86479384144
 20
56417.92953869701
 30
0.0
  0
POINT
  5
645
330
639
100
AcDbEntity
  8
Defpoints
100
AcDbPoint
 10
-45214.72907384175
 20
56417.92953869701
 30
0.0
  0
POINT
  5
646
330
639
100
AcDbEntity
  8
Defpoints
100
AcDbPoint
 10
-45214.72907384175
 20
56419.85953869701
 30
0.0
  0
ENDBLK
  5
63B
330
639
100
AcDbEntity
  8
0
100
AcDbBlockEnd
  0
BLOCK
  5
649
330
648
100
AcDbEntity
  8
0
100
AcDbBlockBegin
  2
*D103
 70
1
 10
0.0
 20
0.0
 30
0.0
  3
*D103
  1

  0
LINE
  5
64B
330
648
100
AcDbEntity
  8
0
100
AcDbLine
 10
-45215.35407384176
 20
56425.65196732524
 30
0.0
 11
-45214.97907384178
 21
56425.65196732524
 31
0.0
  0
LINE
  5
64C
330
648
100
AcDbEntity
  8
0
100
AcDbLine
 10
-45215.35407384176
 20
56423.72196732524
 30
0.0
 11
-45214.97907384178
 21
56423.72196732524
 31
0.0
  0
INSERT
  5
64D
330
648
100
AcDbEntity
  8
SUBESTAÇÃO
100
AcDbBlockReference
  2
_CLOSEDFILLED
 10
-45214.72907384178
 20
56425.65196732524
 30
0.0
 41
0.15
 42
0.15
 50
270.0
  0
INSERT
  5
64F
330
648
100
AcDbEntity
  8
SUBESTAÇÃO
100
AcDbBlockReference
  2
_CLOSEDFILLED
 10
-45214.72907384178
 20
56423.72196732524
 30
0.0
 41
0.15
 42
0.15
 50
90.0
  0
LINE
  5
651
330
648
100
AcDbEntity
  8
0
100
AcDbLine
 10
-45214.72907384178
 20
56425.80196732524
 30
0.0
 11
-45214.72907384178
 21
56423.57196732524
 31
0.0
  0
MTEXT
  5
652
330
648
100
AcDbEntity
  8
SUBESTAÇÃO
100
AcDbMText
 10
-45214.55407384178
 20
56424.68696732524
 30
0.0
 40
0.15
 71
5
  1
1,93m
  7
STANDARD
 50
90.0
  0
POINT
  5
653
330
648
100
AcDbEntity
  8
Defpoints
100
AcDbPoint
 10
-45214.72907384178
 20
56425.65196732524
 30
0.0
  0
POINT
  5
654
330
648
100
AcDbEntity
  8
Defpoints
100
AcDbPoint
 10
-45214.72907384176
 20
56425.65196732524
 30
0.0
  0
POINT
  5
655
330
648
100
AcDbEntity
  8
Defpoints
100
AcDbPoint
 10
-45214.72907384176
 20
56423.72196732524
 30
0.0
  0
ENDBLK
  5
64A
330
648
100
AcDbEntity
  8
0
100
AcDbBlockEnd
  0
BLOCK
  5
658
330
657
100
AcDbEntity
  8
0
100
AcDbBlockBegin
  2
*D104
 70
1
 10
0.0
 20
0.0
 30
0.0
  3
*D104
  1

  0
LINE
  5
65A
330
657
100
AcDbEntity
  8
0
100
AcDbLine
 10
-45214.72907384175
 20
56417.30453869704
 30
0.0
 11
-45214.72907384175
 21
56417.62023735326
 31
0.0
  0
LINE
  5
65B
330
657
100
AcDbEntity
  8
0
100
AcDbLine
 10
-45211.92907384175
 20
56417.30453869692
 30
0.0
 11
-45211.92907384175
 21
56417.62023735326
 31
0.0
  0
INSERT
  5
65C
330
657
100
AcDbEntity
  8
SUBESTAÇÃO
100
AcDbBlockReference
  2
_CLOSEDFILLED
 10
-45214.72907384175
 20
56417.87023735326
 30
0.0
 41
0.15
 42
0.15
 50
180.0
  0
INSERT
  5
65E
330
657
100
AcDbEntity
  8
SUBESTAÇÃO
100
AcDbBlockReference
  2
_CLOSEDFILLED
 10
-45211.92907384175
 20
56417.87023735326
 30
0.0
 41
0.15
 42
0.15
  0
LINE
  5
660
330
657
100
AcDbEntity
  8
0
100
AcDbLine
 10
-45214.57907384175
 20
56417.87023735326
 30
0.0
 11
-45212.07907384175
 21
56417.87023735326
 31
0.0
  0
MTEXT
  5
661
330
657
100
AcDbEntity
  8
SUBESTAÇÃO
100
AcDbMText
 10
-45213.32907384175
 20
56418.04523735326
 30
0.0
 40
0.15
 71
5
  1
2,8m
  7
STANDARD
  0
POINT
  5
662
330
657
100
AcDbEntity
  8
Defpoints
100
AcDbPoint
 10
-45214.72907384175
 20
56417.87023735326
 30
0.0
  0
POINT
  5
663
330
657
100
AcDbEntity
  8
Defpoints
100
AcDbPoint
 10
-45214.72907384175
 20
56417.92953869704
 30
0.0
  0
POINT
  5
664
330
657
100
AcDbEntity
  8
Defpoints
100
AcDbPoint
 10
-45211.92907384175
 20
56417.92953869692
 30
0.0
  0
ENDBLK
  5
659
330
657
100
AcDbEntity
  8
0
100
AcDbBlockEnd
  0
BLOCK
  5
667
330
666
100
AcDbEntity
  8
0
100
AcDbBlockBegin
  2
*D105
 70
1
 10
0.0
 20
0.0
 30
0.0
  3
*D105
  1

  0
LINE
  5
669
330
666
100
AcDbEntity
  8
0
100
AcDbLine
 10
-45209.14784674644
 20
56417.30453869701
 30
0.0
 11
-45209.14784674644
 21
56417.49857869652
 31
0.0
  0
LINE
  5
66A
330
666
100
AcDbEntity
  8
0
100
AcDbLine
 10
-45211.94784674645
 20
56417.30453869703
 30
0.0
 11
-45211.94784674645
 21
56417.49857869652
 31
0.0
  0
INSERT
  5
66B
330
666
100
AcDbEntity
  8
SUBESTAÇÃO
100
AcDbBlockReference
  2
_CLOSEDFILLED
 10
-45209.14784674644
 20
56417.74857869652
 30
0.0
 41
0.15
 42
0.15
 50
180.0
  0
INSERT
  5
66D
330
666
100
AcDbEntity
  8
SUBESTAÇÃO
100
AcDbBlockReference
  2
_CLOSEDFILLED
 10
-45211.94784674645
 20
56417.74857869652
 30
0.0
 41
0.15
 42
0.15
  0
LINE
  5
66F
330
666
100
AcDbEntity
  8
0
100
AcDbLine
 10
-45208.99784674644
 20
56417.74857869652
 30
0.0
 11
-45212.09784674645
 21
56417.74857869652
 31
0.0
  0
MTEXT
  5
670
330
666
100
AcDbEntity
  8
SUBESTAÇÃO
100
AcDbMText
 10
-45210.54784674644
 20
56417.573578696516
 30
0.0
 40
0.15
 71
5
  1
2,8m
  7
STANDARD
  0
POINT
  5
671
330
666
100
AcDbEntity
  8
Defpoints
100
AcDbPoint
 10
-45209.14784674644
 20
56417.74857869652
 30
0.0
  0
POINT
  5
672
330
666
100
AcDbEntity
  8
Defpoints
100
AcDbPoint
 10
-45209.14784674644
 20
56417.92953869701
 30
0.0
  0
POINT
  5
673
330
666
100
AcDbEntity
  8
Defpoints
100
AcDbPoint
 10
-45211.94784674645
 20
56417.92953869703
 30
0.0
  0
ENDBLK
  5
668
330
666
100
AcDbEntity
  8
0
100
AcDbBlockEnd
  0
BLOCK
  5
676
330
675
100
AcDbEntity
  8
0
100
AcDbBlockBegin
  2
*D106
 70
1
 10
0.0
 20
0.0
 30
0.0
  3
*D106
  1

  0
LINE
  5
678
330
675
100
AcDbEntity
  8
0
100
AcDbLine
 10
-45238.43301981285
 20
56445.47915816388
 30
0.0
 11
-45238.43301981285
 21
56445.62712559144
 31
0.0
  0
LINE
  5
679
330
675
100
AcDbEntity
  8
0
100
AcDbLine
 10
-45236.3567381074
 20
56445.47915816388
 30
0.0
 11
-45236.3567381074
 21
56445.62712559144
 31
0.0
  0
INSERT
  5
67A
330
675
100
AcDbEntity
  8
LUMINOTÉCNICO
100
AcDbBlockReference
  2
_CLOSEDFILLED
 10
-45238.43301981285
 20
56445.37712559144
 30
0.0
 41
0.15
 42
0.15
 50
180.0
  0
INSERT
  5
67C
330
675
100
AcDbEntity
  8
LUMINOTÉCNICO
100
AcDbBlockReference
  2
_CLOSEDFILLED
 10
-45236.3567381074
 20
56445.37712559144
 30
0.0
 41
0.15
 42
0.15
  0
LINE
  5
67E
330
675
100
AcDbEntity
  8
0
100
AcDbLine
 10
-45238.28301981285
 20
56445.37712559144
 30
0.0
 11
-45236.506738107404
 21
56445.37712559144
 31
0.0
  0
MTEXT
  5
67F
330
675
100
AcDbEntity
  8
LUMINOTÉCNICO
100
AcDbMText
 10
-45237.39487896013
 20
56445.55212559144
 30
0.0
 40
0.15
 71
5
  1
2,08m
  7
STANDARD
  0
POINT
  5
680
330
675
100
AcDbEntity
  8
Defpoints
100
AcDbPoint
 10
-45238.43301981285
 20
56445.37712559144
 30
0.0
  0
POINT
  5
681
330
675
100
AcDbEntity
  8
Defpoints
100
AcDbPoint
 10
-45238.43301981285
 20
56444.85415816388
 30
0.0
  0
POINT
  5
682
330
675
100
AcDbEntity
  8
Defpoints
100
AcDbPoint
 10
-45236.3567381074
 20
56444.85415816388
 30
0.0
  0
ENDBLK
  5
677
330
675
100
AcDbEntity
  8
0
100
AcDbBlockEnd
  0
BLOCK
  5
685
330
684
100
AcDbEntity
  8
0
100
AcDbBlockBegin
  2
*D107
 70
1
 10
0.0
 20
0.0
 30
0.0
  3
*D107
  1

  0
LINE
  5
687
330
684
100
AcDbEntity
  8
0
100
AcDbLine
 10
-45253.01809319414
 20
56445.03079329569
 30
0.0
 11
-45253.01809319414
 21
56444.67100710061
 31
0.0
  0
LINE
  5
688
330
684
100
AcDbEntity
  8
0
100
AcDbLine
 10
-45248.97309319415
 20
56445.03079329569
 30
0.0
 11
-45248.97309319415
 21
56444.67100710061
 31
0.0
  0
INSERT
  5
689
330
684
100
AcDbEntity
  8
LUMINOTÉCNICO
100
AcDbBlockReference
  2
_CLOSEDFILLED
 10
-45253.01809319414
 20
56444.92100710061
 30
0.0
 41
0.15
 42
0.15
 50
180.0
  0
INSERT
  5
68B
330
684
100
AcDbEntity
  8
LUMINOTÉCNICO
100
AcDbBlockReference
  2
_CLOSEDFILLED
 10
-45248.97309319415
 20
56444.92100710061
 30
0.0
 41
0.15
 42
0.15
  0
LINE
  5
68D
330
684
100
AcDbEntity
  8
0
100
AcDbLine
 10
-45252.86809319414
 20
56444.92100710061
 30
0.0
 11
-45249.12309319415
 21
56444.92100710061
 31
0.0
  0
MTEXT
  5
68E
330
684
100
AcDbEntity
  8
LUMINOTÉCNICO
100
AcDbMText
 10
-45250.99559319415
 20
56445.09600710061
 30
0.0
 40
0.15
 71
5
  1
4,04m
  7
STANDARD
  0
POINT
  5
68F
330
684
100
AcDbEntity
  8
Defpoints
100
AcDbPoint
 10
-45253.01809319414
 20
56444.92100710061
 30
0.0
  0
POINT
  5
690
330
684
100
AcDbEntity
  8
Defpoints
100
AcDbPoint
 10
-45253.01809319414
 20
56445.65579329569
 30
0.0
  0
POINT
  5
691
330
684
100
AcDbEntity
  8
Defpoints
100
AcDbPoint
 10
-45248.97309319415
 20
56445.65579329569
 30
0.0
  0
ENDBLK
  5
686
330
684
100
AcDbEntity
  8
0
100
AcDbBlockEnd
  0
BLOCK
  5
693
330
692
100
AcDbEntity
  8
0
100
AcDbBlockBegin
  2
*D108
 70
1
 10
0.0
 20
0.0
 30
0.0
  3
*D108
  1

  0
LINE
  5
695
330
692
100
AcDbEntity
  8
0
100
AcDbLine
 10
-45253.01809319414
 20
56445.03079329569
 30
0.0
 11
-45253.01809319414
 21
56444.67100710061
 31
0.0
  0
LINE
  5
696
330
692
100
AcDbEntity
  8
0
100
AcDbLine
 10
-45248.97309319415
 20
56445.03079329569
 30
0.0
 11
-45248.97309319415
 21
56444.67100710061
 31
0.0
  0
INSERT
  5
697
330
692
100
AcDbEntity
  8
LUMINOTÉCNICO
100
AcDbBlockReference
  2
_CLOSEDFILLED
 10
-45253.01809319414
 20
56444.92100710061
 30
0.0
 41
0.15
 42
0.15
 50
180.0
  0
INSERT
  5
699
330
692
100
AcDbEntity
  8
LUMINOTÉCNICO
100
AcDbBlockReference
  2
_CLOSEDFILLED
 10
-45248.97309319415
 20
56444.92100710061
 30
0.0
 41
0.15
 42
0.15
  0
LINE
  5
69B
330
692
100
AcDbEntity
  8
0
100
AcDbLine
 10
-45252.86809319414
 20
56444.92100710061
 30
0.0
 11
-45249.12309319415
 21
56444.92100710061
 31
0.0
  0
MTEXT
  5
69C
330
692
100
AcDbEntity
  8
LUMINOTÉCNICO
100
AcDbMText
 10
-45250.99559319415
 20
56445.09600710061
 30
0.0
 40
0.15
 71
5
  1
4,05m
  7
STANDARD
  0
POINT
  5
69D
330
692
100
AcDbEntity
  8
Defpoints
100
AcDbPoint
 10
-45253.01809319414
 20
56444.92100710061
 30
0.0
  0
POINT
  5
69E
330
692
100
AcDbEntity
  8
Defpoints
100
AcDbPoint
 10
-45253.01809319414
 20
56445.65579329569
 30
0.0
  0
POINT
  5
69F
330
692
100
AcDbEntity
  8
Defpoints
100
AcDbPoint
 10
-45248.97309319415
 20
56445.65579329569
 30
0.0
  0
ENDBLK
  5
694
330
692
100
AcDbEntity
  8
0
100
AcDbBlockEnd
  0
BLOCK
  5
6A2
330
6A1
100
AcDbEntity
  8
0
100
AcDbBlockBegin
  2
*D109
 70
1
 10
0.0
 20
0.0
 30
0.0
  3
*D109
  1

  0
LINE
  5
6A4
330
6A1
100
AcDbEntity
  8
0
100
AcDbLine
 10
-45253.63822163202
 20
56445.650978869
 30
0.0
 11
-45254.28422163204
 21
56445.650978869
 31
0.0
  0
LINE
  5
6A5
330
6A1
100
AcDbEntity
  8
0
100
AcDbLine
 10
-45253.64309319414
 20
56442.64579329568
 30
0.0
 11
-45254.28422163204
 21
56442.64579329568
 31
0.0
  0
INSERT
  5
6A6
330
6A1
100
AcDbEntity
  8
LUMINOTÉCNICO
100
AcDbBlockReference
  2
_CLOSEDFILLED
 10
-45254.03422163204
 20
56445.650978869
 30
0.0
 41
0.15
 42
0.15
 50
270.0
  0
INSERT
  5
6A8
330
6A1
100
AcDbEntity
  8
LUMINOTÉCNICO
100
AcDbBlockReference
  2
_CLOSEDFILLED
 10
-45254.03422163204
 20
56442.64579329568
 30
0.0
 41
0.15
 42
0.15
 50
90.0
  0
LINE
  5
6AA
330
6A1
100
AcDbEntity
  8
0
100
AcDbLine
 10
-45254.03422163204
 20
56445.800978869
 30
0.0
 11
-45254.03422163204
 21
56442.495793295675
 31
0.0
  0
MTEXT
  5
6AB
330
6A1
100
AcDbEntity
  8
LUMINOTÉCNICO
100
AcDbMText
 10
-45253.85922163204
 20
56444.148386082335
 30
0.0
 40
0.15
 71
5
  1
3,01m
  7
STANDARD
 50
90.0
  0
POINT
  5
6AC
330
6A1
100
AcDbEntity
  8
Defpoints
100
AcDbPoint
 10
-45254.03422163204
 20
56445.650978869
 30
0.0
  0
POINT
  5
6AD
330
6A1
100
AcDbEntity
  8
Defpoints
100
AcDbPoint
 10
-45253.01322163202
 20
56445.650978869
 30
0.0
  0
POINT
  5
6AE
330
6A1
100
AcDbEntity
  8
Defpoints
100
AcDbPoint
 10
-45253.01809319414
 20
56442.64579329568
 30
0.0
  0
ENDBLK
  5
6A3
330
6A1
100
AcDbEntity
  8
0
100
AcDbBlockEnd
  0
BLOCK
  5
6B1
330
6B0
100
AcDbEntity
  8
0
100
AcDbBlockBegin
  2
*D110
 70
1
 10
0.0
 20
0.0
 30
0.0
  3
*D110
  1

  0
LINE
  5
6B3
330
6B0
100
AcDbEntity
  8
0
100
AcDbLine
 10
-45248.97309319415
 20
56445.03079329569
 30
0.0
 11
-45248.97309319415
 21
56444.67123371974
 31
0.0
  0
LINE
  5
6B4
330
6B0
100
AcDbEntity
  8
0
100
AcDbLine
 10
-45244.92809319414
 20
56445.03079329569
 30
0.0
 11
-45244.92809319414
 21
56444.67123371974
 31
0.0
  0
INSERT
  5
6B5
330
6B0
100
AcDbEntity
  8
LUMINOTÉCNICO
100
AcDbBlockReference
  2
_CLOSEDFILLED
 10
-45248.97309319415
 20
56444.92123371974
 30
0.0
 41
0.15
 42
0.15
 50
180.0
  0
INSERT
  5
6B7
330
6B0
100
AcDbEntity
  8
LUMINOTÉCNICO
100
AcDbBlockReference
  2
_CLOSEDFILLED
 10
-45244.92809319414
 20
56444.92123371974
 30
0.0
 41
0.15
 42
0.15
  0
LINE
  5
6B9
330
6B0
100
AcDbEntity
  8
0
100
AcDbLine
 10
-45248.82309319415
 20
56444.92123371974
 30
0.0
 11
-45245.07809319414
 21
56444.92123371974
 31
0.0
  0
MTEXT
  5
6BA
330
6B0
100
AcDbEntity
  8
LUMINOTÉCNICO
100
AcDbMText
 10
-45246.950593194146
 20
56445.09623371974
 30
0.0
 40
0.15
 71
5
  1
4,05m
  7
STANDARD
  0
POINT
  5
6BB
330
6B0
100
AcDbEntity
  8
Defpoints
100
AcDbPoint
 10
-45248.97309319415
 20
56444.92123371974
 30
0.0
  0
POINT
  5
6BC
330
6B0
100
AcDbEntity
  8
Defpoints
100
AcDbPoint
 10
-45248.97309319415
 20
56445.65579329569
 30
0.0
  0
POINT
  5
6BD
330
6B0
100
AcDbEntity
  8
Defpoints
100
AcDbPoint
 10
-45244.92809319414
 20
56445.65579329569
 30
0.0
  0
ENDBLK
  5
6B2
330
6B0
100
AcDbEntity
  8
0
100
AcDbBlockEnd
  0
BLOCK
  5
6C0
330
6BF
100
AcDbEntity
  8
0
100
AcDbBlockBegin
  2
*D111
 70
1
 10
0.0
 20
0.0
 30
0.0
  3
*D111
  1

  0
LINE
  5
6C2
330
6BF
100
AcDbEntity
  8
0
100
AcDbLine
 10
-45240.88043693345
 20
56446.28078765109
 30
0.0
 11
-45240.88122482846
 21
56446.09540301114
 31
0.0
  0
LINE
  5
6C3
330
6BF
100
AcDbEntity
  8
0
100
AcDbLine
 10
-45238.852754756976
 20
56446.27216988921
 30
0.0
 11
-45238.85354265199
 21
56446.08678524926
 31
0.0
  0
INSERT
  5
6C4
330
6BF
100
AcDbEntity
  8
LUMINOTÉCNICO
100
AcDbBlockReference
  2
_CLOSEDFILLED
 10
-45240.88228733274
 20
56445.84540526898
 30
0.0
 41
0.15
 42
0.15
 50
179.7564912206741
  0
INSERT
  5
6C6
330
6BF
100
AcDbEntity
  8
LUMINOTÉCNICO
100
AcDbBlockReference
  2
_CLOSEDFILLED
 10
-45238.85460515628
 20
56445.8367875071
 30
0.0
 41
0.15
 42
0.15
 50
-0.24350877932589773
  0
LINE
  5
6C8
330
6BF
100
AcDbEntity
  8
0
100
AcDbLine
 10
-45240.73228868744
 20
56445.8447677664
 30
0.0
 11
-45239.00460380158
 21
56445.837425009675
 31
0.0
  0
MTEXT
  5
6C9
330
6BF
100
AcDbEntity
  8
LUMINOTÉCNICO
100
AcDbMText
 10
-45239.86770249151
 20
56446.01609480755
 30
0.0
 40
0.15
 71
5
  1
2,03m
  7
STANDARD
 50
-0.24350877932589773
  0
POINT
  5
6CA
330
6BF
100
AcDbEntity
  8
Defpoints
100
AcDbPoint
 10
-45240.88228733274
 20
56445.84540526898
 30
0.0
  0
POINT
  5
6CB
330
6BF
100
AcDbEntity
  8
Defpoints
100
AcDbPoint
 10
-45240.88309319415
 20
56445.65579329569
 30
0.0
  0
POINT
  5
6CC
330
6BF
100
AcDbEntity
  8
Defpoints
100
AcDbPoint
 10
-45238.8554110177
 20
56445.64717553381
 30
0.0
  0
ENDBLK
  5
6C1
330
6BF
100
AcDbEntity
  8
0
100
AcDbBlockEnd
  0
BLOCK
  5
6CF
330
6CE
100
AcDbEntity
  8
0
100
AcDbBlockBegin
  2
*D112
 70
1
 10
0.0
 20
0.0
 30
0.0
  3
*D112
  1

  0
LINE
  5
6D1
330
6CE
100
AcDbEntity
  8
0
100
AcDbLine
 10
-45240.25322245322
 20
56445.64996571592
 30
0.0
 11
-45239.84246465398
 21
56445.649299858196
 31
0.0
  0
LINE
  5
6D2
330
6CE
100
AcDbEntity
  8
0
100
AcDbLine
 10
-45240.258094015335
 20
56442.644780141825
 30
0.0
 11
-45239.847336216095
 21
56442.6441142836
 31
0.0
  0
INSERT
  5
6D3
330
6CE
100
AcDbEntity
  8
LUMINOTÉCNICO
100
AcDbBlockReference
  2
_CLOSEDFILLED
 10
-45240.092464325506
 20
56445.64970511943
 30
0.0
 41
0.15
 42
0.15
 50
89.90712064277479
  0
INSERT
  5
6D5
330
6CE
100
AcDbEntity
  8
LUMINOTÉCNICO
100
AcDbBlockReference
  2
_CLOSEDFILLED
 10
-45240.09733588762
 20
56442.64451954514
 30
0.0
 41
0.15
 42
0.15
 50
-90.09287935722521
  0
LINE
  5
6D7
330
6CE
100
AcDbEntity
  8
0
100
AcDbLine
 10
-45240.09270748299
 20
56445.49970531651
 30
0.0
 11
-45240.09709273014
 21
56442.794519348055
 31
0.0
  0
MTEXT
  5
6D8
330
6CE
100
AcDbEntity
  8
LUMINOTÉCNICO
100
AcDbMText
 10
-45239.91990033649
 20
56444.146828648554
 30
0.0
 40
0.15
 71
5
  1
3,01m
  7
STANDARD
 50
-90.09287935722521
  0
POINT
  5
6D9
330
6CE
100
AcDbEntity
  8
Defpoints
100
AcDbPoint
 10
-45240.092464325506
 20
56445.64970511943
 30
0.0
  0
POINT
  5
6DA
330
6CE
100
AcDbEntity
  8
Defpoints
100
AcDbPoint
 10
-45240.87822163203
 20
56445.650978869
 30
0.0
  0
POINT
  5
6DB
330
6CE
100
AcDbEntity
  8
Defpoints
100
AcDbPoint
 10
-45240.88309319415
 20
56442.64579329568
 30
0.0
  0
ENDBLK
  5
6D0
330
6CE
100
AcDbEntity
  8
0
100
AcDbBlockEnd
  0
BLOCK
  5
6DE
330
6DD
100
AcDbEntity
  8
0
100
AcDbBlockBegin
  2
*D113
 70
1
 10
0.0
 20
0.0
 30
0.0
  3
*D113
  1

  0
LINE
  5
6E0
330
6DD
100
AcDbEntity
  8
0
100
AcDbLine
 10
-45223.60299999999
 20
56417.93
 30
0.0
 11
-45223.58000000003
 21
56417.93
 31
0.0
  0
LINE
  5
6E1
330
6DD
100
AcDbEntity
  8
0
100
AcDbLine
 10
-45223.60299999999
 20
56418.8953
 30
0.0
 11
-45223.58000000003
 21
56418.8953
 31
0.0
  0
INSERT
  5
6E2
330
6DD
100
AcDbEntity
  8
SUBESTAÇÃO
100
AcDbBlockReference
  2
_CLOSEDFILLED
 10
-45223.33000000003
 20
56417.93
 30
0.0
 41
0.15
 42
0.15
 50
270.0
  0
INSERT
  5
6E4
330
6DD
100
AcDbEntity
  8
SUBESTAÇÃO
100
AcDbBlockReference
  2
_CLOSEDFILLED
 10
-45223.33000000003
 20
56418.8953
 30
0.0
 41
0.15
 42
0.15
 50
90.0
  0
LINE
  5
6E6
330
6DD
100
AcDbEntity
  8
0
100
AcDbLine
 10
-45223.33000000003
 20
56418.08
 30
0.0
 11
-45223.33000000003
 21
56418.745299999995
 31
0.0
  0
MTEXT
  5
6E7
330
6DD
100
AcDbEntity
  8
SUBESTAÇÃO
100
AcDbMText
 10
-45223.505000000034
 20
56418.41265
 30
0.0
 40
0.15
 71
5
  1
0,97m
  7
STANDARD
 50
90.0
  0
POINT
  5
6E8
330
6DD
100
AcDbEntity
  8
Defpoints
100
AcDbPoint
 10
-45223.33000000003
 20
56417.93
 30
0.0
  0
POINT
  5
6E9
330
6DD
100
AcDbEntity
  8
Defpoints
100
AcDbPoint
 10
-45222.97799999999
 20
56417.93
 30
0.0
  0
POINT
  5
6EA
330
6DD
100
AcDbEntity
  8
Defpoints
100
AcDbPoint
 10
-45222.97799999999
 20
56418.8953
 30
0.0
  0
ENDBLK
  5
6DF
330
6DD
100
AcDbEntity
  8
0
100
AcDbBlockEnd
  0
BLOCK
  5
6ED
330
6EC
100
AcDbEntity
  8
0
100
AcDbBlockBegin
  2
*D114
 70
1
 10
0.0
 20
0.0
 30
0.0
  3
*D114
  1

  0
LINE
  5
6EF
330
6EC
100
AcDbEntity
  8
0
100
AcDbLine
 10
-45223.60299999999
 20
56418.8953
 30
0.0
 11
-45223.58000000003
 21
56418.8953
 31
0.0
  0
LINE
  5
6F0
330
6EC
100
AcDbEntity
  8
0
100
AcDbLine
 10
-45223.60299999999
 20
56420.8258
 30
0.0
 11
-45223.58000000003
 21
56420.8258
 31
0.0
  0
INSERT
  5
6F1
330
6EC
100
AcDbEntity
  8
SUBESTAÇÃO
100
AcDbBlockReference
  2
_CLOSEDFILLED
 10
-45223.33000000003
 20
56418.8953
 30
0.0
 41
0.15
 42
0.15
 50
270.0
  0
INSERT
  5
6F3
330
6EC
100
AcDbEntity
  8
SUBESTAÇÃO
100
AcDbBlockReference
  2
_CLOSEDFILLED
 10
-45223.33000000003
 20
56420.8258
 30
0.0
 41
0.15
 42
0.15
 50
90.0
  0
LINE
  5
6F5
330
6EC
100
AcDbEntity
  8
0
100
AcDbLine
 10
-45223.33000000003
 20
56419.0453
 30
0.0
 11
-45223.33000000003
 21
56420.6758
 31
0.0
  0
MTEXT
  5
6F6
330
6EC
100
AcDbEntity
  8
SUBESTAÇÃO
100
AcDbMText
 10
-45223.505000000034
 20
56419.86055
 30
0.0
 40
0.15
 71
5
  1
1,93m
  7
STANDARD
 50
90.0
  0
POINT
  5
6F7
330
6EC
100
AcDbEntity
  8
Defpoints
100
AcDbPoint
 10
-45223.33000000003
 20
56418.8953
 30
0.0
  0
POINT
  5
6F8
330
6EC
100
AcDbEntity
  8
Defpoints
100
AcDbPoint
 10
-45222.97799999999
 20
56418.8953
 30
0.0
  0
POINT
  5
6F9
330
6EC
100
AcDbEntity
  8
Defpoints
100
AcDbPoint
 10
-45222.97799999999
 20
56420.8258
 30
0.0
  0
ENDBLK
  5
6EE
330
6EC
100
AcDbEntity
  8
0
100
AcDbBlockEnd
  0
BLOCK
  5
6FC
330
6FB
100
AcDbEntity
  8
0
100
AcDbBlockBegin
  2
*D115
 70
1
 10
0.0
 20
0.0
 30
0.0
  3
*D115
  1

  0
LINE
  5
6FE
330
6FB
100
AcDbEntity
  8
0
100
AcDbLine
 10
-45223.60299999999
 20
56420.8258
 30
0.0
 11
-45223.58000000003
 21
56420.8258
 31
0.0
  0
LINE
  5
6FF
330
6FB
100
AcDbEntity
  8
0
100
AcDbLine
 10
-45223.60299999999
 20
56422.7563
 30
0.0
 11
-45223.58000000003
 21
56422.7563
 31
0.0
  0
INSERT
  5
700
330
6FB
100
AcDbEntity
  8
SUBESTAÇÃO
100
AcDbBlockReference
  2
_CLOSEDFILLED
 10
-45223.33000000003
 20
56420.8258
 30
0.0
 41
0.15
 42
0.15
 50
270.0
  0
INSERT
  5
702
330
6FB
100
AcDbEntity
  8
SUBESTAÇÃO
100
AcDbBlockReference
  2
_CLOSEDFILLED
 10
-45223.33000000003
 20
56422.7563
 30
0.0
 41
0.15
 42
0.15
 50
90.0
  0
LINE
  5
704
330
6FB
100
AcDbEntity
  8
0
100
AcDbLine
 10
-45223.33000000003
 20
56420.9758
 30
0.0
 11
-45223.33000000003
 21
56422.6063
 31
0.0
  0
MTEXT
  5
705
330
6FB
100
AcDbEntity
  8
SUBESTAÇÃO
100
AcDbMText
 10
-45223.505000000034
 20
56421.79105
 30
0.0
 40
0.15
 71
5
  1
1,93m
  7
STANDARD
 50
90.0
  0
POINT
  5
706
330
6FB
100
AcDbEntity
  8
Defpoints
100
AcDbPoint
 10
-45223.33000000003
 20
56420.8258
 30
0.0
  0
POINT
  5
707
330
6FB
100
AcDbEntity
  8
Defpoints
100
AcDbPoint
 10
-45222.97799999999
 20
56420.8258
 30
0.0
  0
POINT
  5
708
330
6FB
100
AcDbEntity
  8
Defpoints
100
AcDbPoint
 10
-45222.97799999999
 20
56422.7563
 30
0.0
  0
ENDBLK
  5
6FD
330
6FB
100
AcDbEntity
  8
0
100
AcDbBlockEnd
  0
BLOCK
  5
70B
330
70A
100
AcDbEntity
  8
0
100
AcDbBlockBegin
  2
*D116
 70
1
 10
0.0
 20
0.0
 30
0.0
  3
*D116
  1

  0
LINE
  5
70D
330
70A
100
AcDbEntity
  8
0
100
AcDbLine
 10
-45223.60299999999
 20
56422.7563
 30
0.0
 11
-45223.58000000003
 21
56422.7563
 31
0.0
  0
LINE
  5
70E
330
70A
100
AcDbEntity
  8
0
100
AcDbLine
 10
-45223.60299999999
 20
56424.6868
 30
0.0
 11
-45223.58000000003
 21
56424.6868
 31
0.0
  0
INSERT
  5
70F
330
70A
100
AcDbEntity
  8
SUBESTAÇÃO
100
AcDbBlockReference
  2
_CLOSEDFILLED
 10
-45223.33000000003
 20
56422.7563
 30
0.0
 41
0.15
 42
0.15
 50
270.0
  0
INSERT
  5
711
330
70A
100
AcDbEntity
  8
SUBESTAÇÃO
100
AcDbBlockReference
  2
_CLOSEDFILLED
 10
-45223.33000000003
 20
56424.6868
 30
0.0
 41
0.15
 42
0.15
 50
90.0
  0
LINE
  5
713
330
70A
100
AcDbEntity
  8
0
100
AcDbLine
 10
-45223.33000000003
 20
56422.9063
 30
0.0
 11
-45223.33000000003
 21
56424.5368
 31
0.0
  0
MTEXT
  5
714
330
70A
100
AcDbEntity
  8
SUBESTAÇÃO
100
AcDbMText
 10
-45223.505000000034
 20
56423.72155
 30
0.0
 40
0.15
 71
5
  1
1,93m
  7
STANDARD
 50
90.0
  0
POINT
  5
715
330
70A
100
AcDbEntity
  8
Defpoints
100
AcDbPoint
 10
-45223.33000000003
 20
56422.7563
 30
0.0
  0
POINT
  5
716
330
70A
100
AcDbEntity
  8
Defpoints
100
AcDbPoint
 10
-45222.97799999999
 20
56422.7563
 30
0.0
  0
POINT
  5
717
330
70A
100
AcDbEntity
  8
Defpoints
100
AcDbPoint
 10
-45222.97799999999
 20
56424.6868
 30
0.0
  0
ENDBLK
  5
70C
330
70A
100
AcDbEntity
  8
0
100
AcDbBlockEnd
  0
BLOCK
  5
71A
330
719
100
AcDbEntity
  8
0
100
AcDbBlockBegin
  2
*D117
 70
1
 10
0.0
 20
0.0
 30
0.0
  3
*D117
  1

  0
LINE
  5
71C
330
719
100
AcDbEntity
  8
0
100
AcDbLine
 10
-45223.60299999999
 20
56424.6868
 30
0.0
 11
-45223.58000000003
 21
56424.6868
 31
0.0
  0
LINE
  5
71D
330
719
100
AcDbEntity
  8
0
100
AcDbLine
 10
-45223.60299999999
 20
56425.652
 30
0.0
 11
-45223.58000000003
 21
56425.652
 31
0.0
  0
INSERT
  5
71E
330
719
100
AcDbEntity
  8
SUBESTAÇÃO
100
AcDbBlockReference
  2
_CLOSEDFILLED
 10
-45223.33000000003
 20
56424.6868
 30
0.0
 41
0.15
 42
0.15
 50
270.0
  0
INSERT
  5
720
330
719
100
AcDbEntity
  8
SUBESTAÇÃO
100
AcDbBlockReference
  2
_CLOSEDFILLED
 10
-45223.33000000003
 20
56425.652
 30
0.0
 41
0.15
 42
0.15
 50
90.0
  0
LINE
  5
722
330
719
100
AcDbEntity
  8
0
100
AcDbLine
 10
-45223.33000000003
 20
56424.836800000005
 30
0.0
 11
-45223.33000000003
 21
56425.502
 31
0.0
  0
MTEXT
  5
723
330
719
100
AcDbEntity
  8
SUBESTAÇÃO
100
AcDbMText
 10
-45223.505000000034
 20
56425.1694
 30
0.0
 40
0.15
 71
5
  1
0,97m
  7
STANDARD
 50
90.0
  0
POINT
  5
724
330
719
100
AcDbEntity
  8
Defpoints
100
AcDbPoint
 10
-45223.33000000003
 20
56424.6868
 30
0.0
  0
POINT
  5
725
330
719
100
AcDbEntity
  8
Defpoints
100
AcDbPoint
 10
-45222.97799999999
 20
56424.6868
 30
0.0
  0
POINT
  5
726
330
719
100
AcDbEntity
  8
Defpoints
100
AcDbPoint
 10
-45222.97799999999
 20
56425.652
 30
0.0
  0
ENDBLK
  5
71B
330
719
100
AcDbEntity
  8
0
100
AcDbBlockEnd
  0
ENDSEC
  0
SECTION
  2
ENTITIES
  0
DIMENSION
  5
49
330
17
100
AcDbEntity
  8
SUBESTAÇÃO
100
AcDbDimension
280
0
  2
*D1
  3
ISO-25
 10
-45255.01600716022
 20
56447.72877914745
 30
0.0
 11
-45254.00100716022
 21
56447.903779147455
 31
0.0
 70
32
 71
5
 42
2.029999999998835
 73
0
 74
0
 75
0
100
AcDbAlignedDimension
 13
-45255.01600716022
 23
56446.7277939662
 33
0.0
 14
-45252.98600716022
 24
56446.7277939662
 34
0.0
 50
0.0
100
AcDbRotatedDimension
1001
ACAD
1000
DSTYLE
1002
{
1070
140
1040
0.15
1070
41
1040
0.15
1070
147
1040
0.1
1070
44
1040
0.25
1070
277
1070
2
1070
271
1070
2
1070
278
1070
44
1070
78
1070
8
1070
3
1000
<>m
1070
45
1040
0.01
1002
}
  0
DIMENSION
  5
5C
330
17
100
AcDbEntity
  8
SUBESTAÇÃO
100
AcDbDimension
280
0
  2
*D2
  3
ISO-25
 10
-45252.98600716022
 20
56447.74448318702
 30
0.0
 11
-45250.96100716022
 21
56447.919483187026
 31
0.0
 70
32
 71
5
 42
4.05000000000291
 73
0
 74
0
 75
0
100
AcDbAlignedDimension
 13
-45252.98600716022
 23
56446.7277939662
 33
0.0
 14
-45248.93600716023
 24
56446.7277939662
 34
0.0
 50
0.0
100
AcDbRotatedDimension
1001
ACAD
1000
DSTYLE
1002
{
1070
140
1040
0.15
1070
41
1040
0.15
1070
147
1040
0.1
1070
44
1040
0.25
1070
277
1070
2
1070
271
1070
2
1070
278
1070
44
1070
78
1070
8
1070
3
1000
<>m
1070
45
1040
0.01
1002
}
  0
DIMENSION
  5
6B
330
17
100
AcDbEntity
  8
SUBESTAÇÃO
100
AcDbDimension
280
0
  2
*D3
  3
ISO-25
 10
-45256.1399113818
 20
56437.69601101505
 30
0.0
 11
-45256.3149113818
 21
56438.82101101505
 31
0.0
 70
32
 71
5
 42
2.25
 73
0
 74
0
 75
0
100
AcDbAlignedDimension
 13
-45255.01600716022
 23
56437.69601101505
 33
0.0
 14
-45255.01600716022
 24
56439.94601101505
 34
0.0
 50
90.0
100
AcDbRotatedDimension
1001
ACAD
1000
DSTYLE
1002
{
1070
140
1040
0.15
1070
41
1040
0.15
1070
147
1040
0.1
1070
44
1040
0.25
1070
277
1070
2
1070
271
1070
2
1070
278
1070
44
1070
78
1070
8
1070
3
1000
<>m
1070
45
1040
0.01
1002
}
  0
DIMENSION
  5
7A
330
17
100
AcDbEntity
  8
SUBESTAÇÃO
100
AcDbDimension
280
0
  2
*D4
  3
ISO-25
 10
-45256.17134388258
 20
56439.94601101508
 30
0.0
 11
-45256.346343882586
 21
56442.19601101508
 31
0.0
 70
32
 71
5
 42
4.5
 73
0
 74
0
 75
0
100
AcDbAlignedDimension
 13
-45255.01600716024
 23
56439.94601101508
 33
0.0
 14
-45255.01600716019
 24
56444.44601101508
 34
0.0
 50
90.0
100
AcDbRotatedDimension
1001
ACAD
1000
DSTYLE
1002
{
1070
140
1040
0.15
1070
41
1040
0.15
1070
147
1040
0.1
1070
44
1040
0.25
1070
277
1070
2
1070
271
1070
2
1070
278
1070
44
1070
78
1070
8
1070
3
1000
<>m
1070
45
1040
0.01
1002
}
  0
DIMENSION
  5
89
330
17
100
AcDbEntity
  8
SUBESTAÇÃO
100
AcDbDimension
280
0
  2
*D5
  3
ISO-25
 10
-45248.93600716023
 20
56448.90786649108
 30
0.0
 11
-45246.91100716022
 21
56449.08286649108
 31
0.0
 70
32
 71
5
 42
4.05000000000291
 73
0
 74
0
 75
0
100
AcDbAlignedDimension
 13
-45248.93600716023
 23
56446.7277939662
 33
0.0
 14
-45244.88600716022
 24
56446.7277939662
 34
0.0
 50
0.0
100
AcDbRotatedDimension
1001
ACAD
1000
DSTYLE
1002
{
1070
140
1040
0.15
1070
41
1040
0.15
1070
147
1040
0.1
1070
44
1040
0.25
1070
277
1070
2
1070
271
1070
2
1070
278
1070
44
1070
78
1070
8
1070
3
1000
<>m
1070
45
1040
0.01
1002
}
  0
DIMENSION
  5
98
330
17
100
AcDbEntity
  8
SUBESTAÇÃO
100
AcDbDimension
280
0
  2
*D6
  3
ISO-25
 10
-45244.88600716022
 20
56448.85284816917
 30
0.0
 11
-45242.861007160216
 21
56449.02784816917
 31
0.0
 70
32
 71
5
 42
4.05000000000291
 73
0
 74
0
 75
0
100
AcDbAlignedDimension
 13
-45244.88600716022
 23
56446.7277939662
 33
0.0
 14
-45240.83600716022
 24
56446.7277939662
 34
0.0
 50
0.0
100
AcDbRotatedDimension
1001
ACAD
1000
DSTYLE
1002
{
1070
140
1040
0.15
1070
41
1040
0.15
1070
147
1040
0.1
1070
44
1040
0.25
1070
277
1070
2
1070
271
1070
2
1070
278
1070
44
1070
78
1070
8
1070
3
1000
<>m
1070
45
1040
0.01
1002
}
  0
DIMENSION
  5
A7
330
17
100
AcDbEntity
  8
SUBESTAÇÃO
100
AcDbDimension
280
0
  2
*D7
  3
ISO-25
 10
-45238.84136859136
 20
56447.8074947109
 30
0.0
 11
-45239.85636859136
 21
56447.632494710895
 31
0.0
 70
32
 71
5
 42
2.029999999998835
 73
0
 74
0
 75
0
100
AcDbAlignedDimension
 13
-45238.84136859136
 23
56446.7277939662
 33
0.0
 14
-45240.87136859136
 24
56446.7277939662
 34
0.0
 50
0.0
100
AcDbRotatedDimension
1001
ACAD
1000
DSTYLE
1002
{
1070
140
1040
0.15
1070
41
1040
0.15
1070
147
1040
0.1
1070
44
1040
0.25
1070
277
1070
2
1070
271
1070
2
1070
278
1070
44
1070
78
1070
8
1070
3
1000
<>m
1070
45
1040
0.01
1002
}
  0
DIMENSION
  5
B6
330
17
100
AcDbEntity
  8
SUBESTAÇÃO
100
AcDbDimension
280
0
  2
*D8
  3
ISO-25
 10
-45255.92382945401
 20
56446.7277939662
 30
0.0
 11
-45255.74882945401
 21
56445.6027939662
 31
0.0
 70
32
 71
5
 42
2.25
 73
0
 74
0
 75
0
100
AcDbAlignedDimension
 13
-45255.01600716022
 23
56446.7277939662
 33
0.0
 14
-45255.01600716022
 24
56444.4777939662
 34
0.0
 50
90.0
100
AcDbRotatedDimension
1001
ACAD
1000
DSTYLE
1002
{
1070
140
1040
0.15
1070
41
1040
0.15
1070
147
1040
0.1
1070
44
1040
0.25
1070
277
1070
2
1070
271
1070
2
1070
278
1070
44
1070
78
1070
8
1070
3
1000
<>m
1070
45
1040
0.01
1002
}
  0
DIMENSION
  5
C5
330
17
100
AcDbEntity
  8
SUBESTAÇÃO
100
AcDbDimension
280
0
  2
*D9
  3
ISO-25
 10
-45255.04794619719
 20
56437.35930749945
 30
0.0
 11
-45254.37294619718
 21
56437.53430749945
 31
0.0
 70
32
 71
5
 42
1.349999999998544
 73
0
 74
0
 75
0
100
AcDbAlignedDimension
 13
-45255.04794619719
 23
56437.14593345588
 33
0.0
 14
-45253.69794619718
 24
56437.14593345588
 34
0.0
 50
0.0
100
AcDbRotatedDimension
1001
ACAD
1000
DSTYLE
1002
{
1070
140
1040
0.15
1070
41
1040
0.15
1070
147
1040
0.1
1070
44
1040
0.25
1070
277
1070
2
1070
271
1070
2
1070
278
1070
44
1070
78
1070
8
1070
3
1000
<>m
1070
45
1040
0.01
1002
}
  0
DIMENSION
  5
D4
330
17
100
AcDbEntity
  8
SUBESTAÇÃO
100
AcDbDimension
280
0
  2
*D10
  3
ISO-25
 10
-45238.862085894
 20
56437.43865189605
 30
0.0
 11
-45239.537085894
 21
56437.26365189605
 31
0.0
 70
32
 71
5
 42
1.349999999998544
 73
0
 74
0
 75
0
100
AcDbAlignedDimension
 13
-45238.862085894
 23
56437.14593345588
 33
0.0
 14
-45240.212085894
 24
56437.14593345588
 34
0.0
 50
0.0
100
AcDbRotatedDimension
1001
ACAD
1000
DSTYLE
1002
{
1070
140
1040
0.15
1070
41
1040
0.15
1070
147
1040
0.1
1070
44
1040
0.25
1070
277
1070
2
1070
271
1070
2
1070
278
1070
44
1070
78
1070
8
1070
3
1000
<>m
1070
45
1040
0.01
1002
}
  0
DIMENSION
  5
E3
330
17
100
AcDbEntity
  8
SUBESTAÇÃO
100
AcDbDimension
280
0
  2
*D11
  3
ISO-25
 10
-45255.92382945401
 20
56428.94215862101
 30
0.0
 11
-45256.098829454015
 21
56429.96715862101
 31
0.0
 70
32
 71
5
 42
2.05000000000291
 73
0
 74
0
 75
0
100
AcDbAlignedDimension
 13
-45255.04794619719
 23
56428.94215862101
 33
0.0
 14
-45255.04794619719
 24
56430.99215862101
 34
0.0
 50
90.0
100
AcDbRotatedDimension
1001
ACAD
1000
DSTYLE
1002
{
1070
140
1040
0.15
1070
41
1040
0.15
1070
147
1040
0.1
1070
44
1040
0.25
1070
277
1070
2
1070
271
1070
2
1070
278
1070
44
1070
78
1070
8
1070
3
1000
<>m
1070
45
1040
0.01
1002
}
  0
DIMENSION
  5
F2
330
17
100
AcDbEntity
  8
SUBESTAÇÃO
100
AcDbDimension
280
0
  2
*D12
  3
ISO-25
 10
-45256.17677868689
 20
56430.99215862105
 30
0.0
 11
-45256.35177868689
 21
56433.04215862104
 31
0.0
 70
32
 71
5
 42
4.099999999998544
 73
0
 74
0
 75
0
100
AcDbAlignedDimension
 13
-45255.04794619719
 23
56430.99215862105
 33
0.0
 14
-45255.04794619719
 24
56435.09215862104
 34
0.0
 50
90.0
100
AcDbRotatedDimension
1001
ACAD
1000
DSTYLE
1002
{
1070
140
1040
0.15
1070
41
1040
0.15
1070
147
1040
0.1
1070
44
1040
0.25
1070
277
1070
2
1070
271
1070
2
1070
278
1070
44
1070
78
1070
8
1070
3
1000
<>m
1070
45
1040
0.01
1002
}
  0
DIMENSION
  5
101
330
17
100
AcDbEntity
  8
SUBESTAÇÃO
100
AcDbDimension
280
0
  2
*D13
  3
ISO-25
 10
-45256.13707908277
 20
56437.14593345588
 30
0.0
 11
-45255.96207908277
 21
56436.12093345588
 31
0.0
 70
32
 71
5
 42
2.05000000000291
 73
0
 74
0
 75
0
100
AcDbAlignedDimension
 13
-45255.04794619719
 23
56437.14593345588
 33
0.0
 14
-45255.04794619719
 24
56435.09593345588
 34
0.0
 50
90.0
100
AcDbRotatedDimension
1001
ACAD
1000
DSTYLE
1002
{
1070
140
1040
0.15
1070
41
1040
0.15
1070
147
1040
0.1
1070
44
1040
0.25
1070
277
1070
2
1070
271
1070
2
1070
278
1070
44
1070
78
1070
8
1070
3
1000
<>m
1070
45
1040
0.01
1002
}
  0
DIMENSION
  5
110
330
17
100
AcDbEntity
  8
SUBESTAÇÃO
100
AcDbDimension
280
0
  2
*D14
  3
ISO-25
 10
-45253.69794619718
 20
56437.45848837678
 30
0.0
 11
-45252.34794619719
 21
56437.633488376785
 31
0.0
 70
32
 71
5
 42
2.699999999997089
 73
0
 74
0
 75
0
100
AcDbAlignedDimension
 13
-45253.69794619718
 23
56437.14593345588
 33
0.0
 14
-45250.99794619719
 24
56437.14593345588
 34
0.0
 50
0.0
100
AcDbRotatedDimension
1001
ACAD
1000
DSTYLE
1002
{
1070
140
1040
0.15
1070
41
1040
0.15
1070
147
1040
0.1
1070
44
1040
0.25
1070
277
1070
2
1070
271
1070
2
1070
278
1070
44
1070
78
1070
8
1070
3
1000
<>m
1070
45
1040
0.01
1002
}
  0
DIMENSION
  5
11F
330
17
100
AcDbEntity
  8
SUBESTAÇÃO
100
AcDbDimension
280
0
  2
*D15
  3
ISO-25
 10
-45250.93623032967
 20
56437.43865189605
 30
0.0
 11
-45249.586230329674
 21
56437.613651896056
 31
0.0
 70
32
 71
5
 42
2.699999999997089
 73
0
 74
0
 75
0
100
AcDbAlignedDimension
 13
-45250.93623032967
 23
56437.14593345588
 33
0.0
 14
-45248.23623032967
 24
56437.14593345588
 34
0.0
 50
0.0
100
AcDbRotatedDimension
1001
ACAD
1000
DSTYLE
1002
{
1070
140
1040
0.15
1070
41
1040
0.15
1070
147
1040
0.1
1070
44
1040
0.25
1070
277
1070
2
1070
271
1070
2
1070
278
1070
44
1070
78
1070
8
1070
3
1000
<>m
1070
45
1040
0.01
1002
}
  0
DIMENSION
  5
12E
330
17
100
AcDbEntity
  8
SUBESTAÇÃO
100
AcDbDimension
280
0
  2
*D16
  3
ISO-25
 10
-45248.23623032967
 20
56437.41881617847
 30
0.0
 11
-45246.88623032968
 21
56437.59381617847
 31
0.0
 70
32
 71
5
 42
2.699999999997089
 73
0
 74
0
 75
0
100
AcDbAlignedDimension
 13
-45248.23623032967
 23
56437.14593345588
 33
0.0
 14
-45245.53623032968
 24
56437.14593345588
 34
0.0
 50
0.0
100
AcDbRotatedDimension
1001
ACAD
1000
DSTYLE
1002
{
1070
140
1040
0.15
1070
41
1040
0.15
1070
147
1040
0.1
1070
44
1040
0.25
1070
277
1070
2
1070
271
1070
2
1070
278
1070
44
1070
78
1070
8
1070
3
1000
<>m
1070
45
1040
0.01
1002
}
  0
DIMENSION
  5
13D
330
17
100
AcDbEntity
  8
SUBESTAÇÃO
100
AcDbDimension
280
0
  2
*D17
  3
ISO-25
 10
-45245.53623032968
 20
56437.45848837678
 30
0.0
 11
-45244.18623032968
 21
56437.633488376785
 31
0.0
 70
32
 71
5
 42
2.699999999997089
 73
0
 74
0
 75
0
100
AcDbAlignedDimension
 13
-45245.53623032968
 23
56437.14593345588
 33
0.0
 14
-45242.83623032968
 24
56437.14593345588
 34
0.0
 50
0.0
100
AcDbRotatedDimension
1001
ACAD
1000
DSTYLE
1002
{
1070
140
1040
0.15
1070
41
1040
0.15
1070
147
1040
0.1
1070
44
1040
0.25
1070
277
1070
2
1070
271
1070
2
1070
278
1070
44
1070
78
1070
8
1070
3
1000
<>m
1070
45
1040
0.01
1002
}
  0
DIMENSION
  5
14C
330
17
100
AcDbEntity
  8
SUBESTAÇÃO
100
AcDbDimension
280
0
  2
*D18
  3
ISO-25
 10
-45242.83623032968
 20
56437.43865189605
 30
0.0
 11
-45241.48623032968
 21
56437.613651896056
 31
0.0
 70
32
 71
5
 42
2.699999999997089
 73
0
 74
0
 75
0
100
AcDbAlignedDimension
 13
-45242.83623032968
 23
56437.14593345588
 33
0.0
 14
-45240.13623032968
 24
56437.14593345588
 34
0.0
 50
0.0
100
AcDbRotatedDimension
1001
ACAD
1000
DSTYLE
1002
{
1070
140
1040
0.15
1070
41
1040
0.15
1070
147
1040
0.1
1070
44
1040
0.25
1070
277
1070
2
1070
271
1070
2
1070
278
1070
44
1070
78
1070
8
1070
3
1000
<>m
1070
45
1040
0.01
1002
}
  0
DIMENSION
  5
15B
330
17
100
AcDbEntity
  8
SUBESTAÇÃO
100
AcDbDimension
280
0
  2
*D19
  3
ISO-25
 10
-45238.43301981285
 20
56447.51067870699
 30
0.0
 11
-45237.60301981285
 21
56447.68567870699
 31
0.0
 70
32
 71
5
 42
1.660000000003492
 73
0
 74
0
 75
0
100
AcDbAlignedDimension
 13
-45238.43301981285
 23
56446.68762076003
 33
0.0
 14
-45236.77301981285
 24
56446.68762076003
 34
0.0
 50
0.0
100
AcDbRotatedDimension
1001
ACAD
1000
DSTYLE
1002
{
1070
140
1040
0.15
1070
41
1040
0.15
1070
147
1040
0.1
1070
44
1040
0.25
1070
277
1070
2
1070
271
1070
2
1070
278
1070
44
1070
78
1070
8
1070
3
1000
<>m
1070
45
1040
0.01
1002
}
  0
DIMENSION
  5
16A
330
17
100
AcDbEntity
  8
SUBESTAÇÃO
100
AcDbDimension
280
0
  2
*D20
  3
ISO-25
 10
-45236.77301981285
 20
56447.51067870698
 30
0.0
 11
-45235.11301981285
 21
56447.685678706985
 31
0.0
 70
32
 71
5
 42
3.319999999999708
 73
0
 74
0
 75
0
100
AcDbAlignedDimension
 13
-45236.77301981285
 23
56446.68762076003
 33
0.0
 14
-45233.45301981285
 24
56446.68762076003
 34
0.0
 50
0.0
100
AcDbRotatedDimension
1001
ACAD
1000
DSTYLE
1002
{
1070
140
1040
0.15
1070
41
1040
0.15
1070
147
1040
0.1
1070
44
1040
0.25
1070
277
1070
2
1070
271
1070
2
1070
278
1070
44
1070
78
1070
8
1070
3
1000
<>m
1070
45
1040
0.01
1002
}
  0
DIMENSION
  5
179
330
17
100
AcDbEntity
  8
SUBESTAÇÃO
100
AcDbDimension
280
0
  2
*D21
  3
ISO-25
 10
-45233.45301981285
 20
56447.51067870698
 30
0.0
 11
-45231.793019812845
 21
56447.685678706985
 31
0.0
 70
32
 71
5
 42
3.319999999999708
 73
0
 74
0
 75
0
100
AcDbAlignedDimension
 13
-45233.45301981285
 23
56446.68762076003
 33
0.0
 14
-45230.13301981285
 24
56446.68762076003
 34
0.0
 50
0.0
100
AcDbRotatedDimension
1001
ACAD
1000
DSTYLE
1002
{
1070
140
1040
0.15
1070
41
1040
0.15
1070
147
1040
0.1
1070
44
1040
0.25
1070
277
1070
2
1070
271
1070
2
1070
278
1070
44
1070
78
1070
8
1070
3
1000
<>m
1070
45
1040
0.01
1002
}
  0
DIMENSION
  5
188
330
17
100
AcDbEntity
  8
SUBESTAÇÃO
100
AcDbDimension
280
0
  2
*D22
  3
ISO-25
 10
-45230.1272321206
 20
56447.51067870699
 30
0.0
 11
-45228.4672321206
 21
56447.68567870699
 31
0.0
 70
32
 71
5
 42
3.319999999999708
 73
0
 74
0
 75
0
100
AcDbAlignedDimension
 13
-45230.1272321206
 23
56446.68762076003
 33
0.0
 14
-45226.80723212061
 24
56446.68762076003
 34
0.0
 50
0.0
100
AcDbRotatedDimension
1001
ACAD
1000
DSTYLE
1002
{
1070
140
1040
0.15
1070
41
1040
0.15
1070
147
1040
0.1
1070
44
1040
0.25
1070
277
1070
2
1070
271
1070
2
1070
278
1070
44
1070
78
1070
8
1070
3
1000
<>m
1070
45
1040
0.01
1002
}
  0
DIMENSION
  5
197
330
17
100
AcDbEntity
  8
SUBESTAÇÃO
100
AcDbDimension
280
0
  2
*D23
  3
ISO-25
 10
-45221.82144442835
 20
56447.51067870698
 30
0.0
 11
-45222.65144442835
 21
56447.33567870698
 31
0.0
 70
32
 71
5
 42
1.660000000003492
 73
0
 74
0
 75
0
100
AcDbAlignedDimension
 13
-45221.82144442835
 23
56446.68762076003
 33
0.0
 14
-45223.48144442835
 24
56446.68762076003
 34
0.0
 50
0.0
100
AcDbRotatedDimension
1001
ACAD
1000
DSTYLE
1002
{
1070
140
1040
0.15
1070
41
1040
0.15
1070
147
1040
0.1
1070
44
1040
0.25
1070
277
1070
2
1070
271
1070
2
1070
278
1070
44
1070
78
1070
8
1070
3
1000
<>m
1070
45
1040
0.01
1002
}
  0
DIMENSION
  5
1A6
330
17
100
AcDbEntity
  8
SUBESTAÇÃO
100
AcDbDimension
280
0
  2
*D24
  3
ISO-25
 10
-45226.80723212061
 20
56447.51067870699
 30
0.0
 11
-45225.14723212061
 21
56447.68567870699
 31
0.0
 70
32
 71
5
 42
3.319999999999708
 73
0
 74
0
 75
0
100
AcDbAlignedDimension
 13
-45226.80723212061
 23
56446.68762076003
 33
0.0
 14
-45223.4872321206
 24
56446.68762076003
 34
0.0
 50
0.0
100
AcDbRotatedDimension
1001
ACAD
1000
DSTYLE
1002
{
1070
140
1040
0.15
1070
41
1040
0.15
1070
147
1040
0.1
1070
44
1040
0.25
1070
277
1070
2
1070
271
1070
2
1070
278
1070
44
1070
78
1070
8
1070
3
1000
<>m
1070
45
1040
0.01
1002
}
  0
DIMENSION
  5
1B5
330
17
100
AcDbEntity
  8
SUBESTAÇÃO
100
AcDbDimension
280
0
  2
*D25
  3
ISO-25
 10
-45238.84136859138
 20
56437.70092893929
 30
0.0
 11
-45239.01636859138
 21
56438.825928939295
 31
0.0
 70
32
 71
5
 42
2.25
 73
0
 74
0
 75
0
100
AcDbAlignedDimension
 13
-45238.43301981285
 23
56437.70092893929
 33
0.0
 14
-45238.43301981285
 24
56439.9509289393
 34
0.0
 50
90.0
100
AcDbRotatedDimension
1001
ACAD
1000
DSTYLE
1002
{
1070
140
1040
0.15
1070
41
1040
0.15
1070
147
1040
0.1
1070
44
1040
0.25
1070
277
1070
2
1070
271
1070
2
1070
278
1070
44
1070
78
1070
8
1070
3
1000
<>m
1070
45
1040
0.01
1002
}
  0
DIMENSION
  5
1C4
330
17
100
AcDbEntity
  8
SUBESTAÇÃO
100
AcDbDimension
280
0
  2
*D26
  3
ISO-25
 10
-45238.84136859138
 20
56446.68762076003
 30
0.0
 11
-45238.66636859137
 21
56445.56262076003
 31
0.0
 70
32
 71
5
 42
2.25
 73
0
 74
0
 75
0
100
AcDbAlignedDimension
 13
-45238.43301981285
 23
56446.68762076003
 33
0.0
 14
-45238.43301981285
 24
56444.43762076003
 34
0.0
 50
90.0
100
AcDbRotatedDimension
1001
ACAD
1000
DSTYLE
1002
{
1070
140
1040
0.15
1070
41
1040
0.15
1070
147
1040
0.1
1070
44
1040
0.25
1070
277
1070
2
1070
271
1070
2
1070
278
1070
44
1070
78
1070
8
1070
3
1000
<>m
1070
45
1040
0.01
1002
}
  0
DIMENSION
  5
1D3
330
17
100
AcDbEntity
  8
SUBESTAÇÃO
100
AcDbDimension
280
0
  2
*D27
  3
ISO-25
 10
-45239.10237799425
 20
56444.43762076005
 30
0.0
 11
-45238.927377994245
 21
56442.188676097765
 31
0.0
 70
32
 71
5
 42
4.497889324578864
 73
0
 74
0
 75
0
100
AcDbAlignedDimension
 13
-45238.88719420212
 23
56444.43762076005
 33
0.0
 14
-45238.74938410137
 24
56439.93973143548
 34
0.0
 50
90.0
100
AcDbRotatedDimension
1001
ACAD
1000
DSTYLE
1002
{
1070
140
1040
0.15
1070
41
1040
0.15
1070
147
1040
0.1
1070
44
1040
0.25
1070
277
1070
2
1070
271
1070
2
1070
278
1070
44
1070
78
1070
8
1070
3
1000
<>m
1070
45
1040
0.01
1002
}
  0
DIMENSION
  5
1E2
330
17
100
AcDbEntity
  8
SUBESTAÇÃO
100
AcDbDimension
280
0
  2
*D28
  3
ISO-25
 10
-45238.68160377231
 20
56428.88567706386
 30
0.0
 11
-45238.856603772314
 21
56429.905677063856
 31
0.0
 70
32
 71
5
 42
2.040000000000873
 73
0
 74
0
 75
0
100
AcDbAlignedDimension
 13
-45238.42991861481
 23
56428.88567706386
 33
0.0
 14
-45238.42991861481
 24
56430.92567706386
 34
0.0
 50
90.0
100
AcDbRotatedDimension
1001
ACAD
1000
DSTYLE
1002
{
1070
140
1040
0.15
1070
41
1040
0.15
1070
147
1040
0.1
1070
44
1040
0.25
1070
277
1070
2
1070
271
1070
2
1070
278
1070
44
1070
78
1070
8
1070
3
1000
<>m
1070
45
1040
0.01
1002
}
  0
DIMENSION
  5
1F1
330
17
100
AcDbEntity
  8
SUBESTAÇÃO
100
AcDbDimension
280
0
  2
*D29
  3
ISO-25
 10
-45238.69684128575
 20
56437.04504609885
 30
0.0
 11
-45238.52184128575
 21
56436.025046098846
 31
0.0
 70
32
 71
5
 42
2.040000000000873
 73
0
 74
0
 75
0
100
AcDbAlignedDimension
 13
-45238.42991861481
 23
56437.04504609885
 33
0.0
 14
-45238.42991861481
 24
56435.00504609885
 34
0.0
 50
90.0
100
AcDbRotatedDimension
1001
ACAD
1000
DSTYLE
1002
{
1070
140
1040
0.15
1070
41
1040
0.15
1070
147
1040
0.1
1070
44
1040
0.25
1070
277
1070
2
1070
271
1070
2
1070
278
1070
44
1070
78
1070
8
1070
3
1000
<>m
1070
45
1040
0.01
1002
}
  0
DIMENSION
  5
200
330
17
100
AcDbEntity
  8
SUBESTAÇÃO
100
AcDbDimension
280
0
  2
*D30
  3
ISO-25
 10
-45238.42991861481
 20
56437.28056751529
 30
0.0
 11
-45237.03991861481
 21
56437.455567515295
 31
0.0
 70
32
 71
5
 42
2.779999999998835
 73
0
 74
0
 75
0
100
AcDbAlignedDimension
 13
-45238.42991861481
 23
56437.04504609885
 33
0.0
 14
-45235.64991861482
 24
56437.04504609885
 34
0.0
 50
0.0
100
AcDbRotatedDimension
1001
ACAD
1000
DSTYLE
1002
{
1070
140
1040
0.15
1070
41
1040
0.15
1070
147
1040
0.1
1070
44
1040
0.25
1070
277
1070
2
1070
271
1070
2
1070
278
1070
44
1070
78
1070
8
1070
3
1000
<>m
1070
45
1040
0.01
1002
}
  0
DIMENSION
  5
20F
330
17
100
AcDbEntity
  8
SUBESTAÇÃO
100
AcDbDimension
280
0
  2
*D31
  3
ISO-25
 10
-45221.76082788763
 20
56437.34147122708
 30
0.0
 11
-45223.150827887635
 21
56437.16647122708
 31
0.0
 70
32
 71
5
 42
2.779999999998835
 73
0
 74
0
 75
0
100
AcDbAlignedDimension
 13
-45221.76082788763
 23
56437.04504609885
 33
0.0
 14
-45224.54082788764
 24
56437.04504609885
 34
0.0
 50
0.0
100
AcDbRotatedDimension
1001
ACAD
1000
DSTYLE
1002
{
1070
140
1040
0.15
1070
41
1040
0.15
1070
147
1040
0.1
1070
44
1040
0.25
1070
277
1070
2
1070
271
1070
2
1070
278
1070
44
1070
78
1070
8
1070
3
1000
<>m
1070
45
1040
0.01
1002
}
  0
DIMENSION
  5
21E
330
17
100
AcDbEntity
  8
SUBESTAÇÃO
100
AcDbDimension
280
0
  2
*D32
  3
ISO-25
 10
-45238.66636808264
 20
56435.00504609888
 30
0.0
 11
-45238.491368082636
 21
56432.96504609888
 31
0.0
 70
32
 71
5
 42
4.080000000001746
 73
0
 74
0
 75
0
100
AcDbAlignedDimension
 13
-45238.42991861481
 23
56435.00504609888
 33
0.0
 14
-45238.42991861481
 24
56430.92504609888
 34
0.0
 50
90.0
100
AcDbRotatedDimension
1001
ACAD
1000
DSTYLE
1002
{
1070
140
1040
0.15
1070
41
1040
0.15
1070
147
1040
0.1
1070
44
1040
0.25
1070
277
1070
2
1070
271
1070
2
1070
278
1070
44
1070
78
1070
8
1070
3
1000
<>m
1070
45
1040
0.01
1002
}
  0
DIMENSION
  5
22D
330
17
100
AcDbEntity
  8
SUBESTAÇÃO
100
AcDbDimension
280
0
  2
*D33
  3
ISO-25
 10
-45235.64991861482
 20
56437.32624568071
 30
0.0
 11
-45232.864918614825
 21
56437.501245680716
 31
0.0
 70
32
 71
5
 42
5.569999999999708
 73
0
 74
0
 75
0
100
AcDbAlignedDimension
 13
-45235.64991861482
 23
56437.04504609885
 33
0.0
 14
-45230.07991861482
 24
56437.04504609885
 34
0.0
 50
0.0
100
AcDbRotatedDimension
1001
ACAD
1000
DSTYLE
1002
{
1070
140
1040
0.15
1070
41
1040
0.15
1070
147
1040
0.1
1070
44
1040
0.25
1070
277
1070
2
1070
271
1070
2
1070
278
1070
44
1070
78
1070
8
1070
3
1000
<>m
1070
45
1040
0.01
1002
}
  0
DIMENSION
  5
23C
330
17
100
AcDbEntity
  8
SUBESTAÇÃO
100
AcDbDimension
280
0
  2
*D34
  3
ISO-25
 10
-45230.07991861482
 20
56437.35669753661
 30
0.0
 11
-45227.29491861482
 21
56437.531697536615
 31
0.0
 70
32
 71
5
 42
5.569999999999708
 73
0
 74
0
 75
0
100
AcDbAlignedDimension
 13
-45230.07991861482
 23
56437.04504609885
 33
0.0
 14
-45224.50991861482
 24
56437.04504609885
 34
0.0
 50
0.0
100
AcDbRotatedDimension
1001
ACAD
1000
DSTYLE
1002
{
1070
140
1040
0.15
1070
41
1040
0.15
1070
147
1040
0.1
1070
44
1040
0.25
1070
277
1070
2
1070
271
1070
2
1070
278
1070
44
1070
78
1070
8
1070
3
1000
<>m
1070
45
1040
0.01
1002
}
  0
DIMENSION
  5
24B
330
17
100
AcDbEntity
  8
SUBESTAÇÃO
100
AcDbDimension
280
0
  2
*D35
  3
ISO-25
 10
-45247.4479933539
 20
56427.4530767821
 30
0.0
 11
-45246.7079933539
 21
56427.6280767821
 31
0.0
 70
32
 71
5
 42
1.480000000003201
 73
0
 74
0
 75
0
100
AcDbAlignedDimension
 13
-45247.4479933539
 23
56427.14429780402
 33
0.0
 14
-45245.9679933539
 24
56427.14429780402
 34
0.0
 50
0.0
100
AcDbRotatedDimension
1001
ACAD
1000
DSTYLE
1002
{
1070
140
1040
0.15
1070
41
1040
0.15
1070
147
1040
0.1
1070
44
1040
0.25
1070
277
1070
2
1070
271
1070
2
1070
278
1070
44
1070
78
1070
8
1070
3
1000
<>m
1070
45
1040
0.01
1002
}
  0
DIMENSION
  5
25A
330
17
100
AcDbEntity
  8
SUBESTAÇÃO
100
AcDbDimension
280
0
  2
*D36
  3
ISO-25
 10
-45241.55367818438
 20
56427.84532977612
 30
0.0
 11
-45242.293678184375
 21
56427.67032977612
 31
0.0
 70
32
 71
5
 42
1.480000000003201
 73
0
 74
0
 75
0
100
AcDbAlignedDimension
 13
-45241.55367818438
 23
56427.14429780538
 33
0.0
 14
-45243.03367818438
 24
56427.14429780505
 34
0.0
 50
0.0
100
AcDbRotatedDimension
1001
ACAD
1000
DSTYLE
1002
{
1070
140
1040
0.15
1070
41
1040
0.15
1070
147
1040
0.1
1070
44
1040
0.25
1070
277
1070
2
1070
271
1070
2
1070
278
1070
44
1070
78
1070
8
1070
3
1000
<>m
1070
45
1040
0.01
1002
}
  0
DIMENSION
  5
269
330
17
100
AcDbEntity
  8
SUBESTAÇÃO
100
AcDbDimension
280
0
  2
*D37
  3
ISO-25
 10
-45247.59799335106
 20
56417.92953869701
 30
0.0
 11
-45247.77299335106
 21
56418.694538697004
 31
0.0
 70
32
 71
5
 42
1.529999999998835
 73
0
 74
0
 75
0
100
AcDbAlignedDimension
 13
-45247.44799335092
 23
56417.92953869701
 33
0.0
 14
-45247.44799335142
 24
56419.459538697
 34
0.0
 50
90.0
100
AcDbRotatedDimension
1001
ACAD
1000
DSTYLE
1002
{
1070
140
1040
0.15
1070
41
1040
0.15
1070
147
1040
0.1
1070
44
1040
0.25
1070
277
1070
2
1070
271
1070
2
1070
278
1070
44
1070
78
1070
8
1070
3
1000
<>m
1070
45
1040
0.01
1002
}
  0
DIMENSION
  5
278
330
17
100
AcDbEntity
  8
SUBESTAÇÃO
100
AcDbDimension
280
0
  2
*D38
  3
ISO-25
 10
-45247.4737456824
 20
56427.14429780399
 30
0.0
 11
-45247.2987456824
 21
56426.37929780399
 31
0.0
 70
32
 71
5
 42
1.529999999998835
 73
0
 74
0
 75
0
100
AcDbAlignedDimension
 13
-45247.4479933539
 23
56427.14429780399
 33
0.0
 14
-45247.4479933534
 24
56425.61429780399
 34
0.0
 50
90.0
100
AcDbRotatedDimension
1001
ACAD
1000
DSTYLE
1002
{
1070
140
1040
0.15
1070
41
1040
0.15
1070
147
1040
0.1
1070
44
1040
0.25
1070
277
1070
2
1070
271
1070
2
1070
278
1070
44
1070
78
1070
8
1070
3
1000
<>m
1070
45
1040
0.01
1002
}
  0
DIMENSION
  5
287
330
17
100
AcDbEntity
  8
SUBESTAÇÃO
100
AcDbDimension
280
0
  2
*D39
  3
ISO-25
 10
-45245.9679933539
 20
56427.48546016313
 30
0.0
 11
-45244.492993353895
 21
56427.66046016313
 31
0.0
 70
32
 71
5
 42
2.949999999997089
 73
0
 74
0
 75
0
100
AcDbAlignedDimension
 13
-45245.9679933539
 23
56427.14429780436
 33
0.0
 14
-45243.0179933539
 24
56427.14429780508
 34
0.0
 50
0.0
100
AcDbRotatedDimension
1001
ACAD
1000
DSTYLE
1002
{
1070
140
1040
0.15
1070
41
1040
0.15
1070
147
1040
0.1
1070
44
1040
0.25
1070
277
1070
2
1070
271
1070
2
1070
278
1070
44
1070
78
1070
8
1070
3
1000
<>m
1070
45
1040
0.01
1002
}
  0
DIMENSION
  5
296
330
17
100
AcDbEntity
  8
SUBESTAÇÃO
100
AcDbDimension
280
0
  2
*D40
  3
ISO-25
 10
-45247.59799292757
 20
56425.61429780402
 30
0.0
 11
-45247.42299292757
 21
56424.08018001568
 31
0.0
 70
32
 71
5
 42
3.068235576691222
 73
0
 74
0
 75
0
100
AcDbAlignedDimension
 13
-45247.4737456824
 23
56425.61429780402
 33
0.0
 14
-45247.36967625408
 24
56422.54606222733
 34
0.0
 50
90.0
100
AcDbRotatedDimension
1001
ACAD
1000
DSTYLE
1002
{
1070
140
1040
0.15
1070
41
1040
0.15
1070
147
1040
0.1
1070
44
1040
0.25
1070
277
1070
2
1070
271
1070
2
1070
278
1070
44
1070
78
1070
8
1070
3
1000
<>m
1070
45
1040
0.01
1002
}
  0
DIMENSION
  5
2A5
330
17
100
AcDbEntity
  8
SUBESTAÇÃO
100
AcDbDimension
280
0
  2
*D41
  3
ISO-25
 10
-45247.59799335106
 20
56422.54606222736
 30
0.0
 11
-45247.42299335106
 21
56421.01844201296
 31
0.0
 70
32
 71
5
 42
3.05524042880279
 73
0
 74
0
 75
0
100
AcDbAlignedDimension
 13
-45247.36967625409
 23
56422.54606222736
 33
0.0
 14
-45247.67035202996
 24
56419.49082179856
 34
0.0
 50
90.0
100
AcDbRotatedDimension
1001
ACAD
1000
DSTYLE
1002
{
1070
140
1040
0.15
1070
41
1040
0.15
1070
147
1040
0.1
1070
44
1040
0.25
1070
277
1070
2
1070
271
1070
2
1070
278
1070
44
1070
78
1070
8
1070
3
1000
<>m
1070
45
1040
0.01
1002
}
  0
DIMENSION
  5
2B4
330
17
100
AcDbEntity
  8
SUBESTAÇÃO
100
AcDbDimension
280
0
  2
*D42
  3
ISO-25
 10
-45241.40367817849
 20
56425.80196732533
 30
0.0
 11
-45240.94412914219
 21
56425.97696732533
 31
0.0
 70
32
 71
5
 42
0.9190980725979898
 73
0
 74
0
 75
0
100
AcDbAlignedDimension
 13
-45241.40367817849
 23
56425.66624731286
 33
0.0
 14
-45240.48458010589
 24
56425.62551976749
 34
0.0
 50
0.0
100
AcDbRotatedDimension
1001
ACAD
1000
DSTYLE
1002
{
1070
140
1040
0.15
1070
41
1040
0.15
1070
147
1040
0.1
1070
44
1040
0.25
1070
277
1070
2
1070
271
1070
2
1070
278
1070
44
1070
78
1070
8
1070
3
1000
<>m
1070
45
1040
0.01
1002
}
  0
DIMENSION
  5
2C3
330
17
100
AcDbEntity
  8
SUBESTAÇÃO
100
AcDbDimension
280
0
  2
*D43
  3
ISO-25
 10
-45236.10079790095
 20
56425.8019673258
 30
0.0
 11
-45236.56079790095
 21
56425.6269673258
 31
0.0
 70
32
 71
5
 42
0.9199999999982537
 73
0
 74
0
 75
0
100
AcDbAlignedDimension
 13
-45236.10079790095
 23
56425.65196733141
 33
0.0
 14
-45237.02079790094
 24
56425.65196733033
 34
0.0
 50
0.0
100
AcDbRotatedDimension
1001
ACAD
1000
DSTYLE
1002
{
1070
140
1040
0.15
1070
41
1040
0.15
1070
147
1040
0.1
1070
44
1040
0.25
1070
277
1070
2
1070
271
1070
2
1070
278
1070
44
1070
78
1070
8
1070
3
1000
<>m
1070
45
1040
0.01
1002
}
  0
DIMENSION
  5
2D2
330
17
100
AcDbEntity
  8
SUBESTAÇÃO
100
AcDbDimension
280
0
  2
*D44
  3
ISO-25
 10
-45241.4036781785
 20
56417.92953869701
 30
0.0
 11
-45241.57867817851
 21
56418.569538697004
 31
0.0
 70
32
 71
5
 42
1.279999999998835
 73
0
 74
0
 75
0
100
AcDbAlignedDimension
 13
-45241.40367817849
 23
56417.92953869701
 33
0.0
 14
-45241.40367817849
 24
56419.209538697
 34
0.0
 50
90.0
100
AcDbRotatedDimension
1001
ACAD
1000
DSTYLE
1002
{
1070
140
1040
0.15
1070
41
1040
0.15
1070
147
1040
0.1
1070
44
1040
0.25
1070
277
1070
2
1070
271
1070
2
1070
278
1070
44
1070
78
1070
8
1070
3
1000
<>m
1070
45
1040
0.01
1002
}
  0
DIMENSION
  5
2E1
330
17
100
AcDbEntity
  8
SUBESTAÇÃO
100
AcDbDimension
280
0
  2
*D45
  3
ISO-25
 10
-45239.71250590496
 20
56426.63880882309
 30
0.0
 11
-45238.79750590495
 21
56426.81380882309
 31
0.0
 70
32
 71
5
 42
1.830000000001746
 73
0
 74
0
 75
0
100
AcDbAlignedDimension
 13
-45239.71250590496
 23
56425.65196732721
 33
0.0
 14
-45237.88250590495
 24
56425.65196732721
 34
0.0
 50
0.0
100
AcDbRotatedDimension
1001
ACAD
1000
DSTYLE
1002
{
1070
140
1040
0.15
1070
41
1040
0.15
1070
147
1040
0.1
1070
44
1040
0.25
1070
277
1070
2
1070
271
1070
2
1070
278
1070
44
1070
78
1070
8
1070
3
1000
<>m
1070
45
1040
0.01
1002
}
  0
DIMENSION
  5
2F0
330
17
100
AcDbEntity
  8
SUBESTAÇÃO
100
AcDbDimension
280
0
  2
*D46
  3
ISO-25
 10
-45241.4786781785
 20
56425.65196732524
 30
0.0
 11
-45241.3036781785
 21
56425.01196732524
 31
0.0
 70
32
 71
5
 42
1.279999999998835
 73
0
 74
0
 75
0
100
AcDbAlignedDimension
 13
-45241.40367817849
 23
56425.65196732524
 33
0.0
 14
-45241.40367812595
 24
56424.37196732524
 34
0.0
 50
90.0
100
AcDbRotatedDimension
1001
ACAD
1000
DSTYLE
1002
{
1070
140
1040
0.15
1070
41
1040
0.15
1070
147
1040
0.1
1070
44
1040
0.25
1070
277
1070
2
1070
271
1070
2
1070
278
1070
44
1070
78
1070
8
1070
3
1000
<>m
1070
45
1040
0.01
1002
}
  0
DIMENSION
  5
2FF
330
17
100
AcDbEntity
  8
SUBESTAÇÃO
100
AcDbDimension
280
0
  2
*D47
  3
ISO-25
 10
-45241.5536781785
 20
56424.37196732527
 30
0.0
 11
-45241.378678178495
 21
56423.086967325275
 31
0.0
 70
32
 71
5
 42
2.569999999999708
 73
0
 74
0
 75
0
100
AcDbAlignedDimension
 13
-45241.40367812597
 23
56424.37196732527
 33
0.0
 14
-45241.40367825063
 24
56421.80196732527
 34
0.0
 50
90.0
100
AcDbRotatedDimension
1001
ACAD
1000
DSTYLE
1002
{
1070
140
1040
0.15
1070
41
1040
0.15
1070
147
1040
0.1
1070
44
1040
0.25
1070
277
1070
2
1070
271
1070
2
1070
278
1070
44
1070
78
1070
8
1070
3
1000
<>m
1070
45
1040
0.01
1002
}
  0
DIMENSION
  5
30E
330
17
100
AcDbEntity
  8
SUBESTAÇÃO
100
AcDbDimension
280
0
  2
*D48
  3
ISO-25
 10
-45241.4036781785
 20
56421.8019673253
 30
0.0
 11
-45241.2286781785
 21
56420.5169673253
 31
0.0
 70
32
 71
5
 42
2.569999999999708
 73
0
 74
0
 75
0
100
AcDbAlignedDimension
 13
-45241.40367825065
 23
56421.8019673253
 33
0.0
 14
-45241.40367825065
 24
56419.2319673253
 34
0.0
 50
90.0
100
AcDbRotatedDimension
1001
ACAD
1000
DSTYLE
1002
{
1070
140
1040
0.15
1070
41
1040
0.15
1070
147
1040
0.1
1070
44
1040
0.25
1070
277
1070
2
1070
271
1070
2
1070
278
1070
44
1070
78
1070
8
1070
3
1000
<>m
1070
45
1040
0.01
1002
}
  0
DIMENSION
  5
31D
330
17
100
AcDbEntity
  8
SUBESTAÇÃO
100
AcDbDimension
280
0
  2
*D49
  3
ISO-25
 10
-45236.29070569209
 20
56421.92953869699
 30
0.0
 11
-45236.115705692086
 21
56421.42953869699
 31
0.0
 70
32
 71
5
 73
0
 74
0
 75
0
100
AcDbAlignedDimension
 13
-45235.95079790103
 23
56421.92953869699
 33
0.0
 14
-45235.95079790103
 24
56420.92953869699
 34
0.0
 50
90.0
100
AcDbRotatedDimension
1001
ACAD
1000
DSTYLE
1002
{
1070
140
1040
0.15
1070
41
1040
0.15
1070
147
1040
0.1
1070
44
1040
0.25
1070
277
1070
2
1070
271
1070
2
1070
278
1070
44
1070
78
1070
8
1070
3
1000
<>m
1070
45
1040
0.01
1002
}
  0
DIMENSION
  5
32C
330
17
100
AcDbEntity
  8
SUBESTAÇÃO
100
AcDbDimension
280
0
  2
*D50
  3
ISO-25
 10
-45236.41896160259
 20
56417.92953869701
 30
0.0
 11
-45236.59396160259
 21
56418.429538697004
 31
0.0
 70
32
 71
5
 73
0
 74
0
 75
0
100
AcDbAlignedDimension
 13
-45235.95079790103
 23
56417.92953869701
 33
0.0
 14
-45235.95079790103
 24
56418.929538697
 34
0.0
 50
90.0
100
AcDbRotatedDimension
1001
ACAD
1000
DSTYLE
1002
{
1070
140
1040
0.15
1070
41
1040
0.15
1070
147
1040
0.1
1070
44
1040
0.25
1070
277
1070
2
1070
271
1070
2
1070
278
1070
44
1070
78
1070
8
1070
3
1000
<>m
1070
45
1040
0.01
1002
}
  0
DIMENSION
  5
33B
330
17
100
AcDbEntity
  8
SUBESTAÇÃO
100
AcDbDimension
280
0
  2
*D51
  3
ISO-25
 10
-45235.95079790103
 20
56421.92953869699
 30
0.0
 11
-45235.35079790103
 21
56422.10453869699
 31
0.0
 70
32
 71
5
 42
1.199999999997089
 73
0
 74
0
 75
0
100
AcDbAlignedDimension
 13
-45235.95079790103
 23
56421.92953869699
 33
0.0
 14
-45234.75079790103
 24
56421.92953869699
 34
0.0
 50
0.0
100
AcDbRotatedDimension
1001
ACAD
1000
DSTYLE
1002
{
1070
140
1040
0.15
1070
41
1040
0.15
1070
147
1040
0.1
1070
44
1040
0.25
1070
277
1070
2
1070
271
1070
2
1070
278
1070
44
1070
78
1070
8
1070
3
1000
<>m
1070
45
1040
0.01
1002
}
  0
DIMENSION
  5
34A
330
17
100
AcDbEntity
  8
SUBESTAÇÃO
100
AcDbDimension
280
0
  2
*D52
  3
ISO-25
 10
-45231.16963790671
 20
56421.929538697
 30
0.0
 11
-45231.769637906706
 21
56421.754538696994
 31
0.0
 70
32
 71
5
 42
1.199999999997089
 73
0
 74
0
 75
0
100
AcDbAlignedDimension
 13
-45231.16963790671
 23
56421.92953869712
 33
0.0
 14
-45232.3696379067
 24
56421.92953869662
 34
0.0
 50
0.0
100
AcDbRotatedDimension
1001
ACAD
1000
DSTYLE
1002
{
1070
140
1040
0.15
1070
41
1040
0.15
1070
147
1040
0.1
1070
44
1040
0.25
1070
277
1070
2
1070
271
1070
2
1070
278
1070
44
1070
78
1070
8
1070
3
1000
<>m
1070
45
1040
0.01
1002
}
  0
DIMENSION
  5
359
330
17
100
AcDbEntity
  8
SUBESTAÇÃO
100
AcDbDimension
280
0
  2
*D53
  3
ISO-25
 10
-45236.10079790104
 20
56420.92953869702
 30
0.0
 11
-45235.925797901036
 21
56419.92953869702
 31
0.0
 70
32
 71
5
 42
2.0
 73
0
 74
0
 75
0
100
AcDbAlignedDimension
 13
-45235.95079790103
 23
56420.92953869702
 33
0.0
 14
-45235.95079790103
 24
56418.92953869701
 34
0.0
 50
90.0
100
AcDbRotatedDimension
1001
ACAD
1000
DSTYLE
1002
{
1070
140
1040
0.15
1070
41
1040
0.15
1070
147
1040
0.1
1070
44
1040
0.25
1070
277
1070
2
1070
271
1070
2
1070
278
1070
44
1070
78
1070
8
1070
3
1000
<>m
1070
45
1040
0.01
1002
}
  0
DIMENSION
  5
368
330
17
100
AcDbEntity
  8
SUBESTAÇÃO
100
AcDbDimension
280
0
  2
*D54
  3
ISO-25
 10
-45234.75079790101
 20
56421.92953869701
 30
0.0
 11
-45233.550797901014
 21
56422.104538697015
 31
0.0
 70
32
 71
5
 42
2.400000000001455
 73
0
 74
0
 75
0
100
AcDbAlignedDimension
 13
-45234.75079790101
 23
56421.92953869699
 33
0.0
 14
-45232.35079790102
 24
56421.92953869699
 34
0.0
 50
0.0
100
AcDbRotatedDimension
1001
ACAD
1000
DSTYLE
1002
{
1070
140
1040
0.15
1070
41
1040
0.15
1070
147
1040
0.1
1070
44
1040
0.25
1070
277
1070
2
1070
271
1070
2
1070
278
1070
44
1070
78
1070
8
1070
3
1000
<>m
1070
45
1040
0.01
1002
}
  0
DIMENSION
  5
377
330
17
100
AcDbEntity
  8
SUBESTAÇÃO
100
AcDbDimension
280
0
  2
*D55
  3
ISO-25
 10
-45235.95079790094
 20
56425.90602476344
 30
0.0
 11
-45235.350797900945
 21
56426.08102476344
 31
0.0
 70
32
 71
5
 42
1.199999999997089
 73
0
 74
0
 75
0
100
AcDbAlignedDimension
 13
-45235.95079790094
 23
56425.65196733141
 33
0.0
 14
-45234.75079790094
 24
56425.65196733141
 34
0.0
 50
0.0
100
AcDbRotatedDimension
1001
ACAD
1000
DSTYLE
1002
{
1070
140
1040
0.15
1070
41
1040
0.15
1070
147
1040
0.1
1070
44
1040
0.25
1070
277
1070
2
1070
271
1070
2
1070
278
1070
44
1070
78
1070
8
1070
3
1000
<>m
1070
45
1040
0.01
1002
}
  0
DIMENSION
  5
386
330
17
100
AcDbEntity
  8
SUBESTAÇÃO
100
AcDbDimension
280
0
  2
*D56
  3
ISO-25
 10
-45231.16963790671
 20
56425.91470219072
 30
0.0
 11
-45231.769637906706
 21
56425.739702190716
 31
0.0
 70
32
 71
5
 42
1.199999999997089
 73
0
 74
0
 75
0
100
AcDbAlignedDimension
 13
-45231.16963790671
 23
56425.65196733142
 33
0.0
 14
-45232.3696379067
 24
56425.6519673314
 34
0.0
 50
0.0
100
AcDbRotatedDimension
1001
ACAD
1000
DSTYLE
1002
{
1070
140
1040
0.15
1070
41
1040
0.15
1070
147
1040
0.1
1070
44
1040
0.25
1070
277
1070
2
1070
271
1070
2
1070
278
1070
44
1070
78
1070
8
1070
3
1000
<>m
1070
45
1040
0.01
1002
}
  0
DIMENSION
  5
395
330
17
100
AcDbEntity
  8
SUBESTAÇÃO
100
AcDbDimension
280
0
  2
*D57
  3
ISO-25
 10
-45236.39229909796
 20
56422.07953869699
 30
0.0
 11
-45236.567299097966
 21
56422.95453869699
 31
0.0
 70
32
 71
5
 42
1.75
 73
0
 74
0
 75
0
100
AcDbAlignedDimension
 13
-45235.95079790103
 23
56422.07953869699
 33
0.0
 14
-45235.95079790103
 24
56423.82953869699
 34
0.0
 50
90.0
100
AcDbRotatedDimension
1001
ACAD
1000
DSTYLE
1002
{
1070
140
1040
0.15
1070
41
1040
0.15
1070
147
1040
0.1
1070
44
1040
0.25
1070
277
1070
2
1070
271
1070
2
1070
278
1070
44
1070
78
1070
8
1070
3
1000
<>m
1070
45
1040
0.01
1002
}
  0
DIMENSION
  5
3A4
330
17
100
AcDbEntity
  8
SUBESTAÇÃO
100
AcDbDimension
280
0
  2
*D58
  3
ISO-25
 10
-45236.4443829615
 20
56425.65196733158
 30
0.0
 11
-45236.269382961495
 21
56424.77696733158
 31
0.0
 70
32
 71
5
 42
1.75
 73
0
 74
0
 75
0
100
AcDbAlignedDimension
 13
-45235.95079790094
 23
56425.65196733158
 33
0.0
 14
-45235.95079790094
 24
56423.90196733158
 34
0.0
 50
90.0
100
AcDbRotatedDimension
1001
ACAD
1000
DSTYLE
1002
{
1070
140
1040
0.15
1070
41
1040
0.15
1070
147
1040
0.1
1070
44
1040
0.25
1070
277
1070
2
1070
271
1070
2
1070
278
1070
44
1070
78
1070
8
1070
3
1000
<>m
1070
45
1040
0.01
1002
}
  0
DIMENSION
  5
3B3
330
17
100
AcDbEntity
  8
SUBESTAÇÃO
100
AcDbDimension
280
0
  2
*D59
  3
ISO-25
 10
-45234.75079790094
 20
56425.65196733142
 30
0.0
 11
-45233.55079790094
 21
56425.82696733142
 31
0.0
 70
32
 71
5
 42
2.400000000001455
 73
0
 74
0
 75
0
100
AcDbAlignedDimension
 13
-45234.75079790094
 23
56425.65196733141
 33
0.0
 14
-45232.35079790095
 24
56425.65196733141
 34
0.0
 50
0.0
100
AcDbRotatedDimension
1001
ACAD
1000
DSTYLE
1002
{
1070
140
1040
0.15
1070
41
1040
0.15
1070
147
1040
0.1
1070
44
1040
0.25
1070
277
1070
2
1070
271
1070
2
1070
278
1070
44
1070
78
1070
8
1070
3
1000
<>m
1070
45
1040
0.01
1002
}
  0
DIMENSION
  5
3C2
330
17
100
AcDbEntity
  8
SUBESTAÇÃO
100
AcDbDimension
280
0
  2
*D60
  3
ISO-25
 10
-45257.39032715137
 20
56427.14429780189
 30
0.0
 11
-45257.21532715137
 21
56426.64429780189
 31
0.0
 70
32
 71
5
 73
0
 74
0
 75
0
100
AcDbAlignedDimension
 13
-45256.69905497784
 23
56427.14429780189
 33
0.0
 14
-45256.69905497784
 24
56426.14429780189
 34
0.0
 50
90.0
100
AcDbRotatedDimension
1001
ACAD
1000
DSTYLE
1002
{
1070
140
1040
0.15
1070
41
1040
0.15
1070
147
1040
0.1
1070
44
1040
0.25
1070
277
1070
2
1070
271
1070
2
1070
278
1070
44
1070
78
1070
8
1070
3
1000
<>m
1070
45
1040
0.01
1002
}
  0
DIMENSION
  5
3D1
330
17
100
AcDbEntity
  8
SUBESTAÇÃO
100
AcDbDimension
280
0
  2
*D61
  3
ISO-25
 10
-45258.12413552885
 20
56423.99169893344
 30
0.0
 11
-45258.299135528854
 21
56424.49169893343
 31
0.0
 70
32
 71
5
 73
0
 74
0
 75
0
100
AcDbAlignedDimension
 13
-45256.69905497784
 23
56423.99169893344
 33
0.0
 14
-45256.69905497784
 24
56424.99169893343
 34
0.0
 50
90.0
100
AcDbRotatedDimension
1001
ACAD
1000
DSTYLE
1002
{
1070
140
1040
0.15
1070
41
1040
0.15
1070
147
1040
0.1
1070
44
1040
0.25
1070
277
1070
2
1070
271
1070
2
1070
278
1070
44
1070
78
1070
8
1070
3
1000
<>m
1070
45
1040
0.01
1002
}
  0
DIMENSION
  5
3E0
330
17
100
AcDbEntity
  8
SUBESTAÇÃO
100
AcDbDimension
280
0
  2
*D62
  3
ISO-25
 10
-45256.69905498716
 20
56427.63195491873
 30
0.0
 11
-45256.13405498716
 21
56427.806954918735
 31
0.0
 70
32
 71
5
 42
1.12999999999738
 73
0
 74
0
 75
0
100
AcDbAlignedDimension
 13
-45256.69905498716
 23
56427.14429780189
 33
0.0
 14
-45255.56905498716
 24
56427.14429780189
 34
0.0
 50
0.0
100
AcDbRotatedDimension
1001
ACAD
1000
DSTYLE
1002
{
1070
140
1040
0.15
1070
41
1040
0.15
1070
147
1040
0.1
1070
44
1040
0.25
1070
277
1070
2
1070
271
1070
2
1070
278
1070
44
1070
78
1070
8
1070
3
1000
<>m
1070
45
1040
0.01
1002
}
  0
DIMENSION
  5
3EF
330
17
100
AcDbEntity
  8
SUBESTAÇÃO
100
AcDbDimension
280
0
  2
*D63
  3
ISO-25
 10
-45247.59799335127
 20
56427.59434147912
 30
0.0
 11
-45248.162993351274
 21
56427.419341479115
 31
0.0
 70
32
 71
5
 42
1.12999999999738
 73
0
 74
0
 75
0
100
AcDbAlignedDimension
 13
-45247.59799335127
 23
56427.14429780402
 33
0.0
 14
-45248.72799335127
 24
56427.14429780402
 34
0.0
 50
0.0
100
AcDbRotatedDimension
1001
ACAD
1000
DSTYLE
1002
{
1070
140
1040
0.15
1070
41
1040
0.15
1070
147
1040
0.1
1070
44
1040
0.25
1070
277
1070
2
1070
271
1070
2
1070
278
1070
44
1070
78
1070
8
1070
3
1000
<>m
1070
45
1040
0.01
1002
}
  0
DIMENSION
  5
3FE
330
17
100
AcDbEntity
  8
SUBESTAÇÃO
100
AcDbDimension
280
0
  2
*D64
  3
ISO-25
 10
-45255.56905498716
 20
56428.70410676941
 30
0.0
 11
-45254.44405498716
 21
56428.87910676941
 31
0.0
 70
32
 71
5
 42
2.25
 73
0
 74
0
 75
0
100
AcDbAlignedDimension
 13
-45255.56905498716
 23
56427.14429780215
 33
0.0
 14
-45253.31905498716
 24
56427.14429780264
 34
0.0
 50
0.0
100
AcDbRotatedDimension
1001
ACAD
1000
DSTYLE
1002
{
1070
140
1040
0.15
1070
41
1040
0.15
1070
147
1040
0.1
1070
44
1040
0.25
1070
277
1070
2
1070
271
1070
2
1070
278
1070
44
1070
78
1070
8
1070
3
1000
<>m
1070
45
1040
0.01
1002
}
  0
DIMENSION
  5
40D
330
17
100
AcDbEntity
  8
SUBESTAÇÃO
100
AcDbDimension
280
0
  2
*D65
  3
ISO-25
 10
-45253.31905498716
 20
56427.65140316041
 30
0.0
 11
-45252.19405498716
 21
56427.82640316041
 31
0.0
 70
32
 71
5
 42
2.25
 73
0
 74
0
 75
0
100
AcDbAlignedDimension
 13
-45253.31905498716
 23
56427.14429780268
 33
0.0
 14
-45251.06905498716
 24
56427.14429780318
 34
0.0
 50
0.0
100
AcDbRotatedDimension
1001
ACAD
1000
DSTYLE
1002
{
1070
140
1040
0.15
1070
41
1040
0.15
1070
147
1040
0.1
1070
44
1040
0.25
1070
277
1070
2
1070
271
1070
2
1070
278
1070
44
1070
78
1070
8
1070
3
1000
<>m
1070
45
1040
0.01
1002
}
  0
DIMENSION
  5
41C
330
17
100
AcDbEntity
  8
SUBESTAÇÃO
100
AcDbDimension
280
0
  2
*D66
  3
ISO-25
 10
-45251.06905498716
 20
56428.55841377843
 30
0.0
 11
-45249.94405498716
 21
56428.733413778435
 31
0.0
 70
32
 71
5
 42
2.25
 73
0
 74
0
 75
0
100
AcDbAlignedDimension
 13
-45251.06905498716
 23
56427.14429780319
 33
0.0
 14
-45248.81905498716
 24
56427.14429780371
 34
0.0
 50
0.0
100
AcDbRotatedDimension
1001
ACAD
1000
DSTYLE
1002
{
1070
140
1040
0.15
1070
41
1040
0.15
1070
147
1040
0.1
1070
44
1040
0.25
1070
277
1070
2
1070
271
1070
2
1070
278
1070
44
1070
78
1070
8
1070
3
1000
<>m
1070
45
1040
0.01
1002
}
  0
DIMENSION
  5
42B
330
17
100
AcDbEntity
  8
SUBESTAÇÃO
100
AcDbDimension
280
0
  2
*D67
  3
ISO-25
 10
-45220.53549480643
 20
56448.28557869604
 30
0.0
 11
-45220.360494806424
 21
56447.39057869604
 31
0.0
 70
32
 71
5
 42
1.790000000000873
 73
0
 74
0
 75
0
100
AcDbAlignedDimension
 13
-45220.15907236404
 23
56448.28557869604
 33
0.0
 14
-45220.15907236385
 24
56446.49557869604
 34
0.0
 50
90.0
100
AcDbRotatedDimension
1001
ACAD
1000
DSTYLE
1002
{
1070
140
1040
0.15
1070
41
1040
0.15
1070
147
1040
0.1
1070
44
1040
0.25
1070
277
1070
2
1070
271
1070
2
1070
278
1070
44
1070
78
1070
8
1070
3
1000
<>m
1070
45
1040
0.01
1002
}
  0
DIMENSION
  5
43A
330
17
100
AcDbEntity
  8
SUBESTAÇÃO
100
AcDbDimension
280
0
  2
*D68
  3
ISO-25
 10
-45220.52415117612
 20
56444.64579082598
 30
0.0
 11
-45220.69915117612
 21
56445.54079082598
 31
0.0
 70
32
 71
5
 42
1.790000000000873
 73
0
 74
0
 75
0
100
AcDbAlignedDimension
 13
-45220.15907236367
 23
56444.64579082598
 33
0.0
 14
-45220.15907236367
 24
56446.43579082598
 34
0.0
 50
90.0
100
AcDbRotatedDimension
1001
ACAD
1000
DSTYLE
1002
{
1070
140
1040
0.15
1070
41
1040
0.15
1070
147
1040
0.1
1070
44
1040
0.25
1070
277
1070
2
1070
271
1070
2
1070
278
1070
44
1070
78
1070
8
1070
3
1000
<>m
1070
45
1040
0.01
1002
}
  0
DIMENSION
  5
449
330
17
100
AcDbEntity
  8
SUBESTAÇÃO
100
AcDbDimension
280
0
  2
*D69
  3
ISO-25
 10
-45220.15907236406
 20
56448.5749087598
 30
0.0
 11
-45219.25907236406
 21
56448.749908759804
 31
0.0
 70
32
 71
5
 42
1.80000000000291
 73
0
 74
0
 75
0
100
AcDbAlignedDimension
 13
-45220.15907236406
 23
56448.28557869607
 33
0.0
 14
-45218.35907236406
 24
56448.28557869607
 34
0.0
 50
0.0
100
AcDbRotatedDimension
1001
ACAD
1000
DSTYLE
1002
{
1070
140
1040
0.15
1070
41
1040
0.15
1070
147
1040
0.1
1070
44
1040
0.25
1070
277
1070
2
1070
271
1070
2
1070
278
1070
44
1070
78
1070
8
1070
3
1000
<>m
1070
45
1040
0.01
1002
}
  0
DIMENSION
  5
458
330
17
100
AcDbEntity
  8
SUBESTAÇÃO
100
AcDbDimension
280
0
  2
*D70
  3
ISO-25
 10
-45213.00485958295
 20
56448.67988199479
 30
0.0
 11
-45213.90485958295
 21
56448.504881994784
 31
0.0
 70
32
 71
5
 42
1.80000000000291
 73
0
 74
0
 75
0
100
AcDbAlignedDimension
 13
-45213.00485958295
 23
56448.28557869604
 33
0.0
 14
-45214.80485958296
 24
56448.28557869604
 34
0.0
 50
0.0
100
AcDbRotatedDimension
1001
ACAD
1000
DSTYLE
1002
{
1070
140
1040
0.15
1070
41
1040
0.15
1070
147
1040
0.1
1070
44
1040
0.25
1070
277
1070
2
1070
271
1070
2
1070
278
1070
44
1070
78
1070
8
1070
3
1000
<>m
1070
45
1040
0.01
1002
}
  0
DIMENSION
  5
467
330
17
100
AcDbEntity
  8
SUBESTAÇÃO
100
AcDbDimension
280
0
  2
*D71
  3
ISO-25
 10
-45218.35907236406
 20
56448.46653869657
 30
0.0
 11
-45216.55907236406
 21
56448.641538696575
 31
0.0
 70
32
 71
5
 42
3.599999999998544
 73
0
 74
0
 75
0
100
AcDbAlignedDimension
 13
-45218.35907236406
 23
56448.28557869604
 33
0.0
 14
-45214.75907236406
 24
56448.28557869604
 34
0.0
 50
0.0
100
AcDbRotatedDimension
1001
ACAD
1000
DSTYLE
1002
{
1070
140
1040
0.15
1070
41
1040
0.15
1070
147
1040
0.1
1070
44
1040
0.25
1070
277
1070
2
1070
271
1070
2
1070
278
1070
44
1070
78
1070
8
1070
3
1000
<>m
1070
45
1040
0.01
1002
}
  0
DIMENSION
  5
476
330
17
100
AcDbEntity
  8
SUBESTAÇÃO
100
AcDbDimension
280
0
  2
*D72
  3
ISO-25
 10
-45220.46840138329
 20
56444.51007082539
 30
0.0
 11
-45220.293401383286
 21
56443.615070825384
 31
0.0
 70
32
 71
5
 42
1.790000000000873
 73
0
 74
0
 75
0
100
AcDbAlignedDimension
 13
-45220.15756008483
 23
56444.51007082539
 33
0.0
 14
-45220.15756008483
 24
56442.72007082538
 34
0.0
 50
90.0
100
AcDbRotatedDimension
1001
ACAD
1000
DSTYLE
1002
{
1070
140
1040
0.15
1070
41
1040
0.15
1070
147
1040
0.1
1070
44
1040
0.25
1070
277
1070
2
1070
271
1070
2
1070
278
1070
44
1070
78
1070
8
1070
3
1000
<>m
1070
45
1040
0.01
1002
}
  0
DIMENSION
  5
485
330
17
100
AcDbEntity
  8
SUBESTAÇÃO
100
AcDbDimension
280
0
  2
*D73
  3
ISO-25
 10
-45220.28778018209
 20
56440.87028295611
 30
0.0
 11
-45220.46278018209
 21
56441.76528295611
 31
0.0
 70
32
 71
5
 42
1.790000000000873
 73
0
 74
0
 75
0
100
AcDbAlignedDimension
 13
-45220.15756008444
 23
56440.87028295611
 33
0.0
 14
-45220.15756008444
 24
56442.66028295612
 34
0.0
 50
90.0
100
AcDbRotatedDimension
1001
ACAD
1000
DSTYLE
1002
{
1070
140
1040
0.15
1070
41
1040
0.15
1070
147
1040
0.1
1070
44
1040
0.25
1070
277
1070
2
1070
271
1070
2
1070
278
1070
44
1070
78
1070
8
1070
3
1000
<>m
1070
45
1040
0.01
1002
}
  0
DIMENSION
  5
494
330
17
100
AcDbEntity
  8
SUBESTAÇÃO
100
AcDbDimension
280
0
  2
*D74
  3
ISO-25
 10
-45256.69905497784
 20
56423.85597876431
 30
0.0
 11
-45255.82405497784
 21
56424.03097876431
 31
0.0
 70
32
 71
5
 42
1.75
 73
0
 74
0
 75
0
100
AcDbAlignedDimension
 13
-45256.69905497784
 23
56423.85597874295
 33
0.0
 14
-45254.94905497785
 24
56423.85597877888
 34
0.0
 50
0.0
100
AcDbRotatedDimension
1001
ACAD
1000
DSTYLE
1002
{
1070
140
1040
0.15
1070
41
1040
0.15
1070
147
1040
0.1
1070
44
1040
0.25
1070
277
1070
2
1070
271
1070
2
1070
278
1070
44
1070
78
1070
8
1070
3
1000
<>m
1070
45
1040
0.01
1002
}
  0
DIMENSION
  5
4A3
330
17
100
AcDbEntity
  8
SUBESTAÇÃO
100
AcDbDimension
280
0
  2
*D75
  3
ISO-25
 10
-45253.19905497606
 20
56423.85597879842
 30
0.0
 11
-45254.07405497605
 21
56423.68097879842
 31
0.0
 70
32
 71
5
 42
1.75
 73
0
 74
0
 75
0
100
AcDbAlignedDimension
 13
-45253.19905497606
 23
56423.85597876265
 33
0.0
 14
-45254.94905497605
 24
56423.85597876265
 34
0.0
 50
0.0
100
AcDbRotatedDimension
1001
ACAD
1000
DSTYLE
1002
{
1070
140
1040
0.15
1070
41
1040
0.15
1070
147
1040
0.1
1070
44
1040
0.25
1070
277
1070
2
1070
271
1070
2
1070
278
1070
44
1070
78
1070
8
1070
3
1000
<>m
1070
45
1040
0.01
1002
}
  0
DIMENSION
  5
4B2
330
17
100
AcDbEntity
  8
SUBESTAÇÃO
100
AcDbDimension
280
0
  2
*D76
  3
ISO-25
 10
-45257.06869373112
 20
56423.85597874295
 30
0.0
 11
-45256.893693731115
 21
56423.105978742955
 31
0.0
 70
32
 71
5
 42
1.5
 73
0
 74
0
 75
0
100
AcDbAlignedDimension
 13
-45256.69905484967
 23
56423.85597874295
 33
0.0
 14
-45256.69905484967
 24
56422.35597874296
 34
0.0
 50
90.0
100
AcDbRotatedDimension
1001
ACAD
1000
DSTYLE
1002
{
1070
140
1040
0.15
1070
41
1040
0.15
1070
147
1040
0.1
1070
44
1040
0.25
1070
277
1070
2
1070
271
1070
2
1070
278
1070
44
1070
78
1070
8
1070
3
1000
<>m
1070
45
1040
0.01
1002
}
  0
DIMENSION
  5
4C1
330
17
100
AcDbEntity
  8
SUBESTAÇÃO
100
AcDbDimension
280
0
  2
*D77
  3
ISO-25
 10
-45257.07616392669
 20
56417.92953869701
 30
0.0
 11
-45257.251163926696
 21
56418.679538697004
 31
0.0
 70
32
 71
5
 42
1.5
 73
0
 74
0
 75
0
100
AcDbAlignedDimension
 13
-45256.69905497784
 23
56417.92953869701
 33
0.0
 14
-45256.69905497784
 24
56419.429538697
 34
0.0
 50
90.0
100
AcDbRotatedDimension
1001
ACAD
1000
DSTYLE
1002
{
1070
140
1040
0.15
1070
41
1040
0.15
1070
147
1040
0.1
1070
44
1040
0.25
1070
277
1070
2
1070
271
1070
2
1070
278
1070
44
1070
78
1070
8
1070
3
1000
<>m
1070
45
1040
0.01
1002
}
  0
DIMENSION
  5
4D0
330
17
100
AcDbEntity
  8
SUBESTAÇÃO
100
AcDbDimension
280
0
  2
*D78
  3
ISO-25
 10
-45257.09103514935
 20
56422.35597874298
 30
0.0
 11
-45256.91603514935
 21
56420.85597874298
 31
0.0
 70
32
 71
5
 42
3.0
 73
0
 74
0
 75
0
100
AcDbAlignedDimension
 13
-45256.69905484969
 23
56422.35597874298
 33
0.0
 14
-45256.69905484969
 24
56419.35597874298
 34
0.0
 50
90.0
100
AcDbRotatedDimension
1001
ACAD
1000
DSTYLE
1002
{
1070
140
1040
0.15
1070
41
1040
0.15
1070
147
1040
0.1
1070
44
1040
0.25
1070
277
1070
2
1070
271
1070
2
1070
278
1070
44
1070
78
1070
8
1070
3
1000
<>m
1070
45
1040
0.01
1002
}
  0
DIMENSION
  5
4DF
330
17
100
AcDbEntity
  8
SUBESTAÇÃO
100
AcDbDimension
280
0
  2
*D79
  3
ISO-25
 10
-45251.09799292756
 20
56424.17236258151
 30
0.0
 11
-45250.22299292756
 21
56424.34736258151
 31
0.0
 70
32
 71
5
 42
1.75
 73
0
 74
0
 75
0
100
AcDbAlignedDimension
 13
-45251.09799292756
 23
56423.85597876265
 33
0.0
 14
-45249.34799292756
 24
56423.85597876265
 34
0.0
 50
0.0
100
AcDbRotatedDimension
1001
ACAD
1000
DSTYLE
1002
{
1070
140
1040
0.15
1070
41
1040
0.15
1070
147
1040
0.1
1070
44
1040
0.25
1070
277
1070
2
1070
271
1070
2
1070
278
1070
44
1070
78
1070
8
1070
3
1000
<>m
1070
45
1040
0.01
1002
}
  0
DIMENSION
  5
4EE
330
17
100
AcDbEntity
  8
SUBESTAÇÃO
100
AcDbDimension
280
0
  2
*D80
  3
ISO-25
 10
-45249.34799292756
 20
56424.0801800157
 30
0.0
 11
-45248.47299292756
 21
56424.2551800157
 31
0.0
 70
32
 71
5
 42
1.75
 73
0
 74
0
 75
0
100
AcDbAlignedDimension
 13
-45249.34799292756
 23
56423.85597884774
 33
0.0
 14
-45247.59799292756
 24
56423.85597884774
 34
0.0
 50
0.0
100
AcDbRotatedDimension
1001
ACAD
1000
DSTYLE
1002
{
1070
140
1040
0.15
1070
41
1040
0.15
1070
147
1040
0.1
1070
44
1040
0.25
1070
277
1070
2
1070
271
1070
2
1070
278
1070
44
1070
78
1070
8
1070
3
1000
<>m
1070
45
1040
0.01
1002
}
  0
DIMENSION
  5
4FD
330
17
100
AcDbEntity
  8
SUBESTAÇÃO
100
AcDbDimension
280
0
  2
*D81
  3
ISO-25
 10
-45229.37660959666
 20
56425.65196732525
 30
0.0
 11
-45229.201609596654
 21
56425.06196732525
 31
0.0
 70
32
 71
5
 42
1.180000000000291
 73
0
 74
0
 75
0
100
AcDbAlignedDimension
 13
-45228.79292064954
 23
56425.65196732525
 33
0.0
 14
-45228.79292064954
 24
56424.47196732526
 34
0.0
 50
90.0
100
AcDbRotatedDimension
1001
ACAD
1000
DSTYLE
1002
{
1070
140
1040
0.15
1070
41
1040
0.15
1070
147
1040
0.1
1070
44
1040
0.25
1070
277
1070
2
1070
271
1070
2
1070
278
1070
44
1070
78
1070
8
1070
3
1000
<>m
1070
45
1040
0.01
1002
}
  0
DIMENSION
  5
50C
330
17
100
AcDbEntity
  8
SUBESTAÇÃO
100
AcDbDimension
280
0
  2
*D82
  3
ISO-25
 10
-45229.39161915625
 20
56420.97666159688
 30
0.0
 11
-45229.566619156256
 21
56421.56666159688
 31
0.0
 70
32
 71
5
 42
1.180000000000291
 73
0
 74
0
 75
0
100
AcDbAlignedDimension
 13
-45228.79292064962
 23
56420.97666159688
 33
0.0
 14
-45228.79292064962
 24
56422.15666159688
 34
0.0
 50
90.0
100
AcDbRotatedDimension
1001
ACAD
1000
DSTYLE
1002
{
1070
140
1040
0.15
1070
41
1040
0.15
1070
147
1040
0.1
1070
44
1040
0.25
1070
277
1070
2
1070
271
1070
2
1070
278
1070
44
1070
78
1070
8
1070
3
1000
<>m
1070
45
1040
0.01
1002
}
  0
DIMENSION
  5
51B
330
17
100
AcDbEntity
  8
SUBESTAÇÃO
100
AcDbDimension
280
0
  2
*D83
  3
ISO-25
 10
-45230.28230164064
 20
56422.15666159691
 30
0.0
 11
-45230.45730164064
 21
56423.33166159691
 31
0.0
 70
32
 71
5
 42
2.349999999998544
 73
0
 74
0
 75
0
100
AcDbAlignedDimension
 13
-45228.79292064964
 23
56422.15666159691
 33
0.0
 14
-45228.79292064964
 24
56424.50666159691
 34
0.0
 50
90.0
100
AcDbRotatedDimension
1001
ACAD
1000
DSTYLE
1002
{
1070
140
1040
0.15
1070
41
1040
0.15
1070
147
1040
0.1
1070
44
1040
0.25
1070
277
1070
2
1070
271
1070
2
1070
278
1070
44
1070
78
1070
8
1070
3
1000
<>m
1070
45
1040
0.01
1002
}
  0
DIMENSION
  5
52A
330
17
100
AcDbEntity
  8
SUBESTAÇÃO
100
AcDbDimension
280
0
  2
*D84
  3
ISO-25
 10
-45228.79292064368
 20
56426.05509418527
 30
0.0
 11
-45228.327920643686
 21
56426.23009418527
 31
0.0
 70
32
 71
5
 42
0.930000000000291
 73
0
 74
0
 75
0
100
AcDbAlignedDimension
 13
-45228.79292064368
 23
56425.65196732524
 33
0.0
 14
-45227.86292064369
 24
56425.65196732525
 34
0.0
 50
0.0
100
AcDbRotatedDimension
1001
ACAD
1000
DSTYLE
1002
{
1070
140
1040
0.15
1070
41
1040
0.15
1070
147
1040
0.1
1070
44
1040
0.25
1070
277
1070
2
1070
271
1070
2
1070
278
1070
44
1070
78
1070
8
1070
3
1000
<>m
1070
45
1040
0.01
1002
}
  0
DIMENSION
  5
539
330
17
100
AcDbEntity
  8
SUBESTAÇÃO
100
AcDbDimension
280
0
  2
*D85
  3
ISO-25
 10
-45223.12840255521
 20
56426.05509418527
 30
0.0
 11
-45223.59340255521
 21
56425.88009418527
 31
0.0
 70
32
 71
5
 42
0.930000000000291
 73
0
 74
0
 75
0
100
AcDbAlignedDimension
 13
-45223.12840255521
 23
56425.65196732527
 33
0.0
 14
-45224.05840255521
 24
56425.65196732527
 34
0.0
 50
0.0
100
AcDbRotatedDimension
1001
ACAD
1000
DSTYLE
1002
{
1070
140
1040
0.15
1070
41
1040
0.15
1070
147
1040
0.1
1070
44
1040
0.25
1070
277
1070
2
1070
271
1070
2
1070
278
1070
44
1070
78
1070
8
1070
3
1000
<>m
1070
45
1040
0.01
1002
}
  0
DIMENSION
  5
548
330
17
100
AcDbEntity
  8
SUBESTAÇÃO
100
AcDbDimension
280
0
  2
*D86
  3
ISO-25
 10
-45227.86292064369
 20
56426.72379631422
 30
0.0
 11
-45226.927920643684
 21
56426.89879631422
 31
0.0
 70
32
 71
5
 42
1.870000000002619
 73
0
 74
0
 75
0
100
AcDbAlignedDimension
 13
-45227.86292064369
 23
56425.65196732525
 33
0.0
 14
-45225.99292064368
 24
56425.65196732528
 34
0.0
 50
0.0
100
AcDbRotatedDimension
1001
ACAD
1000
DSTYLE
1002
{
1070
140
1040
0.15
1070
41
1040
0.15
1070
147
1040
0.1
1070
44
1040
0.25
1070
277
1070
2
1070
271
1070
2
1070
278
1070
44
1070
78
1070
8
1070
3
1000
<>m
1070
45
1040
0.01
1002
}
  0
DIMENSION
  5
557
330
17
100
AcDbEntity
  8
SUBESTAÇÃO
100
AcDbDimension
280
0
  2
*D87
  3
ISO-25
 10
-45224.05840255521
 20
56426.74287314849
 30
0.0
 11
-45224.99340255521
 21
56426.56787314849
 31
0.0
 70
32
 71
5
 42
1.870000000002619
 73
0
 74
0
 75
0
100
AcDbAlignedDimension
 13
-45224.05840255521
 23
56425.65196732527
 33
0.0
 14
-45225.92840255521
 24
56425.65196732527
 34
0.0
 50
0.0
100
AcDbRotatedDimension
1001
ACAD
1000
DSTYLE
1002
{
1070
140
1040
0.15
1070
41
1040
0.15
1070
147
1040
0.1
1070
44
1040
0.25
1070
277
1070
2
1070
271
1070
2
1070
278
1070
44
1070
78
1070
8
1070
3
1000
<>m
1070
45
1040
0.01
1002
}
  0
DIMENSION
  5
566
330
17
100
AcDbEntity
  8
SUBESTAÇÃO
100
AcDbDimension
280
0
  2
*D88
  3
ISO-25
 10
-45229.14759276775
 20
56420.82666159689
 30
0.0
 11
-45228.97259276775
 21
56420.15166159689
 31
0.0
 70
32
 71
5
 42
1.349999999998544
 73
0
 74
0
 75
0
100
AcDbAlignedDimension
 13
-45228.79292064962
 23
56420.82666159689
 33
0.0
 14
-45228.79292064962
 24
56419.47666159689
 34
0.0
 50
90.0
100
AcDbRotatedDimension
1001
ACAD
1000
DSTYLE
1002
{
1070
140
1040
0.15
1070
41
1040
0.15
1070
147
1040
0.1
1070
44
1040
0.25
1070
277
1070
2
1070
271
1070
2
1070
278
1070
44
1070
78
1070
8
1070
3
1000
<>m
1070
45
1040
0.01
1002
}
  0
DIMENSION
  5
575
330
17
100
AcDbEntity
  8
SUBESTAÇÃO
100
AcDbDimension
280
0
  2
*D89
  3
ISO-25
 10
-45229.08401635332
 20
56417.92953869701
 30
0.0
 11
-45229.259016353324
 21
56418.60453869701
 31
0.0
 70
32
 71
5
 42
1.349999999998544
 73
0
 74
0
 75
0
100
AcDbAlignedDimension
 13
-45228.79292064954
 23
56417.92953869701
 33
0.0
 14
-45228.79292064954
 24
56419.27953869701
 34
0.0
 50
90.0
100
AcDbRotatedDimension
1001
ACAD
1000
DSTYLE
1002
{
1070
140
1040
0.15
1070
41
1040
0.15
1070
147
1040
0.1
1070
44
1040
0.25
1070
277
1070
2
1070
271
1070
2
1070
278
1070
44
1070
78
1070
8
1070
3
1000
<>m
1070
45
1040
0.01
1002
}
  0
DIMENSION
  5
584
330
17
100
AcDbEntity
  8
SUBESTAÇÃO
100
AcDbDimension
280
0
  2
*D90
  3
ISO-25
 10
-45228.79292064962
 20
56421.15575797122
 30
0.0
 11
-45228.44292064962
 21
56421.33075797122
 31
0.0
 70
32
 71
5
 42
0.6999999999970897
 73
0
 74
0
 75
0
100
AcDbAlignedDimension
 13
-45228.79292064962
 23
56420.82666159689
 33
0.0
 14
-45228.09292064962
 24
56420.82666159689
 34
0.0
 50
0.0
100
AcDbRotatedDimension
1001
ACAD
1000
DSTYLE
1002
{
1070
140
1040
0.15
1070
41
1040
0.15
1070
147
1040
0.1
1070
44
1040
0.25
1070
277
1070
2
1070
271
1070
2
1070
278
1070
44
1070
78
1070
8
1070
3
1000
<>m
1070
45
1040
0.01
1002
}
  0
DIMENSION
  5
593
330
17
100
AcDbEntity
  8
SUBESTAÇÃO
100
AcDbDimension
280
0
  2
*D91
  3
ISO-25
 10
-45223.12840256105
 20
56421.24884616963
 30
0.0
 11
-45223.47840256104
 21
56421.073846169624
 31
0.0
 70
32
 71
5
 42
0.6999999999970897
 73
0
 74
0
 75
0
100
AcDbAlignedDimension
 13
-45223.12840256105
 23
56420.82666159689
 33
0.0
 14
-45223.82840256104
 24
56420.82666159689
 34
0.0
 50
0.0
100
AcDbRotatedDimension
1001
ACAD
1000
DSTYLE
1002
{
1070
140
1040
0.15
1070
41
1040
0.15
1070
147
1040
0.1
1070
44
1040
0.25
1070
277
1070
2
1070
271
1070
2
1070
278
1070
44
1070
78
1070
8
1070
3
1000
<>m
1070
45
1040
0.01
1002
}
  0
DIMENSION
  5
5A2
330
17
100
AcDbEntity
  8
SUBESTAÇÃO
100
AcDbDimension
280
0
  2
*D92
  3
ISO-25
 10
-45228.09292064962
 20
56421.15575797122
 30
0.0
 11
-45227.392920649625
 21
56421.33075797122
 31
0.0
 70
32
 71
5
 42
1.400000000001455
 73
0
 74
0
 75
0
100
AcDbAlignedDimension
 13
-45228.09292064962
 23
56420.82666159689
 33
0.0
 14
-45226.69292064962
 24
56420.82666159689
 34
0.0
 50
0.0
100
AcDbRotatedDimension
1001
ACAD
1000
DSTYLE
1002
{
1070
140
1040
0.15
1070
41
1040
0.15
1070
147
1040
0.1
1070
44
1040
0.25
1070
277
1070
2
1070
271
1070
2
1070
278
1070
44
1070
78
1070
8
1070
3
1000
<>m
1070
45
1040
0.01
1002
}
  0
DIMENSION
  5
5B1
330
17
100
AcDbEntity
  8
SUBESTAÇÃO
100
AcDbDimension
280
0
  2
*D93
  3
ISO-25
 10
-45223.82840256104
 20
56421.24884616963
 30
0.0
 11
-45224.528402561045
 21
56421.073846169624
 31
0.0
 70
32
 71
5
 42
1.400000000001455
 73
0
 74
0
 75
0
100
AcDbAlignedDimension
 13
-45223.82840256104
 23
56420.82666159689
 33
0.0
 14
-45225.22840256104
 24
56420.82666159689
 34
0.0
 50
0.0
100
AcDbRotatedDimension
1001
ACAD
1000
DSTYLE
1002
{
1070
140
1040
0.15
1070
41
1040
0.15
1070
147
1040
0.1
1070
44
1040
0.25
1070
277
1070
2
1070
271
1070
2
1070
278
1070
44
1070
78
1070
8
1070
3
1000
<>m
1070
45
1040
0.01
1002
}
  0
DIMENSION
  5
5C0
330
17
100
AcDbEntity
  8
SUBESTAÇÃO
100
AcDbDimension
280
0
  2
*D94
  3
ISO-25
 10
-45226.69292064962
 20
56421.24884616963
 30
0.0
 11
-45225.992920649616
 21
56421.42384616963
 31
0.0
 70
32
 71
5
 42
1.400000000001455
 73
0
 74
0
 75
0
100
AcDbAlignedDimension
 13
-45226.69292064962
 23
56420.82666159689
 33
0.0
 14
-45225.29292064962
 24
56420.82666159689
 34
0.0
 50
0.0
100
AcDbRotatedDimension
1001
ACAD
1000
DSTYLE
1002
{
1070
140
1040
0.15
1070
41
1040
0.15
1070
147
1040
0.1
1070
44
1040
0.25
1070
277
1070
2
1070
271
1070
2
1070
278
1070
44
1070
78
1070
8
1070
3
1000
<>m
1070
45
1040
0.01
1002
}
  0
DIMENSION
  5
5CF
330
17
100
AcDbEntity
  8
SUBESTAÇÃO
100
AcDbDimension
280
0
  2
*D95
  3
ISO-25
 10
-45222.97840255519
 20
56426.08166669602
 30
0.0
 11
-45222.41340255519
 21
56426.25666669603
 31
0.0
 70
32
 71
5
 42
1.12999999999738
 73
0
 74
0
 75
0
100
AcDbAlignedDimension
 13
-45222.97840255519
 23
56425.65196732526
 33
0.0
 14
-45221.84840255519
 24
56425.65196732526
 34
0.0
 50
0.0
100
AcDbRotatedDimension
1001
ACAD
1000
DSTYLE
1002
{
1070
140
1040
0.15
1070
41
1040
0.15
1070
147
1040
0.1
1070
44
1040
0.25
1070
277
1070
2
1070
271
1070
2
1070
278
1070
44
1070
78
1070
8
1070
3
1000
<>m
1070
45
1040
0.01
1002
}
  0
DIMENSION
  5
5DE
330
17
100
AcDbEntity
  8
SUBESTAÇÃO
100
AcDbDimension
280
0
  2
*D96
  3
ISO-25
 10
-45218.4943627028
 20
56426.10020330137
 30
0.0
 11
-45219.0593627028
 21
56425.92520330137
 31
0.0
 70
32
 71
5
 42
1.12999999999738
 73
0
 74
0
 75
0
100
AcDbAlignedDimension
 13
-45218.4943627028
 23
56425.65196732528
 33
0.0
 14
-45219.6243627028
 24
56425.65196732528
 34
0.0
 50
0.0
100
AcDbRotatedDimension
1001
ACAD
1000
DSTYLE
1002
{
1070
140
1040
0.15
1070
41
1040
0.15
1070
147
1040
0.1
1070
44
1040
0.25
1070
277
1070
2
1070
271
1070
2
1070
278
1070
44
1070
78
1070
8
1070
3
1000
<>m
1070
45
1040
0.01
1002
}
  0
DIMENSION
  5
5ED
330
17
100
AcDbEntity
  8
SUBESTAÇÃO
100
AcDbDimension
280
0
  2
*D97
  3
ISO-25
 10
-45221.84840255519
 20
56426.76745356506
 30
0.0
 11
-45220.723402555195
 21
56426.94245356506
 31
0.0
 70
32
 71
5
 42
2.25
 73
0
 74
0
 75
0
100
AcDbAlignedDimension
 13
-45221.84840255519
 23
56425.65196732527
 33
0.0
 14
-45219.5984025552
 24
56425.65196732527
 34
0.0
 50
0.0
100
AcDbRotatedDimension
1001
ACAD
1000
DSTYLE
1002
{
1070
140
1040
0.15
1070
41
1040
0.15
1070
147
1040
0.1
1070
44
1040
0.25
1070
277
1070
2
1070
271
1070
2
1070
278
1070
44
1070
78
1070
8
1070
3
1000
<>m
1070
45
1040
0.01
1002
}
  0
DIMENSION
  5
5FC
330
17
100
AcDbEntity
  8
SUBESTAÇÃO
100
AcDbDimension
280
0
  2
*D98
  3
ISO-25
 10
-45218.3443627028
 20
56425.90531571297
 30
0.0
 11
-45217.4693627028
 21
56426.08031571297
 31
0.0
 70
32
 71
5
 42
1.75
 73
0
 74
0
 75
0
100
AcDbAlignedDimension
 13
-45218.3443627028
 23
56425.65196732528
 33
0.0
 14
-45216.5943627028
 24
56425.65196732528
 34
0.0
 50
0.0
100
AcDbRotatedDimension
1001
ACAD
1000
DSTYLE
1002
{
1070
140
1040
0.15
1070
41
1040
0.15
1070
147
1040
0.1
1070
44
1040
0.25
1070
277
1070
2
1070
271
1070
2
1070
278
1070
44
1070
78
1070
8
1070
3
1000
<>m
1070
45
1040
0.01
1002
}
  0
DIMENSION
  5
60B
330
17
100
AcDbEntity
  8
SUBESTAÇÃO
100
AcDbDimension
280
0
  2
*D99
  3
ISO-25
 10
-45214.86479384143
 20
56425.93664899121
 30
0.0
 11
-45215.73979384142
 21
56425.76164899121
 31
0.0
 70
32
 71
5
 42
1.75
 73
0
 74
0
 75
0
100
AcDbAlignedDimension
 13
-45214.86479384143
 23
56425.6519673253
 33
0.0
 14
-45216.61479384142
 24
56425.6519673253
 34
0.0
 50
0.0
100
AcDbRotatedDimension
1001
ACAD
1000
DSTYLE
1002
{
1070
140
1040
0.15
1070
41
1040
0.15
1070
147
1040
0.1
1070
44
1040
0.25
1070
277
1070
2
1070
271
1070
2
1070
278
1070
44
1070
78
1070
8
1070
3
1000
<>m
1070
45
1040
0.01
1002
}
  0
DIMENSION
  5
61A
330
17
100
AcDbEntity
  8
SUBESTAÇÃO
100
AcDbDimension
280
0
  2
*D100
  3
ISO-25
 10
-45218.78131304931
 20
56425.65196732528
 30
0.0
 11
-45218.606313049306
 21
56423.726967325274
 31
0.0
 70
32
 71
5
 42
3.849999999998544
 73
0
 74
0
 75
0
100
AcDbAlignedDimension
 13
-45218.3443627028
 23
56425.65196732528
 33
0.0
 14
-45218.3443627028
 24
56421.80196732528
 34
0.0
 50
90.0
100
AcDbRotatedDimension
1001
ACAD
1000
DSTYLE
1002
{
1070
140
1040
0.15
1070
41
1040
0.15
1070
147
1040
0.1
1070
44
1040
0.25
1070
277
1070
2
1070
271
1070
2
1070
278
1070
44
1070
78
1070
8
1070
3
1000
<>m
1070
45
1040
0.01
1002
}
  0
DIMENSION
  5
629
330
17
100
AcDbEntity
  8
SUBESTAÇÃO
100
AcDbDimension
280
0
  2
*D101
  3
ISO-25
 10
-45218.77411952766
 20
56417.92953869701
 30
0.0
 11
-45218.949119527664
 21
56419.85453869701
 31
0.0
 70
32
 71
5
 42
3.849999999998544
 73
0
 74
0
 75
0
100
AcDbAlignedDimension
 13
-45218.3443627028
 23
56417.92953869701
 33
0.0
 14
-45218.3443627028
 24
56421.779538697
 34
0.0
 50
90.0
100
AcDbRotatedDimension
1001
ACAD
1000
DSTYLE
1002
{
1070
140
1040
0.15
1070
41
1040
0.15
1070
147
1040
0.1
1070
44
1040
0.25
1070
277
1070
2
1070
271
1070
2
1070
278
1070
44
1070
78
1070
8
1070
3
1000
<>m
1070
45
1040
0.01
1002
}
  0
DIMENSION
  5
638
330
17
100
AcDbEntity
  8
SUBESTAÇÃO
100
AcDbDimension
280
0
  2
*D102
  3
ISO-25
 10
-45214.86479384144
 20
56417.92953869701
 30
0.0
 11
-45215.039793841446
 21
56418.894538697015
 31
0.0
 70
32
 71
5
 42
1.930000000000291
 73
0
 74
0
 75
0
100
AcDbAlignedDimension
 13
-45214.72907384175
 23
56417.92953869701
 33
0.0
 14
-45214.72907384175
 24
56419.85953869701
 34
0.0
 50
90.0
100
AcDbRotatedDimension
1001
ACAD
1000
DSTYLE
1002
{
1070
140
1040
0.15
1070
41
1040
0.15
1070
147
1040
0.1
1070
44
1040
0.25
1070
277
1070
2
1070
271
1070
2
1070
278
1070
44
1070
78
1070
8
1070
3
1000
<>m
1070
45
1040
0.01
1002
}
  0
DIMENSION
  5
647
330
17
100
AcDbEntity
  8
SUBESTAÇÃO
100
AcDbDimension
280
0
  2
*D103
  3
ISO-25
 10
-45214.72907384178
 20
56425.65196732524
 30
0.0
 11
-45214.55407384178
 21
56424.68696732524
 31
0.0
 70
32
 71
5
 42
1.930000000000291
 73
0
 74
0
 75
0
100
AcDbAlignedDimension
 13
-45214.72907384176
 23
56425.65196732524
 33
0.0
 14
-45214.72907384176
 24
56423.72196732524
 34
0.0
 50
90.0
100
AcDbRotatedDimension
1001
ACAD
1000
DSTYLE
1002
{
1070
140
1040
0.15
1070
41
1040
0.15
1070
147
1040
0.1
1070
44
1040
0.25
1070
277
1070
2
1070
271
1070
2
1070
278
1070
44
1070
78
1070
8
1070
3
1000
<>m
1070
45
1040
0.01
1002
}
  0
DIMENSION
  5
656
330
17
100
AcDbEntity
  8
SUBESTAÇÃO
100
AcDbDimension
280
0
  2
*D104
  3
ISO-25
 10
-45214.72907384175
 20
56417.87023735326
 30
0.0
 11
-45213.32907384175
 21
56418.04523735326
 31
0.0
 70
32
 71
5
 42
2.80000000000291
 73
0
 74
0
 75
0
100
AcDbAlignedDimension
 13
-45214.72907384175
 23
56417.92953869704
 33
0.0
 14
-45211.92907384175
 24
56417.92953869692
 34
0.0
 50
0.0
100
AcDbRotatedDimension
1001
ACAD
1000
DSTYLE
1002
{
1070
140
1040
0.15
1070
41
1040
0.15
1070
147
1040
0.1
1070
44
1040
0.25
1070
277
1070
2
1070
271
1070
2
1070
278
1070
44
1070
78
1070
8
1070
3
1000
<>m
1070
45
1040
0.01
1002
}
  0
DIMENSION
  5
665
330
17
100
AcDbEntity
  8
SUBESTAÇÃO
100
AcDbDimension
280
0
  2
*D105
  3
ISO-25
 10
-45209.14784674644
 20
56417.74857869652
 30
0.0
 11
-45210.54784674644
 21
56417.573578696516
 31
0.0
 70
32
 71
5
 42
2.80000000000291
 73
0
 74
0
 75
0
100
AcDbAlignedDimension
 13
-45209.14784674644
 23
56417.92953869701
 33
0.0
 14
-45211.94784674645
 24
56417.92953869703
 34
0.0
 50
0.0
100
AcDbRotatedDimension
1001
ACAD
1000
DSTYLE
1002
{
1070
140
1040
0.15
1070
41
1040
0.15
1070
147
1040
0.1
1070
44
1040
0.25
1070
277
1070
2
1070
271
1070
2
1070
278
1070
44
1070
78
1070
8
1070
3
1000
<>m
1070
45
1040
0.01
1002
}
  0
DIMENSION
  5
674
330
17
100
AcDbEntity
  8
LUMINOTÉCNICO
100
AcDbDimension
280
0
  2
*D106
  3
ISO-25
 10
-45238.43301981285
 20
56445.37712559144
 30
0.0
 11
-45237.39487896013
 21
56445.55212559144
 31
0.0
 70
32
 71
5
 42
2.076281705449218
 73
0
 74
0
 75
0
100
AcDbAlignedDimension
 13
-45238.43301981285
 23
56444.85415816388
 33
0.0
 14
-45236.3567381074
 24
56444.85415816388
 34
0.0
 50
0.0
100
AcDbRotatedDimension
1001
ACAD
1000
DSTYLE
1002
{
1070
140
1040
0.15
1070
41
1040
0.15
1070
147
1040
0.1
1070
44
1040
0.25
1070
277
1070
2
1070
271
1070
2
1070
278
1070
44
1070
78
1070
8
1070
3
1000
<>m
1070
45
1040
0.01
1002
}
  0
DIMENSION
  5
683
330
17
100
AcDbEntity
  8
LUMINOTÉCNICO
100
AcDbDimension
280
0
  2
*D108
  3
ISO-25
 10
-45253.01809319414
 20
56444.92100710061
 30
0.0
 11
-45250.99559319415
 21
56445.09600710061
 31
0.0
 70
32
 71
5
 42
4.044999999998253
 73
0
 74
0
 75
0
  1
4,05m
100
AcDbAlignedDimension
 13
-45253.01809319414
 23
56445.65579329569
 33
0.0
 14
-45248.97309319415
 24
56445.65579329569
 34
0.0
 50
0.0
100
AcDbRotatedDimension
1001
ACAD
1000
DSTYLE
1002
{
1070
140
1040
0.15
1070
41
1040
0.15
1070
147
1040
0.1
1070
44
1040
0.25
1070
277
1070
2
1070
271
1070
2
1070
278
1070
44
1070
78
1070
8
1070
3
1000
<>m
1070
45
1040
0.01
1002
}
  0
DIMENSION
  5
6A0
330
17
100
AcDbEntity
  8
LUMINOTÉCNICO
100
AcDbDimension
280
0
  2
*D109
  3
ISO-25
 10
-45254.03422163204
 20
56445.650978869
 30
0.0
 11
-45253.85922163204
 21
56444.148386082335
 31
0.0
 70
32
 71
5
 42
3.005185573318158
 73
0
 74
0
 75
0
100
AcDbAlignedDimension
 13
-45253.01322163202
 23
56445.650978869
 33
0.0
 14
-45253.01809319414
 24
56442.64579329568
 34
0.0
 50
90.0
100
AcDbRotatedDimension
1001
ACAD
1000
DSTYLE
1002
{
1070
140
1040
0.15
1070
41
1040
0.15
1070
147
1040
0.1
1070
44
1040
0.25
1070
277
1070
2
1070
271
1070
2
1070
278
1070
44
1070
78
1070
8
1070
3
1000
<>m
1070
45
1040
0.01
1002
}
  0
DIMENSION
  5
6AF
330
17
100
AcDbEntity
  8
LUMINOTÉCNICO
100
AcDbDimension
280
0
  2
*D110
  3
ISO-25
 10
-45248.97309319415
 20
56444.92123371974
 30
0.0
 11
-45246.950593194146
 21
56445.09623371974
 31
0.0
 70
32
 71
5
 42
4.045000000005529
 73
0
 74
0
 75
0
100
AcDbAlignedDimension
 13
-45248.97309319415
 23
56445.65579329569
 33
0.0
 14
-45244.92809319414
 24
56445.65579329569
 34
0.0
 50
0.0
100
AcDbRotatedDimension
1001
ACAD
1000
DSTYLE
1002
{
1070
140
1040
0.15
1070
41
1040
0.15
1070
147
1040
0.1
1070
44
1040
0.25
1070
277
1070
2
1070
271
1070
2
1070
278
1070
44
1070
78
1070
8
1070
3
1000
<>m
1070
45
1040
0.01
1002
}
  0
DIMENSION
  5
6BE
330
17
100
AcDbEntity
  8
LUMINOTÉCNICO
100
AcDbDimension
280
0
  2
*D111
  3
ISO-25
 10
-45240.88228733274
 20
56445.84540526898
 30
0.0
 11
-45239.86770249151
 21
56446.01609480755
 31
0.0
 70
32
 71
5
  1
<>
100
AcDbAlignedDimension
 13
-45240.88309319415
 23
56445.65579329569
 33
0.0
 14
-45238.8554110177
 24
56445.64717553381
 34
0.0
 50
-0.24350877932589773
100
AcDbRotatedDimension
1001
ACAD
1000
DSTYLE
1002
{
1070
140
1040
0.15
1070
41
1040
0.15
1070
147
1040
0.1
1070
44
1040
0.25
1070
277
1070
2
1070
271
1070
2
1070
278
1070
44
1070
78
1070
8
1070
3
1000
<>m
1070
45
1040
0.01
1002
}
  0
DIMENSION
  5
6CD
330
17
100
AcDbEntity
  8
LUMINOTÉCNICO
100
AcDbDimension
280
0
  2
*D112
  3
ISO-25
 10
-45240.092464325506
 20
56445.64970511943
 30
0.0
 11
-45239.91990033649
 21
56444.146828648554
 31
0.0
 70
32
 71
5
  1
<>
100
AcDbAlignedDimension
 13
-45240.87822163203
 23
56445.650978869
 33
0.0
 14
-45240.88309319415
 24
56442.64579329568
 34
0.0
 50
-90.09287935722521
100
AcDbRotatedDimension
1001
ACAD
1000
DSTYLE
1002
{
1070
140
1040
0.15
1070
41
1040
0.15
1070
147
1040
0.1
1070
44
1040
0.25
1070
277
1070
2
1070
271
1070
2
1070
278
1070
44
1070
78
1070
8
1070
3
1000
<>m
1070
45
1040
0.01
1002
}
  0
DIMENSION
  5
6DC
330
17
100
AcDbEntity
  8
SUBESTAÇÃO
100
AcDbDimension
280
0
  2
*D113
  3
ISO-25
 10
-45223.33000000003
 20
56417.93
 30
0.0
 11
-45223.505000000034
 21
56418.41265
 31
0.0
 70
32
 71
5
 42
0.9652999999962047
 73
0
 74
0
 75
0
  1
<>
100
AcDbAlignedDimension
 13
-45222.97799999999
 23
56417.93
 33
0.0
 14
-45222.97799999999
 24
56418.8953
 34
0.0
 50
90.0
100
AcDbRotatedDimension
1001
ACAD
1000
DSTYLE
1002
{
1070
140
1040
0.15
1070
41
1040
0.15
1070
147
1040
0.1
1070
44
1040
0.25
1070
277
1070
2
1070
271
1070
2
1070
278
1070
44
1070
78
1070
8
1070
3
1000
<>m
1070
45
1040
0.01
1002
}
  0
DIMENSION
  5
6EB
330
17
100
AcDbEntity
  8
SUBESTAÇÃO
100
AcDbDimension
280
0
  2
*D114
  3
ISO-25
 10
-45223.33000000003
 20
56418.8953
 30
0.0
 11
-45223.505000000034
 21
56419.86055
 31
0.0
 70
32
 71
5
 42
1.930500000002211
 73
0
 74
0
 75
0
  1
<>
100
AcDbAlignedDimension
 13
-45222.97799999999
 23
56418.8953
 33
0.0
 14
-45222.97799999999
 24
56420.8258
 34
0.0
 50
90.0
100
AcDbRotatedDimension
1001
ACAD
1000
DSTYLE
1002
{
1070
140
1040
0.15
1070
41
1040
0.15
1070
147
1040
0.1
1070
44
1040
0.25
1070
277
1070
2
1070
271
1070
2
1070
278
1070
44
1070
78
1070
8
1070
3
1000
<>m
1070
45
1040
0.01
1002
}
  0
DIMENSION
  5
6FA
330
17
100
AcDbEntity
  8
SUBESTAÇÃO
100
AcDbDimension
280
0
  2
*D115
  3
ISO-25
 10
-45223.33000000003
 20
56420.8258
 30
0.0
 11
-45223.505000000034
 21
56421.79105
 31
0.0
 70
32
 71
5
 42
1.930500000002211
 73
0
 74
0
 75
0
  1
<>
100
AcDbAlignedDimension
 13
-45222.97799999999
 23
56420.8258
 33
0.0
 14
-45222.97799999999
 24
56422.7563
 34
0.0
 50
90.0
100
AcDbRotatedDimension
1001
ACAD
1000
DSTYLE
1002
{
1070
140
1040
0.15
1070
41
1040
0.15
1070
147
1040
0.1
1070
44
1040
0.25
1070
277
1070
2
1070
271
1070
2
1070
278
1070
44
1070
78
1070
8
1070
3
1000
<>m
1070
45
1040
0.01
1002
}
  0
DIMENSION
  5
709
330
17
100
AcDbEntity
  8
SUBESTAÇÃO
100
AcDbDimension
280
0
  2
*D116
  3
ISO-25
 10
-45223.33000000003
 20
56422.7563
 30
0.0
 11
-45223.505000000034
 21
56423.72155
 31
0.0
 70
32
 71
5
 42
1.930500000002211
 73
0
 74
0
 75
0
  1
<>
100
AcDbAlignedDimension
 13
-45222.97799999999
 23
56422.7563
 33
0.0
 14
-45222.97799999999
 24
56424.6868
 34
0.0
 50
90.0
100
AcDbRotatedDimension
1001
ACAD
1000
DSTYLE
1002
{
1070
140
1040
0.15
1070
41
1040
0.15
1070
147
1040
0.1
1070
44
1040
0.25
1070
277
1070
2
1070
271
1070
2
1070
278
1070
44
1070
78
1070
8
1070
3
1000
<>m
1070
45
1040
0.01
1002
}
  0
DIMENSION
  5
718
330
17
100
AcDbEntity
  8
SUBESTAÇÃO
100
AcDbDimension
280
0
  2
*D117
  3
ISO-25
 10
-45223.33000000003
 20
56424.6868
 30
0.0
 11
-45223.505000000034
 21
56425.1694
 31
0.0
 70
32
 71
5
 42
0.965199999998731
 73
0
 74
0
 75
0
  1
<>
100
AcDbAlignedDimension
 13
-45222.97799999999
 23
56424.6868
 33
0.0
 14
-45222.97799999999
 24
56425.652
 34
0.0
 50
90.0
100
AcDbRotatedDimension
1001
ACAD
1000
DSTYLE
1002
{
1070
140
1040
0.15
1070
41
1040
0.15
1070
147
1040
0.1
1070
44
1040
0.25
1070
277
1070
2
1070
271
1070
2
1070
278
1070
44
1070
78
1070
8
1070
3
1000
<>m
1070
45
1040
0.01
1002
}
  0
LINE
  5
814
330
17
100
AcDbEntity
  8
FIAÇÃO_COMERCIAL
100
AcDbLine
 10
-45215.4930340332
 20
56420.76991010564
 30
0.0
 11
-45215.59696419177
 21
56420.64826092916
 31
0.0
  0
LINE
  5
815
330
17
100
AcDbEntity
  8
FIAÇÃO_COMERCIAL
100
AcDbLine
 10
-45215.59696419177
 20
56420.64826092916
 30
0.0
 11
-45215.62737648589
 21
56420.674243468806
 31
0.0
  0
LINE
  5
816
330
17
100
AcDbEntity
  8
FIAÇÃO_COMERCIAL
100
AcDbLine
 10
-45215.45316246582
 20
56420.631847055076
 30
0.0
 11
-45215.50424162012
 21
56420.57027660765
 31
0.0
  0
LINE
  5
817
330
17
100
AcDbEntity
  8
FIAÇÃO_COMERCIAL
100
AcDbLine
 10
-45215.310037194526
 20
56420.61824660394
 30
0.0
 11
-45215.410402244896
 21
56420.493639795684
 31
0.0
  0
LINE
  5
818
330
17
100
AcDbEntity
  8
FIAÇÃO_COMERCIAL
100
AcDbLine
 10
-45215.26360935553
 20
56420.58116170599
 30
0.0
 11
-45215.36306986618
 21
56420.45583171429
 31
0.0
  0
LINE
  5
819
330
17
100
AcDbEntity
  8
FIAÇÃO_COMERCIAL
100
AcDbLine
 10
-45215.216914887365
 20
56420.54441309409
 30
0.0
 11
-45215.31546564745
 21
56420.41836648491
 31
0.0
  0
LINE
  5
81A
330
17
100
AcDbEntity
  8
FIAÇÃO_COMERCIAL
100
AcDbLine
 10
-45215.122735820136
 20
56420.471932378365
 30
0.0
 11
-45215.219451637655
 21
56420.34447238213
 31
0.0
  0
LINE
  5
81B
330
17
100
AcDbEntity
  8
FIAÇÃO_COMERCIAL
100
AcDbLine
 10
-45215.07525613363
 20
56420.43620405525
 30
0.0
 11
-45215.171046855496
 21
56420.30804736364
 31
0.0
  0
LINE
  5
81C
330
17
100
AcDbEntity
  8
FIAÇÃO_COMERCIAL
100
AcDbLine
 10
-45215.171046855496
 20
56420.30804736364
 30
0.0
 11
-45215.2030860284
 21
56420.3319950441
 31
0.0
  0
LINE
  5
81D
330
17
100
AcDbEntity
  8
FIAÇÃO_COMERCIAL
100
AcDbLine
 10
-45214.97952883835
 20
56420.36578079707
 30
0.0
 11
-45215.07345436196
 21
56420.23625089313
 31
0.0
  0
LINE
  5
81E
330
17
100
AcDbEntity
  8
FIAÇÃO_COMERCIAL
100
AcDbLine
 10
-45215.097741218946
 20
56420.25386192881
 30
0.0
 11
-45215.04916750498
 21
56420.218639857456
 31
0.0
  0
TEXT
  5
81F
330
17
100
AcDbEntity
  8
FIAÇÃO_COMERCIAL
100
AcDbText
 10
-45215.6164510965
 20
56420.62545170857
 30
0.0
 40
0.06
  1
1#2.5
 50
49.49130094630323
 72
2
 11
-45215.6164510965
 21
56420.62545170857
 31
0.0
100
AcDbText
 73
2
  0
TEXT
  5
820
330
17
100
AcDbEntity
  8
FIAÇÃO_COMERCIAL
100
AcDbText
 10
-45215.473547128466
 20
56420.79271932624
 30
0.0
 40
0.06
  1
04
 50
49.49130094630323
 11
-45215.473547128466
 21
56420.79271932624
 31
0.0
100
AcDbText
 73
2
  0
TEXT
  5
821
330
17
100
AcDbEntity
  8
FIAÇÃO_COMERCIAL
100
AcDbText
 10
-45215.523396302975
 20
56420.54718768986
 30
0.0
 40
0.06
  1
1#2.5
 50
50.32072799473474
 72
2
 11
-45215.523396302975
 21
56420.54718768986
 31
0.0
100
AcDbText
 73
2
  0
TEXT
  5
822
330
17
100
AcDbEntity
  8
FIAÇÃO_COMERCIAL
100
AcDbText
 10
-45215.382928628664
 20
56420.71650642029
 30
0.0
 40
0.06
  1
04f
 50
50.32072799473474
 11
-45215.382928628664
 21
56420.71650642029
 31
0.0
100
AcDbText
 73
2
  0
TEXT
  5
823
330
17
100
AcDbEntity
  8
FIAÇÃO_COMERCIAL
100
AcDbText
 10
-45215.38225083812
 20
56420.43294271914
 30
0.0
 40
0.06
  1
3#2.5
 50
51.15015512363115
 72
2
 11
-45215.38225083812
 21
56420.43294271914
 31
0.0
100
AcDbText
 73
2
  0
TEXT
  5
824
330
17
100
AcDbEntity
  8
FIAÇÃO_COMERCIAL
100
AcDbText
 10
-45215.24424889386
 20
56420.60427708049
 30
0.0
 40
0.06
  1
29
 50
51.15015512363115
 11
-45215.24424889386
 21
56420.60427708049
 31
0.0
100
AcDbText
 73
2
  0
TEXT
  5
825
330
17
100
AcDbEntity
  8
FIAÇÃO_COMERCIAL
100
AcDbText
 10
-45215.21361473627
 20
56420.30253529743
 30
0.0
 40
0.06
  1
2#2.5
 50
52.8090092987335
 72
2
 11
-45215.21361473627
 21
56420.30253529743
 31
0.0
100
AcDbText
 73
2
  0
TEXT
  5
826
330
17
100
AcDbEntity
  8
FIAÇÃO_COMERCIAL
100
AcDbText
 10
-45215.08063048719
 20
56420.47779279226
 30
0.0
 40
0.06
  1
41
 50
52.8090092987335
 11
-45215.08063048719
 21
56420.47779279226
 31
0.0
100
AcDbText
 73
2
  0
TEXT
  5
827
330
17
100
AcDbEntity
  8
FIAÇÃO_COMERCIAL
100
AcDbText
 10
-45215.091065397646
 20
56420.21196403615
 30
0.0
 40
0.06
  1
1#2.5
 50
54.05314988132645
 72
2
 11
-45215.091065397646
 21
56420.21196403615
 31
0.0
100
AcDbText
 73
2
  0
LINE
  5
828
330
17
100
AcDbEntity
  8
FIAÇÃO_COMERCIAL
100
AcDbLine
 10
-45216.57997348424
 20
56420.349963960056
 30
0.0
 11
-45216.73276655471
 21
56420.39744319357
 31
0.0
  0
LINE
  5
829
330
17
100
AcDbEntity
  8
FIAÇÃO_COMERCIAL
100
AcDbLine
 10
-45216.56238057231
 20
56420.40914767315
 30
0.0
 11
-45216.71617253379
 21
56420.45328419525
 31
0.0
  0
LINE
  5
82A
330
17
100
AcDbEntity
  8
FIAÇÃO_COMERCIAL
100
AcDbLine
 10
-45216.71617253379
 20
56420.45328419525
 30
0.0
 11
-45216.72720666431
 21
56420.41483620488
 31
0.0
  0
LINE
  5
82B
330
17
100
AcDbEntity
  8
FIAÇÃO_COMERCIAL
100
AcDbLine
 10
-45216.53107927827
 20
56420.5285935195
 30
0.0
 11
-45216.68664922072
 21
56420.56598326418
 31
0.0
  0
LINE
  5
82C
330
17
100
AcDbEntity
  8
FIAÇÃO_COMERCIAL
100
AcDbLine
 10
-45216.51738572475
 20
56420.58879906578
 30
0.0
 11
-45216.67373391185
 21
56420.622787952045
 31
0.0
  0
LINE
  5
82D
330
17
100
AcDbEntity
  8
FIAÇÃO_COMERCIAL
100
AcDbLine
 10
-45216.67373391185
 20
56420.622787952045
 30
0.0
 11
-45216.68223113341
 21
56420.58370090527
 31
0.0
  0
LINE
  5
82E
330
17
100
AcDbEntity
  8
FIAÇÃO_COMERCIAL
100
AcDbLine
 10
-45216.49394523723
 20
56420.71003280717
 30
0.0
 11
-45216.65162657205
 21
56420.73717312129
 31
0.0
  0
LINE
  5
82F
330
17
100
AcDbEntity
  8
FIAÇÃO_COMERCIAL
100
AcDbLine
 10
-45216.48420940783
 20
56420.771003568276
 30
0.0
 11
-45216.64244501187
 21
56420.79469942474
 31
0.0
  0
LINE
  5
830
330
17
100
AcDbEntity
  8
FIAÇÃO_COMERCIAL
100
AcDbLine
 10
-45216.475802880086
 20
56420.83217177909
 30
0.0
 11
-45216.63451752033
 21
56420.852411911845
 31
0.0
  0
LINE
  5
831
330
17
100
AcDbEntity
  8
FIAÇÃO_COMERCIAL
100
AcDbLine
 10
-45216.46299302772
 20
56420.95498455751
 30
0.0
 11
-45216.6224391662
 21
56420.9682860208
 31
0.0
  0
LINE
  5
832
330
17
100
AcDbEntity
  8
FIAÇÃO_COMERCIAL
100
AcDbLine
 10
-45216.62493319057
 20
56420.938389869836
 30
0.0
 11
-45216.619945141836
 21
56420.99818217176
 31
0.0
  0
TEXT
  5
833
330
17
100
AcDbEntity
  8
FIAÇÃO_COMERCIAL
100
AcDbText
 10
-45216.752868522206
 20
56420.435101728544
 30
0.0
 40
0.06
  1
2#2.5
 50
-17.262217316600527
 72
2
 11
-45216.752868522206
 21
56420.435101728544
 31
0.0
100
AcDbText
 73
2
  0
TEXT
  5
834
330
17
100
AcDbEntity
  8
FIAÇÃO_COMERCIAL
100
AcDbText
 10
-45216.54277805031
 20
56420.36981778248
 30
0.0
 40
0.06
  1
04
 50
-17.262217316600527
 11
-45216.54277805031
 21
56420.36981778248
 31
0.0
100
AcDbText
 73
2
  0
TEXT
  5
835
330
17
100
AcDbEntity
  8
FIAÇÃO_COMERCIAL
100
AcDbText
 10
-45216.70916636933
 20
56420.60224639985
 30
0.0
 40
0.06
  1
2#10.0
 50
-13.514173989034902
 72
2
 11
-45216.70916636933
 21
56420.60224639985
 31
0.0
100
AcDbText
 73
2
  0
TEXT
  5
836
330
17
100
AcDbEntity
  8
FIAÇÃO_COMERCIAL
100
AcDbText
 10
-45216.495257698465
 20
56420.55083550091
 30
0.0
 40
0.06
  1
28
 50
-13.514173989034902
 11
-45216.495257698465
 21
56420.55083550091
 31
0.0
100
AcDbText
 73
2
  0
TEXT
  5
837
330
17
100
AcDbEntity
  8
FIAÇÃO_COMERCIAL
100
AcDbText
 10
-45216.672163689254
 20
56420.80157440136
 30
0.0
 40
0.06
  1
3#2.5
 50
-9.766130627178114
 72
2
 11
-45216.672163689254
 21
56420.80157440136
 31
0.0
100
AcDbText
 73
2
  0
TEXT
  5
838
330
17
100
AcDbEntity
  8
FIAÇÃO_COMERCIAL
100
AcDbText
 10
-45216.45535185388
 20
56420.76425646945
 30
0.0
 40
0.06
  1
29
 50
-9.766130627178114
 11
-45216.45535185388
 21
56420.76425646945
 31
0.0
100
AcDbText
 73
2
  0
TEXT
  5
839
330
17
100
AcDbEntity
  8
FIAÇÃO_COMERCIAL
100
AcDbText
 10
-45216.652335317165
 20
56420.97078004516
 30
0.0
 40
0.06
  1
1#10.0
 50
-4.768739486625606
 72
2
 11
-45216.652335317165
 21
56420.97078004516
 31
0.0
100
AcDbText
 73
2
  0
LINE
  5
83A
330
17
100
AcDbEntity
  8
FIAÇÃO_COMERCIAL
100
AcDbLine
 10
-45214.07719155266
 20
56419.560429582074
 30
0.0
 11
-45214.1131705547
 21
56419.40452733254
 31
0.0
  0
LINE
  5
83B
330
17
100
AcDbEntity
  8
FIAÇÃO_COMERCIAL
100
AcDbLine
 10
-45214.02031532801
 20
56419.547923604696
 30
0.0
 11
-45214.052848465835
 21
56419.39126603244
 31
0.0
  0
LINE
  5
83C
330
17
100
AcDbEntity
  8
FIAÇÃO_COMERCIAL
100
AcDbLine
 10
-45213.96317884376
 20
56419.53666628345
 30
0.0
 11
-45213.99225030257
 21
56419.37932954176
 31
0.0
  0
LINE
  5
83D
330
17
100
AcDbEntity
  8
FIAÇÃO_COMERCIAL
100
AcDbLine
 10
-45213.84823484123
 20
56419.51791860953
 30
0.0
 11
-45213.870342235394
 21
56419.35945327223
 31
0.0
  0
LINE
  5
83E
330
17
100
AcDbEntity
  8
FIAÇÃO_COMERCIAL
100
AcDbLine
 10
-45213.790482461234
 20
56419.51043725082
 30
0.0
 11
-45213.80909085533
 21
56419.351523036006
 31
0.0
  0
LINE
  5
83F
330
17
100
AcDbEntity
  8
FIAÇÃO_COMERCIAL
100
AcDbLine
 10
-45213.80909085533
 20
56419.351523036006
 30
0.0
 11
-45213.84881940903
 21
56419.35617513453
 31
0.0
  0
LINE
  5
840
330
17
100
AcDbEntity
  8
FIAÇÃO_COMERCIAL
100
AcDbLine
 10
-45213.674555449186
 20
56419.49927743454
 30
0.0
 11
-45213.68614041099
 21
56419.33969739613
 31
0.0
  0
LINE
  5
841
330
17
100
AcDbEntity
  8
FIAÇÃO_COMERCIAL
100
AcDbLine
 10
-45213.71606166819
 20
56419.34186957646
 30
0.0
 11
-45213.65621915379
 21
56419.33752521579
 31
0.0
  0
TEXT
  5
842
330
17
100
AcDbEntity
  8
FIAÇÃO_COMERCIAL
100
AcDbText
 10
-45214.061228071834
 20
56419.36284093293
 30
0.0
 40
0.06
  1
3#2.5
 50
77.00483893419475
 72
2
 11
-45214.061228071834
 21
56419.36284093293
 31
0.0
100
AcDbText
 73
2
  0
TEXT
  5
843
330
17
100
AcDbEntity
  8
FIAÇÃO_COMERCIAL
100
AcDbText
 10
-45214.01175694402
 20
56419.577206526046
 30
0.0
 40
0.06
  1
29
 50
77.00483893419475
 11
-45214.01175694402
 21
56419.577206526046
 31
0.0
100
AcDbText
 73
2
  0
TEXT
  5
844
330
17
100
AcDbEntity
  8
FIAÇÃO_COMERCIAL
100
AcDbText
 10
-45213.84473643178
 20
56419.32588812276
 30
0.0
 40
0.06
  1
2#2.5
 50
82.05796395249502
 72
2
 11
-45213.84473643178
 21
56419.32588812276
 31
0.0
100
AcDbText
 73
2
  0
TEXT
  5
845
330
17
100
AcDbEntity
  8
FIAÇÃO_COMERCIAL
100
AcDbText
 10
-45213.814338764816
 20
56419.54377796154
 30
0.0
 40
0.06
  1
41
 50
82.05796395249502
 11
-45213.814338764816
 21
56419.54377796154
 31
0.0
100
AcDbText
 73
2
  0
TEXT
  5
846
330
17
100
AcDbEntity
  8
FIAÇÃO_COMERCIAL
100
AcDbText
 10
-45213.68831259132
 20
56419.30977613892
 30
0.0
 40
0.06
  1
1#2.5
 50
85.84780767155999
 72
2
 11
-45213.68831259132
 21
56419.30977613892
 31
0.0
100
AcDbText
 73
2
  0
LINE
  5
847
330
17
100
AcDbEntity
  8
FIAÇÃO_COMERCIAL
100
AcDbLine
 10
-45214.86229933674
 20
56420.34014193236
 30
0.0
 11
-45214.702715663305
 21
56420.328607151285
 31
0.0
  0
LINE
  5
848
330
17
100
AcDbEntity
  8
FIAÇÃO_COMERCIAL
100
AcDbLine
 10
-45214.865725957236
 20
56420.27784978208
 30
0.0
 11
-45214.70586906384
 21
56420.27108416081
 31
0.0
  0
LINE
  5
849
330
17
100
AcDbEntity
  8
FIAÇÃO_COMERCIAL
100
AcDbLine
 10
-45214.86730294581
 20
56420.21548341541
 30
0.0
 11
-45214.70731532695
 21
56420.2134929847
 31
0.0
  0
LINE
  5
84A
330
17
100
AcDbEntity
  8
FIAÇÃO_COMERCIAL
100
AcDbLine
 10
-45214.86490410894
 20
56420.090747676215
 30
0.0
 11
-45214.70508286175
 21
56420.09830869127
 31
0.0
  0
LINE
  5
84B
330
17
100
AcDbEntity
  8
FIAÇÃO_COMERCIAL
100
AcDbLine
 10
-45214.86093039789
 20
56420.02848811948
 30
0.0
 11
-45214.70140609951
 21
56420.04081687561
 31
0.0
  0
LINE
  5
84C
330
17
100
AcDbEntity
  8
FIAÇÃO_COMERCIAL
100
AcDbLine
 10
-45214.70140609951
 20
56420.04081687561
 30
0.0
 11
-45214.704488288546
 21
56420.08069795021
 31
0.0
  0
LINE
  5
84D
330
17
100
AcDbEntity
  8
FIAÇÃO_COMERCIAL
100
AcDbLine
 10
-45214.84745188477
 20
56419.90445964572
 30
0.0
 11
-45214.68894768673
 21
56419.92628667488
 31
0.0
  0
LINE
  5
84E
330
17
100
AcDbEntity
  8
FIAÇÃO_COMERCIAL
100
AcDbLine
 10
-45214.6930402547
 20
56419.956006212014
 30
0.0
 11
-45214.68485511876
 21
56419.89656713775
 31
0.0
  0
TEXT
  5
84F
330
17
100
AcDbEntity
  8
FIAÇÃO_COMERCIAL
100
AcDbText
 10
-45214.675490940164
 20
56420.26651307578
 30
0.0
 40
0.06
  1
3#2.5
 50
-4.134175595931254
 11
-45214.675490940164
 21
56420.26651307578
 31
0.0
100
AcDbText
 73
2
  0
TEXT
  5
850
330
17
100
AcDbEntity
  8
FIAÇÃO_COMERCIAL
100
AcDbText
 10
-45214.89491849113
 20
56420.282373399765
 30
0.0
 40
0.06
  1
29
 50
-4.134175595931254
 72
2
 11
-45214.89491849113
 21
56420.282373399765
 31
0.0
100
AcDbText
 73
2
  0
TEXT
  5
851
330
17
100
AcDbEntity
  8
FIAÇÃO_COMERCIAL
100
AcDbText
 10
-45214.67320375959
 20
56420.06978853849
 30
0.0
 40
0.06
  1
2#2.5
 50
2.7085978300977356
 11
-45214.67320375959
 21
56420.06978853849
 31
0.0
100
AcDbText
 73
2
  0
TEXT
  5
852
330
17
100
AcDbEntity
  8
FIAÇÃO_COMERCIAL
100
AcDbText
 10
-45214.892957974465
 20
56420.05939214279
 30
0.0
 40
0.06
  1
41
 50
2.7085978300977356
 72
2
 11
-45214.892957974465
 21
56420.05939214279
 31
0.0
100
AcDbText
 73
2
  0
TEXT
  5
853
330
17
100
AcDbEntity
  8
FIAÇÃO_COMERCIAL
100
AcDbText
 10
-45214.6592281496
 20
56419.930379242855
 30
0.0
 40
0.06
  1
1#2.5
 50
7.840677873111167
 11
-45214.6592281496
 21
56419.930379242855
 31
0.0
100
AcDbText
 73
2
  0
LINE
  5
854
330
17
100
AcDbEntity
  8
FIAÇÃO_COMERCIAL
100
AcDbLine
 10
-45214.59777134969
 20
56421.00328640718
 30
0.0
 11
-45214.757355023125
 21
56421.014821188306
 31
0.0
  0
LINE
  5
855
330
17
100
AcDbEntity
  8
FIAÇÃO_COMERCIAL
100
AcDbLine
 10
-45214.59433897515
 20
56421.06557822327
 30
0.0
 11
-45214.75419586855
 21
56421.07234384455
 31
0.0
  0
LINE
  5
856
330
17
100
AcDbEntity
  8
FIAÇÃO_COMERCIAL
100
AcDbLine
 10
-45214.59275810828
 20
56421.12794447919
 30
0.0
 11
-45214.752745727135
 21
56421.12993490996
 31
0.0
  0
LINE
  5
857
330
17
100
AcDbEntity
  8
FIAÇÃO_COMERCIAL
100
AcDbLine
 10
-45214.59515483691
 20
56421.252680217855
 30
0.0
 11
-45214.7549760841
 21
56421.245119202875
 31
0.0
  0
LINE
  5
858
330
17
100
AcDbEntity
  8
FIAÇÃO_COMERCIAL
100
AcDbLine
 10
-45214.59913031599
 20
56421.31493965999
 30
0.0
 11
-45214.758654614365
 21
56421.302610903775
 31
0.0
  0
LINE
  5
859
330
17
100
AcDbEntity
  8
FIAÇÃO_COMERCIAL
100
AcDbLine
 10
-45214.758654614365
 20
56421.302610903775
 30
0.0
 11
-45214.75557242531
 21
56421.262729829185
 31
0.0
  0
LINE
  5
85A
330
17
100
AcDbEntity
  8
FIAÇÃO_COMERCIAL
100
AcDbLine
 10
-45214.6126179666
 20
56421.43896711487
 30
0.0
 11
-45214.77112216466
 21
56421.41714008579
 31
0.0
  0
LINE
  5
85B
330
17
100
AcDbEntity
  8
FIAÇÃO_COMERCIAL
100
AcDbLine
 10
-45214.76702959671
 20
56421.38742054865
 30
0.0
 11
-45214.77521473261
 21
56421.44685962293
 31
0.0
  0
TEXT
  5
85C
330
17
100
AcDbEntity
  8
FIAÇÃO_COMERCIAL
100
AcDbText
 10
-45214.784574617464
 20
56421.076915004094
 30
0.0
 40
0.06
  1
3#2.5
 50
-4.134175611000131
 72
2
 11
-45214.784574617464
 21
56421.076915004094
 31
0.0
100
AcDbText
 73
2
  0
TEXT
  5
85D
330
17
100
AcDbEntity
  8
FIAÇÃO_COMERCIAL
100
AcDbText
 10
-45214.565147066496
 20
56421.06105468005
 30
0.0
 40
0.06
  1
29
 50
-4.134175611000131
 11
-45214.565147066496
 21
56421.06105468005
 31
0.0
100
AcDbText
 73
2
  0
TEXT
  5
85E
330
17
100
AcDbEntity
  8
FIAÇÃO_COMERCIAL
100
AcDbText
 10
-45214.786856070285
 20
56421.27363929833
 30
0.0
 40
0.06
  1
2#2.5
 50
2.708597804041716
 72
2
 11
-45214.786856070285
 21
56421.27363929833
 31
0.0
100
AcDbText
 73
2
  0
TEXT
  5
85F
330
17
100
AcDbEntity
  8
FIAÇÃO_COMERCIAL
100
AcDbText
 10
-45214.567101855406
 20
56421.28403569392
 30
0.0
 40
0.06
  1
41
 50
2.708597804041716
 11
-45214.567101855406
 21
56421.28403569392
 31
0.0
100
AcDbText
 73
2
  0
TEXT
  5
860
330
17
100
AcDbEntity
  8
FIAÇÃO_COMERCIAL
100
AcDbText
 10
-45214.80084170179
 20
56421.41304751783
 30
0.0
 40
0.06
  1
1#2.5
 50
7.8406778417933936
 72
2
 11
-45214.80084170179
 21
56421.41304751783
 31
0.0
100
AcDbText
 73
2
  0
LINE
  5
861
330
17
100
AcDbEntity
  8
FIAÇÃO_COMERCIAL
100
AcDbLine
 10
-45214.87857086232
 20
56422.057028664174
 30
0.0
 11
-45214.71903892601
 21
56422.06925818972
 31
0.0
  0
LINE
  5
862
330
17
100
AcDbEntity
  8
FIAÇÃO_COMERCIAL
100
AcDbLine
 10
-45214.873263817084
 20
56421.995466820576
 30
0.0
 11
-45214.71404570914
 21
56422.01126536798
 31
0.0
  0
LINE
  5
863
330
17
100
AcDbEntity
  8
FIAÇÃO_COMERCIAL
100
AcDbLine
 10
-45214.866619597655
 20
56421.93433520538
 30
0.0
 11
-45214.70772400664
 21
56421.9531019621
 31
0.0
  0
LINE
  5
864
330
17
100
AcDbEntity
  8
FIAÇÃO_COMERCIAL
100
AcDbLine
 10
-45214.849167557666
 20
56421.81200112539
 30
0.0
 11
-45214.69127149836
 21
56421.83786295938
 31
0.0
  0
LINE
  5
865
330
17
100
AcDbEntity
  8
FIAÇÃO_COMERCIAL
100
AcDbLine
 10
-45214.696120592234
 20
56421.8674684705
 30
0.0
 11
-45214.68642240449
 21
56421.80825744826
 31
0.0
  0
TEXT
  5
866
330
17
100
AcDbEntity
  8
FIAÇÃO_COMERCIAL
100
AcDbText
 10
-45214.68353228026
 20
56422.01181716713
 30
0.0
 40
0.06
  1
3#2.5
 50
4.383651721455678
 11
-45214.68353228026
 21
56422.01181716713
 31
0.0
100
AcDbText
 73
2
  0
TEXT
  5
867
330
17
100
AcDbEntity
  8
FIAÇÃO_COMERCIAL
100
AcDbText
 10
-45214.90288869269
 20
56421.9950015695
 30
0.0
 40
0.06
  1
29
 50
4.383651721455678
 72
2
 11
-45214.90288869269
 21
56421.9950015695
 31
0.0
100
AcDbText
 73
2
  0
TEXT
  5
868
330
17
100
AcDbEntity
  8
FIAÇÃO_COMERCIAL
100
AcDbText
 10
-45214.661665987245
 20
56421.84271205325
 30
0.0
 40
0.06
  1
1#2.5
 50
9.301895125432138
 11
-45214.661665987245
 21
56421.84271205325
 31
0.0
100
AcDbText
 73
2
  0
LWPOLYLINE
  5
869
330
17
100
AcDbEntity
  8
TOMADAS
100
AcDbPolyline
 90
3
 70
1
 10
-45214.03497661506
 20
56422.899866220796
 10
-45214.37347574934
 20
56423.0952987871
 10
-45214.37347574934
 20
56422.70443365449
  0
CIRCLE
  5
86A
330
17
100
AcDbEntity
  8
TOMADAS
100
AcDbCircle
 10
-45214.26566347655
 20
56422.899866220796
 30
0.0
 40
0.23164812450663586
  0
TEXT
  5
86B
330
17
100
AcDbEntity
  8
TOMADAS
100
AcDbText
 10
-45213.90382258878
 20
56422.78625
 30
0.0
 40
0.0975
  1
6000VA
 72
1
 11
-45213.58498991161
 21
56422.835
 31
0.0
100
AcDbText
 73
2
  0
CIRCLE
  5
86C
330
17
100
AcDbEntity
  8
UNIFILAR - DESENHO
100
AcDbCircle
 10
-45150.03347315211
 20
56382.77174292606
 30
0.0
 40
0.0296867820036466
  0
CIRCLE
  5
86D
330
17
100
AcDbEntity
  8
UNIFILAR - DESENHO
100
AcDbCircle
 10
-45149.73937035335
 20
56382.77174292606
 30
0.0
 40
0.0296867820036466
  0
LINE
  5
86E
330
17
100
AcDbEntity
  8
UNIFILAR - DESENHO
100
AcDbLine
 10
-45149.88642175271
 20
56382.8195257753
 30
0.0
 11
-45149.88642175271
 21
56382.99487868638
 31
0.0
  0
ARC
  5
86F
330
17
100
AcDbEntity
  8
UNIFILAR - DESENHO
100
AcDbCircle
 10
-45149.88642175271
 20
56382.75209606631
 30
0.0
 40
0.1551061645098302
100
AcDbArc
 50
25.76828116225685
 51
154.2317188377432
  0
LINE
  5
870
330
17
100
AcDbEntity
  8
UNIFILAR - DESENHO
100
AcDbLine
 10
-45150.67130210232
 20
56382.93550481957
 30
0.0
 11
-45150.67130210232
 21
56382.60798103257
 31
0.0
  0
MTEXT
  5
871
330
17
100
AcDbEntity
  8
UNIFILAR - TEXTO
100
AcDbMText
 10
-45149.98179082933
 20
56383.12495525291
 30
0.0
 40
0.1021482570786623
 41
0.2566529123080761
 46
0.0
 71
1
 72
5
  1
10A
 11
1.0
 21
-2e-16
 31
0.0
101
Embedded Object
 70
1
 10
1.0
 20
-2e-16
 30
0.0
 11
-45149.98179082933
 21
56383.12495525291
 31
0.0
 40
0.2566529123080761
 41
0.0
 42
0.2068904364335347
 43
0.1021683650032841
 71
2
 72
1
 44
0.2566529123080761
 45
0.0182407601926183
 73
0
 74
0
 46
0.0
  0
LINE
  5
872
330
17
100
AcDbEntity
  8
UNIFILAR - DESENHO
100
AcDbLine
 10
-45150.60587086908
 20
56382.93550481957
 30
0.0
 11
-45150.60587086908
 21
56382.60798103257
 31
0.0
  0
LINE
  5
873
330
17
100
AcDbEntity
  8
UNIFILAR - DESENHO
100
AcDbLine
 10
-45150.54043963584
 20
56382.93550481957
 30
0.0
 11
-45150.54043963584
 21
56382.60798103257
 31
0.0
  0
LINE
  5
874
330
17
100
AcDbEntity
  8
UNIFILAR - DESENHO
100
AcDbLine
 10
-45149.82099051948
 20
56382.99487868638
 30
0.0
 11
-45149.82099051948
 21
56382.8195257753
 31
0.0
  0
LINE
  5
875
330
17
100
AcDbEntity
  8
UNIFILAR - DESENHO
100
AcDbLine
 10
-45149.95185298596
 20
56382.99487868638
 30
0.0
 11
-45149.95185298596
 21
56382.8195257753
 31
0.0
  0
LWPOLYLINE
  5
876
330
17
100
AcDbEntity
  8
UNIFILAR - DESENHO
100
AcDbPolyline
 90
4
 70
1
 10
-45149.28199562576
 20
56382.98654134538
 10
-45148.90589787105
 20
56382.98654134538
 10
-45148.90589787105
 20
56382.68106150091
 10
-45149.28199562576
 20
56382.68106150091
  0
LINE
  5
877
330
17
100
AcDbEntity
  8
UNIFILAR - DESENHO
100
AcDbLine
 10
-45149.15426115085
 20
56382.98654134538
 30
0.0
 11
-45149.15426115085
 21
56383.03812664674
 31
0.0
  0
LINE
  5
878
330
17
100
AcDbEntity
  8
UNIFILAR - DESENHO
100
AcDbLine
 10
-45149.03363234594
 20
56382.98654134538
 30
0.0
 11
-45149.03363234594
 21
56383.03812664674
 31
0.0
  0
LINE
  5
879
330
17
100
AcDbEntity
  8
UNIFILAR - DESENHO
100
AcDbLine
 10
-45148.97360717531
 20
56383.03812664674
 30
0.0
 11
-45149.21428632148
 21
56383.03812664674
 31
0.0
  0
MTEXT
  5
87A
330
17
100
AcDbEntity
  8
UNIFILAR - DESENHO
100
AcDbMText
 10
-45149.15997690144
 20
56382.90194211273
 30
0.0
 40
0.1021482570786623
 41
0.2566529123080761
 46
0.0
 71
1
 72
5
  1
DR
 11
1.0
 21
-2e-16
 31
0.0
101
Embedded Object
 70
1
 10
1.0
 20
-2e-16
 30
0.0
 11
-45149.15997690144
 21
56382.90194211273
 31
0.0
 40
0.2566529123080761
 41
0.0
 42
0.1327927342022612
 43
0.1035690095708538
 71
2
 72
1
 44
0.2566529123080761
 45
0.0182407601926183
 73
0
 74
0
 46
0.0
  0
MTEXT
  5
87B
330
17
100
AcDbEntity
  8
UNIFILAR - TEXTO
100
AcDbMText
 10
-45149.17997587599
 20
56383.15788909174
 30
0.0
 40
0.1021482570786623
 41
0.2566529123080761
 46
0.0
 71
1
 72
5
  1
25A
 11
1.0
 21
-2e-16
 31
0.0
101
Embedded Object
 70
1
 10
1.0
 20
-2e-16
 30
0.0
 11
-45149.17997587599
 21
56383.15788909174
 31
0.0
 40
0.2566529123080761
 41
0.0
 42
0.2068904364335347
 43
0.1021683650032841
 71
2
 72
1
 44
0.2566529123080761
 45
0.0182407601926183
 73
0
 74
0
 46
0.0
  0
MTEXT
  5
87C
330
17
100
AcDbEntity
  8
UNIFILAR - TEXTO
100
AcDbMText
 10
-45148.02999999999
 20
56382.92626784693
 30
0.0
 40
0.1021482570786623
 41
0.559059924596067
 46
0.0
 71
1
 72
5
  1
#2,5mm²
 11
1.0
 21
-2e-16
 31
0.0
101
Embedded Object
 70
1
 10
1.0
 20
-2e-16
 30
0.0
 11
-45148.02999999999
 21
56382.92626784693
 31
0.0
 40
0.559059924596067
 41
0.0
 42
0.4896179105781276
 43
0.1467174720028463
 71
2
 72
1
 44
0.559059924596067
 45
0.0182407601926183
 73
0
 74
0
 46
0.0
  0
MTEXT
  5
87D
330
17
100
AcDbEntity
  8
UNIFILAR - TEXTO
100
AcDbMText
 10
-45150.69
 20
56383.10408865233
 30
0.0
 40
0.1021482570786623
 41
0.559059924596067
 46
0.0
 71
1
 72
5
  1
#2,5mm²
 11
1.0
 21
-2e-16
 31
0.0
101
Embedded Object
 70
1
 10
1.0
 20
-2e-16
 30
0.0
 11
-45150.69
 21
56383.10408865233
 31
0.0
 40
0.559059924596067
 41
0.0
 42
0.4896179105781276
 43
0.1467174720028463
 71
2
 72
1
 44
0.559059924596067
 45
0.0182407601926183
 73
0
 74
0
 46
0.0
  0
LINE
  5
87E
330
17
100
AcDbEntity
  8
UNIFILAR - DESENHO
100
AcDbLine
 10
-45148.35011796829
 20
56382.93550481957
 30
0.0
 11
-45148.35011796829
 21
56382.60798103257
 31
0.0
  0
LINE
  5
87F
330
17
100
AcDbEntity
  8
UNIFILAR - DESENHO
100
AcDbLine
 10
-45148.28468673503
 20
56382.93550481957
 30
0.0
 11
-45148.28468673503
 21
56382.60798103257
 31
0.0
  0
LINE
  5
880
330
17
100
AcDbEntity
  8
UNIFILAR - DESENHO
100
AcDbLine
 10
-45148.16916989575
 20
56382.93550481957
 30
0.0
 11
-45148.16916989575
 21
56382.77174292605
 31
0.0
  0
LINE
  5
881
330
17
100
AcDbEntity
  8
UNIFILAR - DESENHO
100
AcDbLine
 10
-45148.093
 20
56382.93550481957
 30
0.0
 11
-45148.24533979148
 21
56382.93550481957
 31
0.0
  0
LINE
  5
882
330
17
100
AcDbEntity
  8
UNIFILAR - DESENHO
100
AcDbLine
 10
-45148.41554920153
 20
56382.93550481957
 30
0.0
 11
-45148.41554920153
 21
56382.60798103257
 31
0.0
  0
MTEXT
  5
883
330
17
100
AcDbEntity
  8
UNIFILAR - TEXTO
100
AcDbMText
 10
-45150.97737733541
 20
56382.90156662751
 30
0.0
 40
0.1021482570786623
 41
0.1104341077644502
 46
0.0
 71
1
 72
5
  1
RST
 11
1.0
 21
-2e-16
 31
0.0
101
Embedded Object
 70
1
 10
1.0
 20
-2e-16
 30
0.0
 11
-45150.97737733541
 21
56382.90156662751
 31
0.0
 40
0.1104341077644502
 41
0.0
 42
0.2145113398651909
 43
0.1021482570786623
 71
2
 72
1
 44
0.1104341077644502
 45
0.0182407601926183
 73
0
 74
0
 46
0.0
  0
MTEXT
  5
884
330
17
100
AcDbEntity
  8
UNIFILAR - TEXTO
100
AcDbMText
 10
-45146.21222915415
 20
56382.89054878034
 30
0.0
 40
0.1021482570786623
 41
2.695040981726788
 46
0.0
 71
1
 72
5
  1
29 - TUGS TRIFÁSICAS Subestação
 11
1.0
 21
-2e-16
 31
0.0
101
Embedded Object
 70
1
 10
1.0
 20
-2e-16
 30
0.0
 11
-45146.21222915415
 21
56382.89054878034
 31
0.0
 40
2.695040981726788
 41
0.0
 42
1.249414969048233
 43
0.1225376926451512
 71
2
 72
1
 44
2.695040981726788
 45
0.0182407601926183
 73
0
 74
0
 46
0.0
  0
MTEXT
  5
885
330
17
100
AcDbEntity
  8
UNIFILAR - TEXTO
100
AcDbMText
 10
-45147.06320655717
 20
56383.27615632352
 30
0.0
 40
0.1021482570786623
 41
0.559059924596067
 46
0.0
 71
1
 72
5
  1
#2,5mm²\PØ 1.1/4''
 11
1.0
 21
-2e-16
 31
0.0
101
Embedded Object
 70
1
 10
1.0
 20
-2e-16
 30
0.0
 11
-45147.06320655717
 21
56383.27615632352
 31
0.0
 40
0.559059924596067
 41
0.0
 42
0.4545597440000475
 43
0.3016423285721508
 71
2
 72
1
 44
0.559059924596067
 45
0.0182407601926183
 73
0
 74
0
 46
0.0
  0
MTEXT
  5
886
330
17
100
AcDbEntity
  8
UNIFILAR - TEXTO
100
AcDbMText
 10
-45150.88098999508
 20
56385.27370948467
 30
0.0
 40
0.1021482570786623
 41
0.1104341077644502
 46
0.0
 71
1
 72
5
  1
T
 11
1.0
 21
-2e-16
 31
0.0
101
Embedded Object
 70
1
 10
1.0
 20
-2e-16
 30
0.0
 11
-45150.88098999508
 21
56385.27370948467
 31
0.0
 40
0.1104341077644502
 41
0.0
 42
0.0510741285393313
 43
0.1021482570786623
 71
2
 72
1
 44
0.1104341077644502
 45
0.0182407601926183
 73
0
 74
0
 46
0.0
  0
MTEXT
  5
887
330
17
100
AcDbEntity
  8
UNIFILAR - TEXTO
100
AcDbMText
 10
-45150.88098999508
 20
56380.52942377037
 30
0.0
 40
0.1021482570786623
 41
0.1104341077644502
 46
0.0
 71
1
 72
5
  1
T
 11
1.0
 21
-2e-16
 31
0.0
101
Embedded Object
 70
1
 10
1.0
 20
-2e-16
 30
0.0
 11
-45150.88098999508
 21
56380.52942377037
 31
0.0
 40
0.1104341077644502
 41
0.0
 42
0.059165557407137
 43
0.1021482570786623
 71
2
 72
1
 44
0.1104341077644502
 45
0.0182407601926183
 73
0
 74
0
 46
0.0
  0
MTEXT
  5
888
330
17
100
AcDbEntity
  8
UNIFILAR - TEXTO
100
AcDbMText
 10
-45155.51573897417
 20
56445.87873513822
 30
0.0
 40
0.1021482570786623
 41
0.5311333770520599
 46
0.0
 71
1
 72
5
  1
4#50mm²
 11
1.0
 21
-2e-16
 31
0.0
101
Embedded Object
 70
1
 10
1.0
 20
-2e-16
 30
0.0
 11
-45155.51573897417
 21
56445.87873513822
 31
0.0
 40
0.5311333770520599
 41
0.0
 42
0.5355846262635257
 43
0.1313952334410471
 71
2
 72
1
 44
0.5311333770520599
 45
0.0182407601926183
 73
0
 74
0
 46
0.0
  0
MTEXT
  5
889
330
17
100
AcDbEntity
  8
UNIFILAR - TEXTO
100
AcDbMText
 10
-45151.88967767424
 20
56446.10091642813
 30
0.0
 40
0.1021482570786623
 41
0.692933161264247
 46
0.0
 71
1
 72
5
  1
Leito\P4#50mm² + 1#25mm²
 11
1.0
 21
-2e-16
 31
0.0
101
Embedded Object
 70
1
 10
1.0
 20
-2e-16
 30
0.0
 11
-45151.88967767424
 21
56446.10091642813
 31
0.0
 40
0.692933161264247
 41
0.0
 42
0.6435340195955725
 43
0.5011364000656396
 71
2
 72
1
 44
0.692933161264247
 45
0.0182407601926183
 73
0
 74
0
 46
0.0
  0
MTEXT
  5
88A
330
17
100
AcDbEntity
  8
UNIFILAR - TEXTO
100
AcDbMText
 10
-45154.41957540104
 20
56446.10091642813
 30
0.0
 40
0.1021482570786623
 41
0.692933161264247
 46
0.0
 71
1
 72
5
  1
Leito\P4#50mm² + 1#25mm²
 11
1.0
 21
-2e-16
 31
0.0
101
Embedded Object
 70
1
 10
1.0
 20
-2e-16
 30
0.0
 11
-45154.41957540104
 21
56446.10091642813
 31
0.0
 40
0.692933161264247
 41
0.0
 42
0.6435340195955725
 43
0.5011364000656396
 71
2
 72
1
 44
0.692933161264247
 45
0.0182407601926183
 73
0
 74
0
 46
0.0
  0
MTEXT
  5
88B
330
17
100
AcDbEntity
  8
UNIFILAR - TEXTO
100
AcDbMText
 10
-45153.18045240717
 20
56436.90098845724
 30
0.0
 40
0.1021482570786623
 41
0.5123777330553246
 46
0.0
 71
1
 72
5
  1
#50mm²
 11
1.0
 21
-2e-16
 31
0.0
101
Embedded Object
 70
1
 10
1.0
 20
-2e-16
 30
0.0
 11
-45153.18045240717
 21
56436.90098845724
 31
0.0
 40
0.5123777330553246
 41
0.0
 42
0.4538660206005958
 43
0.1313952334410471
 71
2
 72
1
 44
0.5123777330553246
 45
0.0182407601926183
 73
0
 74
0
 46
0.0
  0
MTEXT
  5
88C
330
17
100
AcDbEntity
  8
UNIFILAR - TEXTO
100
AcDbMText
 10
-45153.45716313655
 20
56436.34878488242
 30
0.0
 40
0.1021482570786623
 41
0.5123777330553246
 46
0.0
 71
1
 72
5
  1
#25mm²
 11
1.0
 21
-2e-16
 31
0.0
101
Embedded Object
 70
1
 10
1.0
 20
-2e-16
 30
0.0
 11
-45153.45716313655
 21
56436.34878488242
 31
0.0
 40
0.5123777330553246
 41
0.0
 42
0.4334363691848632
 43
0.131395233441047
 71
2
 72
1
 44
0.5123777330553246
 45
0.0182407601926183
 73
0
 74
0
 46
0.0
  0
TEXT
  5
88D
330
17
100
AcDbEntity
  8
TEXTO - PLANTA
100
AcDbText
 10
-45217.5864349621
 20
56446.675217980126
 30
0.0
 40
0.2714399999999999
  1
Bwc 1
100
AcDbText
  0
TEXT
  5
88E
330
17
100
AcDbEntity
  8
TEXTO - PLANTA
100
AcDbText
 10
-45226.91574383762
 20
56423.91402156332
 30
0.0
 40
0.2714399999999999
  1
Vídeo Conferência
100
AcDbText
  0
TEXT
  5
88F
330
17
100
AcDbEntity
  8
TEXTO - PLANTA
100
AcDbText
 10
-45222.45028026538
 20
56425.96821168659
 30
0.0
 40
0.2714399999999999
  1
Diretoria 
100
AcDbText
  0
TEXT
  5
890
330
17
100
AcDbEntity
  8
TEXTO - PLANTA
100
AcDbText
 10
-45222.45028026538
 20
56425.34713295439
 30
0.0
 40
0.2714399999999999
  1
Técnica
100
AcDbText
  0
TEXT
  5
891
330
17
100
AcDbEntity
  8
TEXTO - PLANTA
100
AcDbText
 10
-45235.30638766879
 20
56426.3849061044
 30
0.0
 40
0.2714399999999999
  1
Circulação 2
100
AcDbText
  0
TEXT
  5
892
330
17
100
AcDbEntity
  8
TEXTO - PLANTA
100
AcDbText
 10
-45252.57195781731
 20
56420.13950379498
 30
0.0
 40
0.2714399999999999
  1
Circulação 3
 50
90.0
100
AcDbText
  0
TEXT
  5
893
330
17
100
AcDbEntity
  8
TEXTO - PLANTA
100
AcDbText
 10
-45214.41994124402
 20
56420.04223740648
 30
0.0
 40
0.2714399999999999
  1
Subestação
100
AcDbText
  0
TEXT
  5
894
330
17
100
AcDbEntity
  8
TEXTO - PLANTA
100
AcDbText
 10
-45234.456189752644
 20
56421.30371332736
 30
0.0
 40
0.2714399999999999
  1
Recepção
100
AcDbText
  0
TEXT
  5
895
330
17
100
AcDbEntity
  8
TEXTO - PLANTA
100
AcDbText
 10
-45237.905451596904
 20
56445.27302421631
 30
0.0
 40
0.2714399999999999
  1
Atividade: Colagem e Montagem
100
AcDbText
  0
TEXT
  5
896
330
17
100
AcDbEntity
  8
TEXTO - PLANTA
100
AcDbText
 10
-45253.7552907103
 20
56437.29138715499
 30
0.0
 40
0.2714399999999999
  1
Atividade: Polimento
100
AcDbText
  0
TEXT
  5
897
330
17
100
AcDbEntity
  8
TEXTO - PLANTA
100
AcDbText
 10
-45218.26815549514
 20
56435.28376268766
 30
0.0
 40
0.2714399999999999
  1
Atividade: Inspeção final
100
AcDbText
  0
TEXT
  5
898
330
17
100
AcDbEntity
  8
TEXTO - PLANTA
100
AcDbText
 10
-45251.69854117679
 20
56443.5062004332
 30
0.0
 40
0.257868
  1
30HP
100
AcDbText
  0
TEXT
  5
899
330
17
100
AcDbEntity
  8
TEXTO - PLANTA
100
AcDbText
 10
-45249.81484517679
 20
56443.9562004332
 30
0.0
 40
0.257868
  1
30HP
100
AcDbText
  0
TEXT
  5
89A
330
17
100
AcDbEntity
  8
TEXTO - PLANTA
100
AcDbText
 10
-45251.56077883559
 20
56441.04400012143
 30
0.0
 40
0.24755328
  1
Bancada 1 - 3000VA
100
AcDbText
  0
TEXT
  5
89B
330
17
100
AcDbEntity
  8
TEXTO - PLANTA
100
AcDbText
 10
-45252.61884093132
 20
56431.86200321115
 30
0.0
 40
0.24755328
  1
Bancada 4 - 3400VA
100
AcDbText
  0
TEXT
  5
89C
330
17
100
AcDbEntity
  8
TEXTO - PLANTA
100
AcDbText
 10
-45227.5215289552
 20
56439.71678575578
 30
0.0
 40
0.257868
  1
5HP
100
AcDbText
  0
TEXT
  5
89D
330
17
100
AcDbEntity
  8
TEXTO - PLANTA
100
AcDbText
 10
-45225.66684895522
 20
56439.96210575577
 30
0.0
 40
0.257868
  1
5HP
100
AcDbText
  0
TEXT
  5
89E
330
17
100
AcDbEntity
  8
TEXTO - PLANTA
100
AcDbText
 10
-45223.27152895521
 20
56439.96678575578
 30
0.0
 40
0.257868
  1
5HP
100
AcDbText
  0
TEXT
  5
89F
330
17
100
AcDbEntity
  8
TEXTO - PLANTA
100
AcDbText
 10
-45228.51684895521
 20
56440.31210575577
 30
0.0
 40
0.257868
  1
5HP
100
AcDbText
  0
LINE
  5
8A0
330
17
100
AcDbEntity
  8
FIAÇÃO_COMERCIAL
100
AcDbLine
 10
-45241.61925131096
 20
56425.0054315467
 30
0.0
 11
-45241.54522648008
 21
56425.14727767605
 31
0.0
  0
LINE
  5
8A1
330
17
100
AcDbEntity
  8
FIAÇÃO_COMERCIAL
100
AcDbLine
 10
-45241.671847030826
 20
56425.032574587254
 30
0.0
 11
-45241.59926774615
 21
56425.17516577714
 31
0.0
  0
LINE
  5
8A2
330
17
100
AcDbEntity
  8
FIAÇÃO_COMERCIAL
100
AcDbLine
 10
-45241.59926774615
 20
56425.17516577714
 30
0.0
 11
-45241.563619948676
 21
56425.157020955965
 31
0.0
  0
LINE
  5
8A3
330
17
100
AcDbEntity
  8
FIAÇÃO_COMERCIAL
100
AcDbLine
 10
-45241.743018005785
 20
56425.15727167119
 30
0.0
 11
-45241.708185081785
 21
56425.22929019246
 31
0.0
  0
LINE
  5
8A4
330
17
100
AcDbEntity
  8
FIAÇÃO_COMERCIAL
100
AcDbLine
 10
-45241.884901702186
 20
56425.13577037784
 30
0.0
 11
-45241.81817807867
 21
56425.281193753086
 31
0.0
  0
LINE
  5
8A5
330
17
100
AcDbEntity
  8
FIAÇÃO_COMERCIAL
100
AcDbLine
 10
-45241.93880591289
 20
56425.16021195849
 30
0.0
 11
-45241.87356381749
 21
56425.30630600008
 31
0.0
  0
LINE
  5
8A6
330
17
100
AcDbEntity
  8
FIAÇÃO_COMERCIAL
100
AcDbLine
 10
-45241.87356381749
 20
56425.30630600008
 30
0.0
 11
-45241.837040307095
 21
56425.28999547623
 31
0.0
  0
LINE
  5
8A7
330
17
100
AcDbEntity
  8
FIAÇÃO_COMERCIAL
100
AcDbLine
 10
-45242.047344249295
 20
56425.20744847773
 30
0.0
 11
-45241.98508527687
 21
56425.35483850573
 31
0.0
  0
LINE
  5
8A8
330
17
100
AcDbEntity
  8
FIAÇÃO_COMERCIAL
100
AcDbLine
 10
-45242.10196720619
 20
56425.23023855557
 30
0.0
 11
-45242.041209520285
 21
56425.37825376967
 31
0.0
  0
LINE
  5
8A9
330
17
100
AcDbEntity
  8
FIAÇÃO_COMERCIAL
100
AcDbLine
 10
-45242.041209520285
 20
56425.37825376967
 30
0.0
 11
-45242.00420571676
 21
56425.36306434819
 31
0.0
  0
LINE
  5
8AA
330
17
100
AcDbEntity
  8
FIAÇÃO_COMERCIAL
100
AcDbLine
 10
-45242.211892593565
 20
56425.27415062197
 30
0.0
 11
-45242.15415615555
 21
56425.42337027123
 31
0.0
  0
LINE
  5
8AB
330
17
100
AcDbEntity
  8
FIAÇÃO_COMERCIAL
100
AcDbLine
 10
-45242.12617747131
 20
56425.412544689105
 30
0.0
 11
-45242.182134839786
 21
56425.434195853355
 31
0.0
  0
TEXT
  5
8AC
330
17
100
AcDbEntity
  8
FIAÇÃO_COMERCIAL
100
AcDbText
 10
-45241.55800607077
 20
56425.187631610715
 30
0.0
 40
0.06
  1
2#1.5
 50
62.44142458245912
 11
-45241.55800607077
 21
56425.187631610715
 31
0.0
100
AcDbText
 73
2
  0
TEXT
  5
8AD
330
17
100
AcDbEntity
  8
FIAÇÃO_COMERCIAL
100
AcDbText
 10
-45241.659790213234
 20
56424.992593182855
 30
0.0
 40
0.06
  1
03
 50
62.44142458245912
 72
2
 11
-45241.659790213234
 21
56424.992593182855
 31
0.0
100
AcDbText
 73
2
  0
TEXT
  5
8AE
330
17
100
AcDbEntity
  8
FIAÇÃO_COMERCIAL
100
AcDbText
 10
-45241.695122735284
 20
56425.25629713793
 30
0.0
 40
0.06
  1
1#1.5
 50
64.1885156655863
 11
-45241.695122735284
 21
56425.25629713793
 31
0.0
100
AcDbText
 73
2
  0
TEXT
  5
8AF
330
17
100
AcDbEntity
  8
FIAÇÃO_COMERCIAL
100
AcDbText
 10
-45241.79091327629
 20
56425.05824620445
 30
0.0
 40
0.06
  1
03a
 50
64.1885156655863
 72
2
 11
-45241.79091327629
 21
56425.05824620445
 31
0.0
100
AcDbText
 73
2
  0
TEXT
  5
8B0
330
17
100
AcDbEntity
  8
FIAÇÃO_COMERCIAL
100
AcDbText
 10
-45241.83298988664
 20
56425.32084909285
 30
0.0
 40
0.06
  1
2#2.5
 50
65.35324306999308
 11
-45241.83298988664
 21
56425.32084909285
 31
0.0
100
AcDbText
 73
2
  0
TEXT
  5
8B1
330
17
100
AcDbEntity
  8
FIAÇÃO_COMERCIAL
100
AcDbText
 10
-45241.924734868975
 20
56425.1208919519
 30
0.0
 40
0.06
  1
42
 50
65.35324306999308
 72
2
 11
-45241.924734868975
 21
56425.1208919519
 31
0.0
100
AcDbText
 73
2
  0
TEXT
  5
8B2
330
17
100
AcDbEntity
  8
FIAÇÃO_COMERCIAL
100
AcDbText
 10
-45242.00109851961
 20
56425.394025471425
 30
0.0
 40
0.06
  1
2#1.5
 50
67.1003341548927
 11
-45242.00109851961
 21
56425.394025471425
 31
0.0
100
AcDbText
 73
2
  0
TEXT
  5
8B3
330
17
100
AcDbEntity
  8
FIAÇÃO_COMERCIAL
100
AcDbText
 10
-45242.0867046067
 20
56425.19136418293
 30
0.0
 40
0.06
  1
43
 50
67.1003341548927
 72
2
 11
-45242.0867046067
 21
56425.19136418293
 31
0.0
100
AcDbText
 73
2
  0
TEXT
  5
8B4
330
17
100
AcDbEntity
  8
FIAÇÃO_COMERCIAL
100
AcDbText
 10
-45242.143330573424
 20
56425.45134895547
 30
0.0
 40
0.06
  1
1#2.5
 50
68.84742520865944
 11
-45242.143330573424
 21
56425.45134895547
 31
0.0
100
AcDbText
 73
2
  0
LINE
  5
8B5
330
17
100
AcDbEntity
  8
FIAÇÃO_COMERCIAL
100
AcDbLine
 10
-45229.226640991976
 20
56419.725364359736
 30
0.0
 11
-45229.1926303968
 21
56419.881707825916
 31
0.0
  0
LINE
  5
8B6
330
17
100
AcDbEntity
  8
FIAÇÃO_COMERCIAL
100
AcDbLine
 10
-45229.284225881274
 20
56419.737459247044
 30
0.0
 11
-45229.25248203524
 21
56419.89427865986
 31
0.0
  0
LINE
  5
8B7
330
17
100
AcDbEntity
  8
FIAÇÃO_COMERCIAL
100
AcDbLine
 10
-45229.25248203524
 20
56419.89427865986
 30
0.0
 11
-45229.21327718203
 21
56419.88634269836
 31
0.0
  0
LINE
  5
8B8
330
17
100
AcDbEntity
  8
FIAÇÃO_COMERCIAL
100
AcDbLine
 10
-45229.38629407047
 20
56419.83798490582
 30
0.0
 11
-45229.37269863646
 21
56419.91682121835
 31
0.0
  0
LINE
  5
8B9
330
17
100
AcDbEntity
  8
FIAÇÃO_COMERCIAL
100
AcDbLine
 10
-45229.44549132863
 20
56419.847763386424
 30
0.0
 11
-45229.433038532195
 21
56419.926788242396
 31
0.0
  0
LINE
  5
8BA
330
17
100
AcDbEntity
  8
FIAÇÃO_COMERCIAL
100
AcDbLine
 10
-45229.50482360844
 20
56419.856686092244
 30
0.0
 11
-45229.493516059134
 21
56419.93588293138
 31
0.0
  0
LINE
  5
8BB
330
17
100
AcDbEntity
  8
FIAÇÃO_COMERCIAL
100
AcDbLine
 10
-45229.63285391186
 20
56419.79246593288
 30
0.0
 11
-45229.61483353809
 21
56419.951447900814
 31
0.0
  0
LINE
  5
8BC
330
17
100
AcDbEntity
  8
FIAÇÃO_COMERCIAL
100
AcDbLine
 10
-45229.5850244191
 20
56419.94806908073
 30
0.0
 11
-45229.644642657084
 21
56419.954826720896
 31
0.0
  0
TEXT
  5
8BD
330
17
100
AcDbEntity
  8
FIAÇÃO_COMERCIAL
100
AcDbText
 10
-45229.21561254214
 20
56419.91718865614
 30
0.0
 40
0.06
  1
2#2.5
 50
77.72721817823046
 11
-45229.21561254214
 21
56419.91718865614
 31
0.0
100
AcDbText
 73
2
  0
TEXT
  5
8BE
330
17
100
AcDbEntity
  8
FIAÇÃO_COMERCIAL
100
AcDbText
 10
-45229.262377110506
 20
56419.70221639014
 30
0.0
 40
0.06
  1
04
 50
77.72721817823046
 72
2
 11
-45229.262377110506
 21
56419.70221639014
 31
0.0
100
AcDbText
 73
2
  0
TEXT
  5
8BF
330
17
100
AcDbEntity
  8
FIAÇÃO_COMERCIAL
100
AcDbText
 10
-45229.42684261409
 20
56419.955878057895
 30
0.0
 40
0.06
  1
3#2.5
 50
80.21549938167823
 11
-45229.42684261409
 21
56419.955878057895
 31
0.0
100
AcDbText
 73
2
  0
TEXT
  5
8C0
330
17
100
AcDbEntity
  8
FIAÇÃO_COMERCIAL
100
AcDbText
 10
-45229.46423005761
 20
56419.73907819843
 30
0.0
 40
0.06
  1
04a
 50
80.21549938167823
 72
2
 11
-45229.46423005761
 21
56419.73907819843
 31
0.0
100
AcDbText
 73
2
  0
TEXT
  5
8C1
330
17
100
AcDbEntity
  8
FIAÇÃO_COMERCIAL
100
AcDbText
 10
-45229.61145471801
 20
56419.981257019805
 30
0.0
 40
0.06
  1
1#2.5
 50
83.5332077405038
 11
-45229.61145471801
 21
56419.981257019805
 31
0.0
100
AcDbText
 73
2
  0
LINE
  5
8C2
330
17
100
AcDbEntity
  8
FIAÇÃO_COMERCIAL
100
AcDbLine
 10
-45218.248565182395
 20
56426.21700817885
 30
0.0
 11
-45218.242830487725
 21
56426.05711098289
 31
0.0
  0
LINE
  5
8C3
330
17
100
AcDbEntity
  8
FIAÇÃO_COMERCIAL
100
AcDbLine
 10
-45218.242830487725
 20
56426.05711098289
 30
0.0
 11
-45218.282804786715
 21
56426.05567730922
 31
0.0
  0
LINE
  5
8C4
330
17
100
AcDbEntity
  8
FIAÇÃO_COMERCIAL
100
AcDbLine
 10
-45218.12580010322
 20
56426.142000625936
 30
0.0
 11
-45218.12213306557
 21
56426.06208471491
 31
0.0
  0
LINE
  5
8C5
330
17
100
AcDbEntity
  8
FIAÇÃO_COMERCIAL
100
AcDbLine
 10
-45218.06587125823
 20
56426.14492056034
 30
0.0
 11
-45218.061804508056
 21
56426.06502399256
 31
0.0
  0
LINE
  5
8C6
330
17
100
AcDbEntity
  8
FIAÇÃO_COMERCIAL
100
AcDbLine
 10
-45218.00595775702
 20
56426.148140007885
 30
0.0
 11
-45218.00149139612
 21
56426.06826478256
 31
0.0
  0
LINE
  5
8C7
330
17
100
AcDbEntity
  8
FIAÇÃO_COMERCIAL
100
AcDbLine
 10
-45217.89144801029
 20
56426.2353036581
 30
0.0
 11
-45217.88091753596
 21
56426.075650568215
 31
0.0
  0
LINE
  5
8C8
330
17
100
AcDbEntity
  8
FIAÇÃO_COMERCIAL
100
AcDbLine
 10
-45217.91085249031
 20
56426.07367610428
 30
0.0
 11
-45217.8509825816
 21
56426.07762503215
 31
0.0
  0
TEXT
  5
8C9
330
17
100
AcDbEntity
  8
FIAÇÃO_COMERCIAL
100
AcDbText
 10
-45218.24175523247
 20
56426.02713025865
 30
0.0
 40
0.06
  1
1#1.5
 50
-87.9459738005364
 11
-45218.24175523247
 21
56426.02713025865
 31
0.0
100
AcDbText
 73
2
  0
TEXT
  5
8CA
330
17
100
AcDbEntity
  8
FIAÇÃO_COMERCIAL
100
AcDbText
 10
-45218.24964043765
 20
56426.24698890309
 30
0.0
 40
0.06
  1
43
 50
-87.9459738005364
 72
2
 11
-45218.24964043765
 21
56426.24698890309
 31
0.0
100
AcDbText
 73
2
  0
TEXT
  5
8CB
330
17
100
AcDbEntity
  8
FIAÇÃO_COMERCIAL
100
AcDbText
 10
-45218.06083419605
 20
56426.0351360204
 30
0.0
 40
0.06
  1
3#1.5
 50
-87.37275716643781
 11
-45218.06083419605
 21
56426.0351360204
 31
0.0
100
AcDbText
 73
2
  0
TEXT
  5
8CC
330
17
100
AcDbEntity
  8
FIAÇÃO_COMERCIAL
100
AcDbText
 10
-45218.070918549594
 20
56426.25490477571
 30
0.0
 40
0.06
  1
43b
 50
-87.37275716643781
 72
2
 11
-45218.070918549594
 21
56426.25490477571
 31
0.0
100
AcDbText
 73
2
  0
TEXT
  5
8CD
330
17
100
AcDbEntity
  8
FIAÇÃO_COMERCIAL
100
AcDbText
 10
-45217.87894307202
 20
56426.04571561386
 30
0.0
 40
0.06
  1
1#1.5
 50
-86.22632391058235
 11
-45217.87894307202
 21
56426.04571561386
 31
0.0
100
AcDbText
 73
2
  0
LINE
  5
8CE
330
17
100
AcDbEntity
  8
FIAÇÃO_COMERCIAL
100
AcDbLine
 10
-45214.13493077257
 20
56442.23276087622
 30
0.0
 11
-45214.07079012998
 21
56442.37934183668
 31
0.0
  0
LINE
  5
8CF
330
17
100
AcDbEntity
  8
FIAÇÃO_COMERCIAL
100
AcDbLine
 10
-45214.07869133191
 20
56442.20865616715
 30
0.0
 11
-45214.01673459529
 21
56442.35617349762
 31
0.0
  0
LINE
  5
8D0
330
17
100
AcDbEntity
  8
FIAÇÃO_COMERCIAL
100
AcDbLine
 10
-45214.01673459529
 20
56442.35617349762
 30
0.0
 11
-45214.0536139279
 21
56442.37166268178
 31
0.0
  0
LINE
  5
8D1
330
17
100
AcDbEntity
  8
FIAÇÃO_COMERCIAL
100
AcDbLine
 10
-45213.96517309053
 20
56442.16295676523
 30
0.0
 11
-45213.907624675994
 21
56442.312249028866
 31
0.0
  0
LINE
  5
8D2
330
17
100
AcDbEntity
  8
FIAÇÃO_COMERCIAL
100
AcDbLine
 10
-45213.90791915523
 20
56442.14137208251
 30
0.0
 11
-45213.85259418462
 21
56442.29150251788
 31
0.0
  0
LINE
  5
8D3
330
17
100
AcDbEntity
  8
FIAÇÃO_COMERCIAL
100
AcDbLine
 10
-45213.85259418462
 20
56442.29150251788
 30
0.0
 11
-45213.89012679346
 21
56442.30533376054
 31
0.0
  0
LINE
  5
8D4
330
17
100
AcDbEntity
  8
FIAÇÃO_COMERCIAL
100
AcDbLine
 10
-45213.7924843584
 20
56442.100756392545
 30
0.0
 11
-45213.74164238919
 21
56442.252463657256
 31
0.0
  0
LINE
  5
8D5
330
17
100
AcDbEntity
  8
FIAÇÃO_COMERCIAL
100
AcDbLine
 10
-45213.770087501325
 20
56442.26199652648
 30
0.0
 11
-45213.71319727706
 21
56442.24293078803
 31
0.0
  0
TEXT
  5
8D6
330
17
100
AcDbEntity
  8
FIAÇÃO_COMERCIAL
100
AcDbText
 10
-45214.03119001566
 20
56442.39500750474
 30
0.0
 40
0.06
  1
2#2.5
 50
66.36685847155209
 11
-45214.03119001566
 21
56442.39500750474
 31
0.0
100
AcDbText
 73
2
  0
TEXT
  5
8D7
330
17
100
AcDbEntity
  8
FIAÇÃO_COMERCIAL
100
AcDbText
 10
-45214.11938339921
 20
56442.1934586841
 30
0.0
 40
0.06
  1
07
 50
66.36685847155209
 72
2
 11
-45214.11938339921
 21
56442.1934586841
 31
0.0
100
AcDbText
 73
2
  0
TEXT
  5
8D8
330
17
100
AcDbEntity
  8
FIAÇÃO_COMERCIAL
100
AcDbText
 10
-45213.8687632416
 20
56442.32965852988
 30
0.0
 40
0.06
  1
2#2.5
 50
68.91960290037127
 11
-45213.8687632416
 21
56442.32965852988
 31
0.0
100
AcDbText
 73
2
  0
TEXT
  5
8D9
330
17
100
AcDbEntity
  8
FIAÇÃO_COMERCIAL
100
AcDbText
 10
-45213.94789231158
 20
56442.12438166737
 30
0.0
 40
0.06
  1
30
 50
68.91960290037127
 72
2
 11
-45213.94789231158
 21
56442.12438166737
 31
0.0
100
AcDbText
 73
2
  0
TEXT
  5
8DA
330
17
100
AcDbEntity
  8
FIAÇÃO_COMERCIAL
100
AcDbText
 10
-45213.732109519966
 20
56442.28090876939
 30
0.0
 40
0.06
  1
1#2.5
 50
71.4723474172992
 11
-45213.732109519966
 21
56442.28090876939
 31
0.0
100
AcDbText
 73
2
  0
LINE
  5
8DB
330
17
100
AcDbEntity
  8
FIAÇÃO_COMERCIAL
100
AcDbLine
 10
-45213.759920324825
 20
56446.90894918658
 30
0.0
 11
-45213.72981669377
 21
56446.7518066672
 31
0.0
  0
LINE
  5
8DC
330
17
100
AcDbEntity
  8
FIAÇÃO_COMERCIAL
100
AcDbLine
 10
-45213.81997232029
 20
56446.896951134564
 30
0.0
 11
-45213.78743771485
 21
56446.7402938671
 31
0.0
  0
LINE
  5
8DD
330
17
100
AcDbEntity
  8
FIAÇÃO_COMERCIAL
100
AcDbLine
 10
-45213.78743771485
 20
56446.7402938671
 30
0.0
 11
-45213.748273397985
 21
56446.74842751846
 31
0.0
  0
LINE
  5
8DE
330
17
100
AcDbEntity
  8
FIAÇÃO_COMERCIAL
100
AcDbLine
 10
-45213.93948551423
 20
56446.870183884785
 30
0.0
 11
-45213.902112970914
 21
56446.71460980917
 31
0.0
  0
LINE
  5
8DF
330
17
100
AcDbEntity
  8
FIAÇÃO_COMERCIAL
100
AcDbLine
 10
-45213.99891828409
 20
56446.85542105417
 30
0.0
 11
-45213.9591399385
 21
56446.70044465847
 31
0.0
  0
LINE
  5
8E0
330
17
100
AcDbEntity
  8
FIAÇÃO_COMERCIAL
100
AcDbLine
 10
-45213.9591399385
 20
56446.70044465847
 30
0.0
 11
-45213.92039583958
 21
56446.710389244865
 31
0.0
  0
LINE
  5
8E1
330
17
100
AcDbEntity
  8
FIAÇÃO_COMERCIAL
100
AcDbLine
 10
-45214.117065486316
 20
56446.82315453885
 30
0.0
 11
-45214.07250475705
 21
56446.669484953665
 31
0.0
  0
LINE
  5
8E2
330
17
100
AcDbEntity
  8
FIAÇÃO_COMERCIAL
100
AcDbLine
 10
-45214.043691709834
 20
56446.6778400904
 30
0.0
 11
-45214.10131780427
 21
56446.66112981693
 31
0.0
  0
TEXT
  5
8E3
330
17
100
AcDbEntity
  8
FIAÇÃO_COMERCIAL
100
AcDbText
 10
-45213.75359051709
 20
56446.716464731784
 30
0.0
 40
0.06
  1
2#2.5
 50
-79.1552945618757
 11
-45213.75359051709
 21
56446.716464731784
 31
0.0
100
AcDbText
 73
2
  0
TEXT
  5
8E4
330
17
100
AcDbEntity
  8
FIAÇÃO_COMERCIAL
100
AcDbText
 10
-45213.794983009786
 20
56446.93253569593
 30
0.0
 40
0.06
  1
07
 50
-79.1552945618757
 72
2
 11
-45213.794983009786
 21
56446.93253569593
 31
0.0
100
AcDbText
 73
2
  0
TEXT
  5
8E5
330
17
100
AcDbEntity
  8
FIAÇÃO_COMERCIAL
100
AcDbText
 10
-45213.9242205534
 20
56446.67820767466
 30
0.0
 40
0.06
  1
2#2.5
 50
-76.49216111999337
 11
-45213.9242205534
 21
56446.67820767466
 31
0.0
100
AcDbText
 73
2
  0
TEXT
  5
8E6
330
17
100
AcDbEntity
  8
FIAÇÃO_COMERCIAL
100
AcDbText
 10
-45213.975607800465
 20
56446.89212202864
 30
0.0
 40
0.06
  1
30
 50
-76.49216111999337
 72
2
 11
-45213.975607800465
 21
56446.89212202864
 31
0.0
100
AcDbText
 73
2
  0
TEXT
  5
8E7
330
17
100
AcDbEntity
  8
FIAÇÃO_COMERCIAL
100
AcDbText
 10
-45214.06414962032
 20
56446.64067190645
 30
0.0
 40
0.06
  1
1#2.5
 50
-73.82902768949491
 11
-45214.06414962032
 21
56446.64067190645
 31
0.0
100
AcDbText
 73
2
  0
LINE
  5
8E8
330
17
100
AcDbEntity
  8
FIAÇÃO_COMERCIAL
100
AcDbLine
 10
-45235.87816287504
 20
56426.4301522693
 30
0.0
 11
-45235.71967495012
 21
56426.40820739165
 31
0.0
  0
LINE
  5
8E9
330
17
100
AcDbEntity
  8
FIAÇÃO_COMERCIAL
100
AcDbLine
 10
-45235.87085158689
 20
56426.48800496822
 30
0.0
 11
-45235.71193639036
 21
56426.46940495987
 31
0.0
  0
LINE
  5
8EA
330
17
100
AcDbEntity
  8
FIAÇÃO_COMERCIAL
100
AcDbLine
 10
-45235.71193639036
 20
56426.46940495987
 30
0.0
 11
-45235.71658639245
 21
56426.42967616073
 31
0.0
  0
LINE
  5
8EB
330
17
100
AcDbEntity
  8
FIAÇÃO_COMERCIAL
100
AcDbLine
 10
-45235.85988606112
 20
56426.60410755205
 30
0.0
 11
-45235.70032823516
 21
56426.592220577106
 31
0.0
  0
LINE
  5
8EC
330
17
100
AcDbEntity
  8
FIAÇÃO_COMERCIAL
100
AcDbLine
 10
-45235.70255704296
 20
56426.56230348474
 30
0.0
 11
-45235.698099427354
 21
56426.622137669474
 31
0.0
  0
TEXT
  5
8ED
330
17
100
AcDbEntity
  8
FIAÇÃO_COMERCIAL
100
AcDbText
 10
-45235.68619600223
 20
56426.43385529388
 30
0.0
 40
0.06
  1
2#2.5
 50
-7.883279688118746
 11
-45235.68619600223
 21
56426.43385529388
 31
0.0
100
AcDbText
 73
2
  0
TEXT
  5
8EE
330
17
100
AcDbEntity
  8
FIAÇÃO_COMERCIAL
100
AcDbText
 10
-45235.904116898986
 20
56426.46402950063
 30
0.0
 40
0.06
  1
11
 50
-7.883279688118746
 72
2
 11
-45235.904116898986
 21
56426.46402950063
 31
0.0
100
AcDbText
 73
2
  0
TEXT
  5
8EF
330
17
100
AcDbEntity
  8
FIAÇÃO_COMERCIAL
100
AcDbText
 10
-45235.67041114279
 20
56426.5899917693
 30
0.0
 40
0.06
  1
1#2.5
 50
-4.260634949534157
 11
-45235.67041114279
 21
56426.5899917693
 31
0.0
100
AcDbText
 73
2
  0
LINE
  5
8F0
330
17
100
AcDbEntity
  8
FIAÇÃO_COMERCIAL
100
AcDbLine
 10
-45218.46187706457
 20
56424.19275826085
 30
0.0
 11
-45218.30220152345
 21
56424.20294263946
 31
0.0
  0
LINE
  5
8F1
330
17
100
AcDbEntity
  8
FIAÇÃO_COMERCIAL
100
AcDbLine
 10
-45218.46602846343
 20
56424.251435120335
 30
0.0
 11
-45218.30651986589
 21
56424.263965376194
 31
0.0
  0
LINE
  5
8F2
330
17
100
AcDbEntity
  8
FIAÇÃO_COMERCIAL
100
AcDbLine
 10
-45218.30651986589
 20
56424.263965376194
 30
0.0
 11
-45218.30338730192
 21
56424.22408822681
 31
0.0
  0
LINE
  5
8F3
330
17
100
AcDbEntity
  8
FIAÇÃO_COMERCIAL
100
AcDbLine
 10
-45218.47691008237
 20
56424.368574689935
 30
0.0
 11
-45218.317838716415
 21
56424.3857880723
 31
0.0
  0
LINE
  5
8F4
330
17
100
AcDbEntity
  8
FIAÇÃO_COMERCIAL
100
AcDbLine
 10
-45218.31461120722
 20
56424.355962191185
 30
0.0
 11
-45218.32106622561
 21
56424.41561395342
 31
0.0
  0
TEXT
  5
8F5
330
17
100
AcDbEntity
  8
FIAÇÃO_COMERCIAL
100
AcDbText
 10
-45218.27437979481
 20
56424.23477710951
 30
0.0
 40
0.06
  1
2#2.5
 50
3.649479167850311
 11
-45218.27437979481
 21
56424.23477710951
 31
0.0
100
AcDbText
 73
2
  0
TEXT
  5
8F6
330
17
100
AcDbEntity
  8
FIAÇÃO_COMERCIAL
100
AcDbText
 10
-45218.493933663856
 20
56424.22077358891
 30
0.0
 40
0.06
  1
41
 50
3.649479167850311
 72
2
 11
-45218.493933663856
 21
56424.22077358891
 31
0.0
100
AcDbText
 73
2
  0
TEXT
  5
8F7
330
17
100
AcDbEntity
  8
FIAÇÃO_COMERCIAL
100
AcDbText
 10
-45218.2880128353
 20
56424.389015581495
 30
0.0
 40
0.06
  1
1#2.5
 50
6.176041640891495
 11
-45218.2880128353
 21
56424.389015581495
 31
0.0
100
AcDbText
 73
2
  0
LINE
  5
8F8
330
17
100
AcDbEntity
  8
FIAÇÃO_COMERCIAL
100
AcDbLine
 10
-45229.496976645714
 20
56419.250633234136
 30
0.0
 11
-45229.36811170134
 21
56419.34546901912
 31
0.0
  0
LINE
  5
8F9
330
17
100
AcDbEntity
  8
FIAÇÃO_COMERCIAL
100
AcDbLine
 10
-45229.505218161336
 20
56419.393535760784
 30
0.0
 11
-45229.44229404063
 21
56419.44293773476
 31
0.0
  0
LINE
  5
8FA
330
17
100
AcDbEntity
  8
FIAÇÃO_COMERCIAL
100
AcDbLine
 10
-45229.54266169258
 20
56419.44041759362
 30
0.0
 11
-45229.48051474376
 21
56419.490793746234
 31
0.0
  0
TEXT
  5
8FB
330
17
100
AcDbEntity
  8
FIAÇÃO_COMERCIAL
100
AcDbText
 10
-45229.307706258674
 20
56419.38992329333
 30
0.0
 40
0.06
  1
1#2.5
 72
1
 11
-45229.307706258674
 21
56419.38992329333
 31
0.0
100
AcDbText
 73
2
  0
TEXT
  5
8FC
330
17
100
AcDbEntity
  8
FIAÇÃO_COMERCIAL
100
AcDbText
 10
-45229.55738208838
 20
56419.206178959925
 30
0.0
 40
0.06
  1
04
 72
1
 11
-45229.55738208838
 21
56419.206178959925
 31
0.0
100
AcDbText
 73
2
  0
TEXT
  5
8FD
330
17
100
AcDbEntity
  8
FIAÇÃO_COMERCIAL
100
AcDbText
 10
-45229.402024443094
 20
56419.512693001794
 30
0.0
 40
0.06
  1
2#2.5
 72
1
 11
-45229.402024443094
 21
56419.512693001794
 31
0.0
100
AcDbText
 73
2
  0
TEXT
  5
8FE
330
17
100
AcDbEntity
  8
FIAÇÃO_COMERCIAL
100
AcDbText
 10
-45229.64585541083
 20
56419.32126035261
 30
0.0
 40
0.06
  1
04a
 72
1
 11
-45229.64585541083
 21
56419.32126035261
 31
0.0
100
AcDbText
 73
2
  0
LINE
  5
8FF
330
17
100
AcDbEntity
  8
FIAÇÃO_COMERCIAL
100
AcDbLine
 10
-45232.16343993463
 20
56425.526168858814
 30
0.0
 11
-45232.137301359595
 21
56425.684019341534
 31
0.0
  0
LINE
  5
900
330
17
100
AcDbEntity
  8
FIAÇÃO_COMERCIAL
100
AcDbLine
 10
-45232.221267838286
 20
56425.53526319001
 30
0.0
 11
-45232.198015280264
 21
56425.693564543595
 31
0.0
  0
LINE
  5
901
330
17
100
AcDbEntity
  8
FIAÇÃO_COMERCIAL
100
AcDbLine
 10
-45232.198015280264
 20
56425.693564543595
 30
0.0
 11
-45232.15843994187
 21
56425.68775140409
 31
0.0
  0
LINE
  5
902
330
17
100
AcDbEntity
  8
FIAÇÃO_COMERCIAL
100
AcDbLine
 10
-45232.33737117437
 20
56425.55029596666
 30
0.0
 11
-45232.319912935905
 21
56425.70934064564
 31
0.0
  0
LINE
  5
903
330
17
100
AcDbEntity
  8
FIAÇÃO_COMERCIAL
100
AcDbLine
 10
-45232.290092058596
 20
56425.706067225925
 30
0.0
 11
-45232.349733813215
 21
56425.712614065356
 31
0.0
  0
TEXT
  5
904
330
17
100
AcDbEntity
  8
FIAÇÃO_COMERCIAL
100
AcDbText
 10
-45232.16203583286
 20
56425.71827619036
 30
0.0
 40
0.06
  1
2#2.5
 50
80.59766931694156
 11
-45232.16203583286
 21
56425.71827619036
 31
0.0
100
AcDbText
 73
2
  0
TEXT
  5
905
330
17
100
AcDbEntity
  8
FIAÇÃO_COMERCIAL
100
AcDbText
 10
-45232.197976373536
 20
56425.501231776616
 30
0.0
 40
0.06
  1
06
 50
80.59766931694156
 72
2
 11
-45232.197976373536
 21
56425.501231776616
 31
0.0
100
AcDbText
 73
2
  0
TEXT
  5
906
330
17
100
AcDbEntity
  8
FIAÇÃO_COMERCIAL
100
AcDbText
 10
-45232.31663951619
 20
56425.73916152294
 30
0.0
 40
0.06
  1
1#2.5
 50
83.7357564693944
 11
-45232.31663951619
 21
56425.73916152294
 31
0.0
100
AcDbText
 73
2
  0
LINE
  5
907
330
17
100
AcDbEntity
  8
FIAÇÃO_COMERCIAL
100
AcDbLine
 10
-45215.344856503405
 20
56418.575919553354
 30
0.0
 11
-45215.1870584705
 21
56418.549466182805
 31
0.0
  0
LINE
  5
908
330
17
100
AcDbEntity
  8
FIAÇÃO_COMERCIAL
100
AcDbLine
 10
-45215.35453226295
 20
56418.51548932881
 30
0.0
 11
-45215.19635503311
 21
56418.49140688787
 31
0.0
  0
LINE
  5
909
330
17
100
AcDbEntity
  8
FIAÇÃO_COMERCIAL
100
AcDbLine
 10
-45215.19635503311
 20
56418.49140688787
 30
0.0
 11
-45215.19033442288
 21
56418.53095119533
 31
0.0
  0
LINE
  5
90A
330
17
100
AcDbEntity
  8
FIAÇÃO_COMERCIAL
100
AcDbLine
 10
-45215.37115823846
 20
56418.394227368546
 30
0.0
 11
-45215.21232955628
 21
56418.37490252144
 31
0.0
  0
LINE
  5
90B
330
17
100
AcDbEntity
  8
FIAÇÃO_COMERCIAL
100
AcDbLine
 10
-45215.208706147445
 20
56418.40468289935
 30
0.0
 11
-45215.21595296511
 21
56418.34512214353
 31
0.0
  0
TEXT
  5
90C
330
17
100
AcDbEntity
  8
FIAÇÃO_COMERCIAL
100
AcDbText
 10
-45215.16221441987
 20
56418.51488379596
 30
0.0
 40
0.06
  1
2#2.5
 50
-9.516612533193541
 11
-45215.16221441987
 21
56418.51488379596
 31
0.0
100
AcDbText
 73
2
  0
TEXT
  5
90D
330
17
100
AcDbEntity
  8
FIAÇÃO_COMERCIAL
100
AcDbText
 10
-45215.37918671511
 20
56418.55125718046
 30
0.0
 40
0.06
  1
41
 50
-9.516612533193541
 72
2
 11
-45215.37918671511
 21
56418.55125718046
 31
0.0
100
AcDbText
 73
2
  0
TEXT
  5
90E
330
17
100
AcDbEntity
  8
FIAÇÃO_COMERCIAL
100
AcDbText
 10
-45215.18254917837
 20
56418.371279112616
 30
0.0
 40
0.06
  1
1#2.5
 50
-6.937137710435056
 11
-45215.18254917837
 21
56418.371279112616
 31
0.0
100
AcDbText
 73
2
  0
LINE
  5
90F
330
17
100
AcDbEntity
  8
FIAÇÃO_COMERCIAL
100
AcDbLine
 10
-45220.724345470364
 20
56426.42718018213
 30
0.0
 11
-45220.67171336756
 21
56426.57827572063
 31
0.0
  0
LINE
  5
910
330
17
100
AcDbEntity
  8
FIAÇÃO_COMERCIAL
100
AcDbLine
 10
-45220.66727432797
 20
56426.40746969897
 30
0.0
 11
-45220.61535865488
 21
56426.558812894684
 31
0.0
  0
LINE
  5
911
330
17
100
AcDbEntity
  8
FIAÇÃO_COMERCIAL
100
AcDbLine
 10
-45220.61535865488
 20
56426.558812894684
 30
0.0
 11
-45220.65319445381
 21
56426.57179181295
 31
0.0
  0
LINE
  5
912
330
17
100
AcDbEntity
  8
FIAÇÃO_COMERCIAL
100
AcDbLine
 10
-45220.55285519618
 20
56426.36886070696
 30
0.0
 11
-45220.502375862336
 21
56426.520689020705
 31
0.0
  0
LINE
  5
913
330
17
100
AcDbEntity
  8
FIAÇÃO_COMERCIAL
100
AcDbLine
 10
-45220.530843671164
 20
56426.5301538958
 30
0.0
 11
-45220.47390805351
 21
56426.51122414561
 31
0.0
  0
TEXT
  5
914
330
17
100
AcDbEntity
  8
FIAÇÃO_COMERCIAL
100
AcDbText
 10
-45220.63348838452
 20
56426.59681280683
 30
0.0
 40
0.06
  1
2#2.5
 50
70.7949038590313
 11
-45220.63348838452
 21
56426.59681280683
 31
0.0
100
AcDbText
 73
2
  0
TEXT
  5
915
330
17
100
AcDbEntity
  8
FIAÇÃO_COMERCIAL
100
AcDbText
 10
-45220.70585752586
 20
56426.38905644138
 30
0.0
 40
0.06
  1
11
 50
70.7949038590313
 72
2
 11
-45220.70585752586
 21
56426.38905644138
 31
0.0
100
AcDbText
 73
2
  0
TEXT
  5
916
330
17
100
AcDbEntity
  8
FIAÇÃO_COMERCIAL
100
AcDbText
 10
-45220.49291098724
 20
56426.54915682953
 30
0.0
 40
0.06
  1
1#2.5
 50
71.60925041960569
 11
-45220.49291098724
 21
56426.54915682953
 31
0.0
100
AcDbText
 73
2
  0
LINE
  5
917
330
17
100
AcDbEntity
  8
FIAÇÃO_COMERCIAL
100
AcDbLine
 10
-45232.48164141394
 20
56426.43014577445
 30
0.0
 11
-45232.323137395324
 21
56426.40831744238
 31
0.0
  0
LINE
  5
918
330
17
100
AcDbEntity
  8
FIAÇÃO_COMERCIAL
100
AcDbLine
 10
-45232.4743725486
 20
56426.48800381865
 30
0.0
 11
-45232.31544371807
 21
56426.46952066886
 31
0.0
  0
LINE
  5
919
330
17
100
AcDbEntity
  8
FIAÇÃO_COMERCIAL
100
AcDbLine
 10
-45232.31544371807
 20
56426.46952066886
 30
0.0
 11
-45232.32006450552
 21
56426.42978846123
 31
0.0
  0
LINE
  5
91A
330
17
100
AcDbEntity
  8
FIAÇÃO_COMERCIAL
100
AcDbLine
 10
-45232.46349249838
 20
56426.604114442016
 30
0.0
 11
-45232.3039259748
 21
56426.59234479668
 31
0.0
  0
LINE
  5
91B
330
17
100
AcDbEntity
  8
FIAÇÃO_COMERCIAL
100
AcDbLine
 10
-45232.3061327833
 20
56426.562426073506
 30
0.0
 11
-45232.301719166295
 21
56426.62226351985
 31
0.0
  0
TEXT
  5
91C
330
17
100
AcDbEntity
  8
FIAÇÃO_COMERCIAL
100
AcDbText
 10
-45232.28967725618
 20
56426.43398994779
 30
0.0
 40
0.06
  1
2#2.5
 50
-7.841148843547953
 11
-45232.28967725618
 21
56426.43398994779
 31
0.0
100
AcDbText
 73
2
  0
TEXT
  5
91D
330
17
100
AcDbEntity
  8
FIAÇÃO_COMERCIAL
100
AcDbText
 10
-45232.50762028179
 20
56426.46400390439
 30
0.0
 40
0.06
  1
11
 50
-7.841148843547953
 72
2
 11
-45232.50762028179
 21
56426.46400390439
 31
0.0
100
AcDbText
 73
2
  0
TEXT
  5
91E
330
17
100
AcDbEntity
  8
FIAÇÃO_COMERCIAL
100
AcDbText
 10
-45232.274007251624
 20
56426.59013798818
 30
0.0
 40
0.06
  1
1#2.5
 50
-4.218504091772844
 11
-45232.274007251624
 21
56426.59013798818
 31
0.0
100
AcDbText
 73
2
  0
LINE
  5
91F
330
17
100
AcDbEntity
  8
FIAÇÃO_COMERCIAL
100
AcDbLine
 10
-45222.30553496433
 20
56426.656406502196
 30
0.0
 11
-45222.45060604305
 21
56426.72389266464
 31
0.0
  0
LINE
  5
920
330
17
100
AcDbEntity
  8
FIAÇÃO_COMERCIAL
100
AcDbLine
 10
-45222.28004154572
 20
56426.71233976602
 30
0.0
 11
-45222.42632803715
 21
56426.77714919762
 31
0.0
  0
LINE
  5
921
330
17
100
AcDbEntity
  8
FIAÇÃO_COMERCIAL
100
AcDbLine
 10
-45222.42632803715
 20
56426.77714919762
 30
0.0
 11
-45222.44253039505
 21
56426.740577574754
 31
0.0
  0
LINE
  5
922
330
17
100
AcDbEntity
  8
FIAÇÃO_COMERCIAL
100
AcDbLine
 10
-45222.232237807504
 20
56426.82533159223
 30
0.0
 11
-45222.380624010446
 21
56426.885177517535
 31
0.0
  0
LINE
  5
923
330
17
100
AcDbEntity
  8
FIAÇÃO_COMERCIAL
100
AcDbLine
 10
-45222.39184512144
 20
56426.85735510448
 30
0.0
 11
-45222.36940289945
 21
56426.91299993059
 31
0.0
  0
TEXT
  5
924
330
17
100
AcDbEntity
  8
FIAÇÃO_COMERCIAL
100
AcDbText
 10
-45222.465364014184
 20
56426.763843769295
 30
0.0
 40
0.06
  1
2#2.5
 50
-24.947555526891392
 72
2
 11
-45222.465364014184
 21
56426.763843769295
 31
0.0
100
AcDbText
 73
2
  0
TEXT
  5
925
330
17
100
AcDbEntity
  8
FIAÇÃO_COMERCIAL
100
AcDbText
 10
-45222.26589128095
 20
56426.67105029593
 30
0.0
 40
0.06
  1
11
 50
-24.947555526891392
 11
-45222.26589128095
 21
56426.67105029593
 31
0.0
100
AcDbText
 73
2
  0
TEXT
  5
926
330
17
100
AcDbEntity
  8
FIAÇÃO_COMERCIAL
100
AcDbText
 10
-45222.4084464235
 20
56426.89639862853
 30
0.0
 40
0.06
  1
1#2.5
 50
-21.96480811056898
 72
2
 11
-45222.4084464235
 21
56426.89639862853
 31
0.0
100
AcDbText
 73
2
  0
LINE
  5
927
330
17
100
AcDbEntity
  8
FIAÇÃO_COMERCIAL
100
AcDbLine
 10
-45236.95088100729
 20
56425.072294647114
 30
0.0
 11
-45236.82281265182
 21
56425.16820343883
 31
0.0
  0
LINE
  5
928
330
17
100
AcDbEntity
  8
FIAÇÃO_COMERCIAL
100
AcDbLine
 10
-45236.986537506906
 20
56425.11937146162
 30
0.0
 11
-45236.85960932166
 21
56425.21678417018
 31
0.0
  0
LINE
  5
929
330
17
100
AcDbEntity
  8
FIAÇÃO_COMERCIAL
100
AcDbLine
 10
-45236.85960932166
 20
56425.21678417018
 30
0.0
 11
-45236.83525614452
 21
56425.18505212387
 31
0.0
  0
LINE
  5
92A
330
17
100
AcDbEntity
  8
FIAÇÃO_COMERCIAL
100
AcDbLine
 10
-45237.05949803125
 20
56425.21225165689
 30
0.0
 11
-45236.93490300433
 21
56425.31263133245
 31
0.0
  0
LINE
  5
92B
330
17
100
AcDbEntity
  8
FIAÇÃO_COMERCIAL
100
AcDbLine
 10
-45236.916081815165
 20
56425.2892697649
 30
0.0
 11
-45236.953724193496
 21
56425.33599289999
 31
0.0
  0
TEXT
  5
92C
330
17
100
AcDbEntity
  8
FIAÇÃO_COMERCIAL
100
AcDbText
 10
-45236.81691312753
 20
56425.210100723736
 30
0.0
 40
0.06
  1
2#4.0
 50
36.829081592586874
 11
-45236.81691312753
 21
56425.210100723736
 31
0.0
100
AcDbText
 73
2
  0
TEXT
  5
92D
330
17
100
AcDbEntity
  8
FIAÇÃO_COMERCIAL
100
AcDbText
 10
-45236.9930071163
 20
56425.07822613513
 30
0.0
 40
0.06
  1
10
 50
36.829081592586874
 72
2
 11
-45236.9930071163
 21
56425.07822613513
 31
0.0
100
AcDbText
 73
2
  0
TEXT
  5
92E
330
17
100
AcDbEntity
  8
FIAÇÃO_COMERCIAL
100
AcDbText
 10
-45236.91154143678
 20
56425.33145252161
 30
0.0
 40
0.06
  1
1#4.0
 50
38.85657003601941
 11
-45236.91154143678
 21
56425.33145252161
 31
0.0
100
AcDbText
 73
2
  0
LINE
  5
92F
330
17
100
AcDbEntity
  8
FIAÇÃO_COMERCIAL
100
AcDbLine
 10
-45236.68947634861
 20
56424.391878653434
 30
0.0
 11
-45236.7055456821
 21
56424.23268764703
 31
0.0
  0
LINE
  5
930
330
17
100
AcDbEntity
  8
FIAÇÃO_COMERCIAL
100
AcDbLine
 10
-45236.57779203803
 20
56424.30438211294
 30
0.0
 11
-45236.5806867533
 21
56424.22443450119
 31
0.0
  0
TEXT
  5
931
330
17
100
AcDbEntity
  8
FIAÇÃO_COMERCIAL
100
AcDbText
 10
-45236.708558682134
 20
56424.20283933333
 30
0.0
 40
0.06
  1
1#1.5
 50
84.23587566595349
 72
2
 11
-45236.708558682134
 21
56424.20283933333
 31
0.0
100
AcDbText
 73
2
  0
TEXT
  5
932
330
17
100
AcDbEntity
  8
FIAÇÃO_COMERCIAL
100
AcDbText
 10
-45236.68646334858
 20
56424.421726967135
 30
0.0
 40
0.06
  1
03
 50
84.23587566595349
 11
-45236.68646334858
 21
56424.421726967135
 31
0.0
100
AcDbText
 73
2
  0
TEXT
  5
933
330
17
100
AcDbEntity
  8
FIAÇÃO_COMERCIAL
100
AcDbText
 10
-45236.58177227154
 20
56424.19445414679
 30
0.0
 40
0.06
  1
1#1.5
 50
87.92636023322235
 72
2
 11
-45236.58177227154
 21
56424.19445414679
 31
0.0
100
AcDbText
 73
2
  0
TEXT
  5
934
330
17
100
AcDbEntity
  8
FIAÇÃO_COMERCIAL
100
AcDbText
 10
-45236.57381180452
 20
56424.41431007909
 30
0.0
 40
0.06
  1
03b
 50
87.92636023322235
 11
-45236.57381180452
 21
56424.41431007909
 31
0.0
100
AcDbText
 73
2
  0
LINE
  5
935
330
17
100
AcDbEntity
  8
FIAÇÃO_COMERCIAL
100
AcDbLine
 10
-45242.08670252168
 20
56425.68234951462
 30
0.0
 11
-45242.06249617709
 21
56425.52419119873
 31
0.0
  0
LINE
  5
936
330
17
100
AcDbEntity
  8
FIAÇÃO_COMERCIAL
100
AcDbLine
 10
-45241.956333317765
 20
56425.623552823
 30
0.0
 11
-45241.94119738099
 21
56425.544997725025
 31
0.0
  0
TEXT
  5
937
330
17
100
AcDbEntity
  8
FIAÇÃO_COMERCIAL
100
AcDbText
 10
-45242.05795748747
 20
56425.49453651451
 30
0.0
 40
0.06
  1
1#1.5
 50
-81.29832872942097
 11
-45242.05795748747
 21
56425.49453651451
 31
0.0
100
AcDbText
 73
2
  0
TEXT
  5
938
330
17
100
AcDbEntity
  8
FIAÇÃO_COMERCIAL
100
AcDbText
 10
-45242.091241211296
 20
56425.71200419884
 30
0.0
 40
0.06
  1
03
 50
-81.29832872942097
 72
2
 11
-45242.091241211296
 21
56425.71200419884
 31
0.0
100
AcDbText
 73
2
  0
TEXT
  5
939
330
17
100
AcDbEntity
  8
FIAÇÃO_COMERCIAL
100
AcDbText
 10
-45241.9355214047
 20
56425.51553956328
 30
0.0
 40
0.06
  1
1#1.5
 50
-79.09394531362818
 11
-45241.9355214047
 21
56425.51553956328
 31
0.0
100
AcDbText
 73
2
  0
TEXT
  5
93A
330
17
100
AcDbEntity
  8
FIAÇÃO_COMERCIAL
100
AcDbText
 10
-45241.97714523083
 20
56425.73156608272
 30
0.0
 40
0.06
  1
03a
 50
-79.09394531362818
 72
2
 11
-45241.97714523083
 21
56425.73156608272
 31
0.0
100
AcDbText
 73
2
  0
TEXT
  5
93B
330
17
100
AcDbEntity
  8
LUMINOTÉCNICO
100
AcDbText
 10
-45254.088501632024
 20
56439.52199886899
 30
0.0
 40
0.2466
  1
-01a-
100
AcDbText
  0
TEXT
  5
93C
330
17
100
AcDbEntity
  8
LUMINOTÉCNICO
100
AcDbText
 10
-45253.968501632015
 20
56439.053998868985
 30
0.0
 40
0.2466
  1
79,5
100
AcDbText
  0
TEXT
  5
93D
330
17
100
AcDbEntity
  8
LUMINOTÉCNICO
100
AcDbText
 10
-45254.488501632026
 20
56442.531998868995
 30
0.0
 40
0.2466
  1
-01a-
100
AcDbText
  0
TEXT
  5
93E
330
17
100
AcDbEntity
  8
LUMINOTÉCNICO
100
AcDbText
 10
-45254.368501632016
 20
56442.063998868995
 30
0.0
 40
0.2466
  1
79,5
100
AcDbText
  0
TEXT
  5
93F
330
17
100
AcDbEntity
  8
LUMINOTÉCNICO
100
AcDbText
 10
-45225.08725163202
 20
56439.96449886899
 30
0.0
 40
0.2466
  1
-02a-
100
AcDbText
  0
TEXT
  5
940
330
17
100
AcDbEntity
  8
LUMINOTÉCNICO
100
AcDbText
 10
-45224.96725163202
 20
56439.49649886899
 30
0.0
 40
0.2466
  1
79,5
100
AcDbText
  0
TEXT
  5
941
330
17
100
AcDbEntity
  8
LUMINOTÉCNICO
100
AcDbText
 10
-45217.651001632024
 20
56433.80399886899
 30
0.0
 40
0.2466
  1
79,5
100
AcDbText
  0
TEXT
  5
942
330
17
100
AcDbEntity
  8
LUMINOTÉCNICO
100
AcDbText
 10
-45217.77100163204
 20
56434.271998869
 30
0.0
 40
0.2466
  1
-05a-
100
AcDbText
  0
TEXT
  5
943
330
17
100
AcDbEntity
  8
LUMINOTÉCNICO
100
AcDbText
 10
-45215.43433496537
 20
56440.08628458328
 30
0.0
 40
0.2466
  1
-05a-
100
AcDbText
  0
TEXT
  5
944
330
17
100
AcDbEntity
  8
LUMINOTÉCNICO
100
AcDbText
 10
-45215.31433496536
 20
56439.61828458327
 30
0.0
 40
0.2466
  1
79,5
100
AcDbText
  0
ENDSEC
  0
SECTION
  2
OBJECTS
  0
DICTIONARY
  5
A
330
0
100
AcDbDictionary
281
1
  3
ACAD_COLOR
350
B
  3
ACAD_GROUP
350
C
  3
ACAD_LAYOUT
350
D
  3
ACAD_MATERIAL
350
E
  3
ACAD_MLEADERSTYLE
350
F
  3
ACAD_MLINESTYLE
350
10
  3
ACAD_PLOTSETTINGS
350
11
  3
ACAD_PLOTSTYLENAME
350
12
  3
ACAD_SCALELIST
350
14
  3
ACAD_TABLESTYLE
350
15
  3
ACAD_VISUALSTYLE
350
16
  3
EZDXF_META
350
2D
  0
DICTIONARY
  5
B
330
A
100
AcDbDictionary
281
1
  0
DICTIONARY
  5
C
330
A
100
AcDbDictionary
281
1
  0
DICTIONARY
  5
D
330
A
100
AcDbDictionary
281
1
  3
Model
350
1A
  3
Layout1
350
1E
  0
DICTIONARY
  5
E
330
A
100
AcDbDictionary
281
1
  3
ByBlock
350
1F
  3
ByLayer
350
20
  3
Global
350
21
  0
DICTIONARY
  5
F
330
A
100
AcDbDictionary
281
1
  3
Standard
350
2C
  0
DICTIONARY
  5
10
330
A
100
AcDbDictionary
281
1
  3
Standard
350
22
  0
DICTIONARY
  5
11
330
A
100
AcDbDictionary
281
1
  0
ACDBDICTIONARYWDFLT
  5
12
330
A
100
AcDbDictionary
281
1
  3
Normal
350
13
100
AcDbDictionaryWithDefault
340
13
  0
ACDBPLACEHOLDER
  5
13
330
12
  0
DICTIONARY
  5
14
330
A
100
AcDbDictionary
281
1
  0
DICTIONARY
  5
15
330
A
100
AcDbDictionary
281
1
  0
DICTIONARY
  5
16
330
A
100
AcDbDictionary
281
1
  0
LAYOUT
  5
1A
330
D
100
AcDbPlotSettings
  1

  4
A3
  6

 40
7.5
 41
20.0
 42
7.5
 43
20.0
 44
420.0
 45
297.0
 46
0.0
 47
0.0
 48
0.0
 49
0.0
140
0.0
141
0.0
142
1.0
143
1.0
 70
1024
 72
1
 73
0
 74
5
  7

 75
16
 76
0
 77
2
 78
300
147
1.0
148
0.0
149
0.0
100
AcDbLayout
  1
Model
 70
1
 71
0
 10
0.0
 20
0.0
 11
420.0
 21
297.0
 12
0.0
 22
0.0
 32
0.0
 14
1e+20
 24
1e+20
 34
1e+20
 15
-1e+20
 25
-1e+20
 35
-1e+20
146
0.0
 13
0.0
 23
0.0
 33
0.0
 16
1.0
 26
0.0
 36
0.0
 17
0.0
 27
1.0
 37
0.0
 76
1
330
17
  0
LAYOUT
  5
1E
330
D
100
AcDbPlotSettings
  1

  4
A3
  6

 40
7.5
 41
20.0
 42
7.5
 43
20.0
 44
420.0
 45
297.0
 46
0.0
 47
0.0
 48
0.0
 49
0.0
140
0.0
141
0.0
142
1.0
143
1.0
 70
0
 72
1
 73
0
 74
5
  7

 75
16
 76
0
 77
2
 78
300
147
1.0
148
0.0
149
0.0
100
AcDbLayout
  1
Layout1
 70
1
 71
1
 10
0.0
 20
0.0
 11
420.0
 21
297.0
 12
0.0
 22
0.0
 32
0.0
 14
1e+20
 24
1e+20
 34
1e+20
 15
-1e+20
 25
-1e+20
 35
-1e+20
146
0.0
 13
0.0
 23
0.0
 33
0.0
 16
1.0
 26
0.0
 36
0.0
 17
0.0
 27
1.0
 37
0.0
 76
1
330
1B
  0
MATERIAL
  5
1F
102
{ACAD_REACTORS
330
E
102
}
330
E
100
AcDbMaterial
  1
ByBlock
  2

 70
0
 40
1.0
 71
1
 41
1.0
 91
-1023410177
 42
1.0
 72
1
  3

 73
1
 74
1
 75
1
 44
0.5
 73
0
 45
1.0
 46
1.0
 77
1
  4

 78
1
 79
1
170
1
 48
1.0
171
1
  6

172
1
173
1
174
1
140
1.0
141
1.0
175
1
  7

176
1
177
1
178
1
143
1.0
179
1
  8

270
1
271
1
272
1
145
1.0
146
1.0
273
1
  9

274
1
275
1
276
1
 42
1.0
 72
1
  3

 73
1
 74
1
 75
1
 94
63
  0
MATERIAL
  5
20
102
{ACAD_REACTORS
330
E
102
}
330
E
100
AcDbMaterial
  1
ByLayer
  2

 70
0
 40
1.0
 71
1
 41
1.0
 91
-1023410177
 42
1.0
 72
1
  3

 73
1
 74
1
 75
1
 44
0.5
 73
0
 45
1.0
 46
1.0
 77
1
  4

 78
1
 79
1
170
1
 48
1.0
171
1
  6

172
1
173
1
174
1
140
1.0
141
1.0
175
1
  7

176
1
177
1
178
1
143
1.0
179
1
  8

270
1
271
1
272
1
145
1.0
146
1.0
273
1
  9

274
1
275
1
276
1
 42
1.0
 72
1
  3

 73
1
 74
1
 75
1
 94
63
  0
MATERIAL
  5
21
102
{ACAD_REACTORS
330
E
102
}
330
E
100
AcDbMaterial
  1
Global
  2

 70
0
 40
1.0
 71
1
 41
1.0
 91
-1023410177
 42
1.0
 72
1
  3

 73
1
 74
1
 75
1
 44
0.5
 73
0
 45
1.0
 46
1.0
 77
1
  4

 78
1
 79
1
170
1
 48
1.0
171
1
  6

172
1
173
1
174
1
140
1.0
141
1.0
175
1
  7

176
1
177
1
178
1
143
1.0
179
1
  8

270
1
271
1
272
1
145
1.0
146
1.0
273
1
  9

274
1
275
1
276
1
 42
1.0
 72
1
  3

 73
1
 74
1
 75
1
 94
63
  0
MLINESTYLE
  5
22
102
{ACAD_REACTORS
330
10
102
}
330
10
100
AcDbMlineStyle
  2
Standard
 70
0
  3

 62
256
 51
90.0
 52
90.0
 71
2
 49
0.5
 62
256
  6
BYLAYER
 49
-0.5
 62
256
  6
BYLAYER
  0
MLEADERSTYLE
  5
2C
102
{ACAD_REACTORS
330
F
102
}
330
F
100
AcDbMLeaderStyle
179
2
170
2
171
1
172
0
 90
2
 40
0.0
 41
0.0
173
1
 91
-1056964608
 92
-2
290
1
 42
2.0
291
1
 43
8.0
  3
Standard
 44
4.0
300

342
29
174
1
175
1
176
0
178
1
 93
-1056964608
 45
4.0
292
0
297
0
 46
4.0
 94
-1056964608
 47
1.0
 49
1.0
140
1.0
294
1
141
0.0
177
0
142
1.0
295
0
296
0
143
3.75
271
0
272
9
273
9
  0
DICTIONARY
  5
2D
330
A
100
AcDbDictionary
280
1
281
1
  3
CREATED_BY_EZDXF
350
2E
  3
WRITTEN_BY_EZDXF
350
729
  0
DICTIONARYVAR
  5
2E
330
2D
100
DictionaryVariables
280
0
  1
1.4.4 @ 2026-10-07T08:45:18.277819+00:00
  0
DICTIONARYVAR
  5
729
330
2D
100
DictionaryVariables
280
0
  1
1.4.4 @ 2026-10-07T09:10:13.883130+00:00
  0
ENDSEC
  0
EOF
